unit,condition,n_cycle_spikes,fr_peak_hz,fr_trough_hz,mod_depth,mod_depth_norm,mod_depth_fourier,vs,ppc,rayleigh_p,pref_phase_deg,reliable,rayleigh_q,locked,label,region,depth_um,fr_hz
1,flicker_40Hz,1973,9.0625,7.291666666666666,1.2428571428571429,0.10828025477707011,0.03489110125270389,0.017445550626351947,-0.000202597820525614,0.5486082713074895,301.70531543764645,True,0.8359745086590316,False,mua,CTX,72.90603637695312,7.531064652636566
0,flicker_40Hz,812,3.8541666666666665,2.7430555555555554,1.4050632911392404,0.16842105263157897,0.08346556691943369,0.04173278345971684,0.0005107270959556594,0.24318214497813723,351.9609490324983,True,0.7341347772924898,False,mua,CTX,73.41268920898438,3.241728501980669
3,flicker_40Hz,3814,16.631944444444443,14.583333333333334,1.1404761904761904,0.0656284760845383,0.0018916833170693759,0.0009458416585346879,-0.00026136583605725755,0.9965941923381803,333.37791902338284,True,0.9965941923381803,False,mua,CTX,79.40536499023438,15.250445483811427
2,flicker_40Hz,1109,5.555555555555555,3.923611111111111,1.415929203539823,0.17216117216117213,0.042445550722455046,0.021222775361227523,-0.00045171437799391994,0.606936231436209,291.47608027834366,True,0.8795603382774275,False,mua,CTX,81.89913940429688,4.824613019484289
6,flicker_40Hz,927,4.340277777777779,3.159722222222222,1.373626373626374,0.15740740740740755,0.06730956481404929,0.033654782407024644,5.3953930029255685e-05,0.35004543522691445,348.52130008432374,True,0.7489160628920196,False,mua,CTX,125.71984100341797,3.673747970392055
5,flicker_40Hz,1271,5.972222222222222,4.444444444444445,1.34375,0.14666666666666664,0.057038513528688994,0.028519256764344497,2.658686308855471e-05,0.35573512987370937,255.21093820900452,True,0.7489160628920196,False,mua,CTX,125.89278411865234,5.509039466692802
4,flicker_40Hz,607,3.1944444444444446,1.7708333333333333,1.8039215686274512,0.2867132867132868,0.11555930475137417,0.057779652375687086,0.0016938322686365216,0.13179804902710987,32.1162141321021,True,0.5903036006369856,False,mua,CTX,130.6201171875,2.44929718766931
7,flicker_40Hz,367,2.0138888888888893,1.1458333333333333,1.757575757575758,0.27472527472527486,0.19595505104295152,0.09797752552147576,0.006893583473178407,0.02940121327289608,224.4199745673043,True,0.2767173013919631,False,mua,CTX,186.6515655517578,1.428591850213839
8,flicker_40Hz,710,3.4027777777777777,2.1527777777777777,1.5806451612903225,0.225,0.09976850990269756,0.04988425495134878,0.0010815114433798693,0.17090516725449187,301.0725403370702,True,0.6054553020189495,False,mua,CTX,218.69528198242188,2.2700803202788724
9,flicker_40Hz,530,2.6041666666666665,1.8055555555555556,1.4423076923076923,0.18110236220472437,0.00691554086308303,0.003457770431541515,-0.0018783803904171292,0.9936891775150094,243.09448027771228,True,0.9965941923381803,False,mua,CTX,250.51275634765625,2.1213263641225715
10,flicker_40Hz,824,4.340277777777778,2.5347222222222223,1.7123287671232876,0.2626262626262626,0.11801738816887608,0.05900869408443804,0.0022711900431371247,0.05670193738065814,204.68454236532668,True,0.3628923992362121,False,mua,CTX,305.61083984375,3.4233191027140264
11,flicker_40Hz,535,2.7777777777777777,1.875,1.4814814814814814,0.19402985074626863,0.06354823918866935,0.031774119594334675,-0.0008611738733008065,0.5828853066554587,132.8493124297196,True,0.8716041968679755,False,mua,CTX,331.4168395996094,2.361073431757461
13,flicker_40Hz,633,3.2638888888888884,2.1875,1.4920634920634919,0.19745222929936299,0.04387106908204943,0.021935534541024714,-0.0011003494641533083,0.737583995382329,299.5728857547437,True,0.9082033153843198,False,mua,CTX,385.3935546875,2.588556210453932
12,flicker_40Hz,702,3.7152777777777777,2.326388888888889,1.5970149253731343,0.2298850574712644,0.15751257458510534,0.07875628729255267,0.0047848674140530375,0.012805874037011705,6.425663087858065,True,0.1904212882599528,False,mua,CTX,388.285888671875,3.331139124563978
14,flicker_40Hz,3533,16.73611111111111,13.680555555555555,1.2233502538071066,0.1004566210045662,0.03860224848994274,0.01930112424497137,8.951316308729609e-05,0.2681800217813476,333.1019657182315,True,0.7398069566382002,False,mua,CTX,424.4336242675781,14.317172657820166
16,flicker_40Hz,279,1.527777777777778,0.7986111111111112,1.9130434782608696,0.3134328358208955,0.11799026487881097,0.05899513243940548,-0.00010417713388311178,0.37902864427712735,277.622688370404,True,0.7550159097522346,False,mua,CTX,424.6138000488281,1.240275671675543
17,flicker_40Hz,222,1.1458333333333335,0.625,1.8333333333333335,0.2941176470588236,0.16981126525417423,0.08490563262708711,0.002716699331678305,0.20196327906236575,275.7526086378666,True,0.6594719316322146,False,mua,CTX,462.4216613769531,1.0749055821188038
18,flicker_40Hz,773,4.097222222222222,2.6388888888888893,1.5526315789473681,0.2164948453608247,0.05179221108469283,0.025896105542346413,-0.0006238598417263647,0.5956322199928992,265.58538397612926,True,0.874322524760219,False,mua,CTX,463.1156005859375,3.9332761492179418
19,flicker_40Hz,5104,23.95833333333333,17.98611111111111,1.3320463320463318,0.1423841059602648,0.10572603737326518,0.05286301868663259,0.002599083204538764,6.33693738368202e-07,22.86738045238425,True,0.00010139099813891232,True,mua,CTX,464.17071533203125,20.402238082394817
21,flicker_40Hz,1641,8.229166666666668,5.625,1.4629629629629632,0.18796992481203015,0.0557747842912609,0.02788739214563045,0.00016842475448946613,0.279130500516548,29.388747996653365,True,0.7407560793415142,False,mua,CTX,488.3040771484375,6.508776826285816
22,flicker_40Hz,137,0.8680555555555556,0.3472222222222222,2.5,0.42857142857142866,0.17813375661482025,0.08906687830741013,0.0006382978468051444,0.3379028425207352,255.60317598787503,False,0.7489160628920196,False,mua,CTX,503.4034729003906,0.5598054467052291
24,flicker_40Hz,2902,13.819444444444443,10.48611111111111,1.3178807947019866,0.1371428571428571,0.08762681291817813,0.043813406459089065,0.0015755675723075511,0.00380120757306857,333.1703236446709,True,0.0868847445272816,False,mua,CTX,505.1506652832031,10.605444953941397
28,flicker_40Hz,1811,8.506944444444443,6.666666666666667,1.2760416666666663,0.12128146453089232,0.0700923728695885,0.03504618643479425,0.0006764275787514299,0.10813197311896514,22.640533773425016,True,0.5395454610063842,False,mua,CTX,512.4619750976562,7.116848184297078
26,flicker_40Hz,151,0.9027777777777777,0.3125,2.8888888888888884,0.48571428571428565,0.3382474296139637,0.16912371480698185,0.02212684978284742,0.013091463567871756,323.14368354909334,False,0.1904212882599528,False,mua,CTX,548.7279663085938,0.7591990475104838
33,flicker_40Hz,5351,24.34027777777778,20.3125,1.1982905982905983,0.09020217729393469,0.02403469986282653,0.012017349931413264,-4.2472194700844954e-05,0.4617510198231771,1.4707761380263473,True,0.7859591826777483,False,mua,CTX,553.48486328125,22.320214623473934
31,flicker_40Hz,2738,13.055555555555555,10.277777777777779,1.2702702702702702,0.119047619047619,0.05022729676557345,0.025113648382786725,0.000265562231453433,0.1778524949680664,314.23098705363753,True,0.6054553020189495,False,mua,CTX,584.6793823242188,10.041683284997967
29,flicker_40Hz,146,0.8333333333333334,0.3472222222222222,2.4000000000000004,0.411764705882353,0.1586593490384659,0.07932967451923295,-0.0005599531044013398,0.39967393086355857,267.63605583575014,False,0.7550159097522346,False,mua,CTX,588.9581298828125,0.6401167581406789
34,flicker_40Hz,4949,23.15972222222222,18.194444444444443,1.2729007633587788,0.12006717044500423,0.05185505556768814,0.02592752778384407,0.0004702706979312749,0.03589624936627682,46.955554783062226,True,0.2958024921501232,False,mua,CTX,612.848876953125,18.62272931965268
37,flicker_40Hz,5885,28.229166666666668,20.90277777777778,1.350498338870432,0.1491166077738516,0.015941447855112503,0.007970723927556251,-0.00010640917590346109,0.6880714582891029,354.00987689302144,True,0.9003596476244511,False,mua,CTX,626.8199462890625,25.036556812221708
36,flicker_40Hz,4957,25.381944444444443,17.5,1.4503968253968254,0.1838056680161943,0.04508728412719301,0.022543642063596506,0.00030654271754754876,0.08051661744656989,231.77055654724566,True,0.46009495683754226,False,mua,CTX,626.8485717773438,21.47200057560396
38,flicker_40Hz,865,4.236111111111112,2.673611111111111,1.5844155844155845,0.2261306532663317,0.12195216071946607,0.06097608035973304,0.0025649783047125892,0.04006415903743483,307.7594976108401,True,0.2958024921501232,False,mua,CTX,649.0108642578125,3.854151704453952
39,flicker_40Hz,6801,30.3125,26.180555555555557,1.1578249336870026,0.07314074984634293,0.03662745891327216,0.01831372945663608,0.00018838318553536165,0.10217898734079099,16.666329513184717,True,0.5395454610063842,False,mua,CTX,654.4733276367188,26.821999908321143
40,flicker_40Hz,790,3.958333333333333,2.3611111111111107,1.6764705882352944,0.2527472527472528,0.18142568271740137,0.09071284135870068,0.0069718218935631805,0.0014883921283981793,9.039899850241621,True,0.03969045675728478,True,mua,CTX,700.1046752929688,3.5578306588128092
42,flicker_40Hz,1425,7.118055555555555,4.895833333333333,1.4539007092198581,0.18497109826589594,0.1028099519225146,0.0514049759612573,0.001942080030792032,0.023128505165594258,321.76443881218506,True,0.2643257733210772,False,mua,CTX,702.7573852539062,6.617177315612482
41,flicker_40Hz,879,4.479166666666666,2.7777777777777777,1.6124999999999998,0.23444976076555019,0.1868886834174017,0.09344434170870085,0.007602837987118888,0.00045841853461393866,332.01902553760266,True,0.016324414466616387,True,mua,CTX,707.9666137695312,4.056314660825946
48,flicker_40Hz,3724,16.59722222222222,14.6875,1.1300236406619384,0.06104328523862373,0.019440619673197716,0.009720309836598858,-0.00017409078902988302,0.7034059747066024,178.675201772811,True,0.9003596476244511,False,mua,CTX,727.296875,13.284203031426276
46,flicker_40Hz,1093,6.076388888888888,3.4374999999999996,1.7676767676767677,0.2773722627737227,0.2202580018739587,0.11012900093697935,0.011223752522145856,1.6902048946923206e-06,358.7482872926316,True,0.00013521639157538566,True,mua,CTX,730.2316284179688,2.675593099694321
47,flicker_40Hz,1913,9.340277777777779,7.222222222222221,1.293269230769231,0.12788259958071288,0.08730710533948113,0.04365355266974057,0.0013836167781901745,0.02608852438042612,359.9269430254462,True,0.2767173013919631,False,mua,CTX,742.1814575195312,6.9206195612823835
44,flicker_40Hz,561,2.9513888888888893,2.013888888888889,1.4655172413793105,0.18881118881118886,0.11544682990043012,0.05772341495021506,0.0015522283346459873,0.15425643999810573,16.35579590319818,True,0.5958270516951036,False,mua,CTX,743.8521728515625,2.5394990547002583
43,flicker_40Hz,1894,9.097222222222221,7.291666666666667,1.2476190476190474,0.11016949152542366,0.06791986076309128,0.03395993038154564,0.0006256240859259345,0.11254979305191806,336.22612339973364,True,0.5395454610063842,False,mua,CTX,749.934326171875,7.295273807239876
52,flicker_40Hz,3130,13.993055555555554,11.70138888888889,1.1958456973293767,0.0891891891891891,0.06396771534506149,0.031983857672530744,0.0007037031590157502,0.040672842670641945,55.10855547097844,True,0.2958024921501232,False,mua,CTX,765.3553466796875,12.685230984562873
51,flicker_40Hz,360,1.9444444444444446,1.2152777777777777,1.6000000000000003,0.23076923076923087,0.09196749761599765,0.045983748807998825,-0.0006651201793945181,0.46740123140203454,307.8700391881033,True,0.7872020739402686,False,mua,CTX,770.325439453125,1.7019668068734244
54,flicker_40Hz,486,2.673611111111111,1.3541666666666667,1.9743589743589742,0.3275862068965517,0.10137353205681388,0.05068676602840694,0.0005125897932028359,0.28704298074483675,315.71234363988583,True,0.7407560793415142,False,mua,CTX,809.6605224609375,2.1735484976668045
53,flicker_40Hz,2968,13.368055555555555,11.07638888888889,1.206896551724138,0.09374999999999999,0.014012197213267442,0.007006098606633721,-0.0002879388204611807,0.8644491739449549,310.4836366338841,True,0.9667465768064952,False,mua,CTX,810.2553100585938,12.138085449019883
61,flicker_40Hz,1476,6.631944444444444,5.486111111111111,1.2088607594936709,0.09455587392550142,0.011973718676453507,0.005986859338226754,-0.000642099316969551,0.9484880714882306,61.60678682099346,True,0.9792478282420495,False,mua,CTX,847.1752319335938,7.789801587014813
59,flicker_40Hz,328,1.7361111111111112,0.8680555555555556,2.0,0.3333333333333333,0.030903014047572737,0.015451507023786368,-0.0028186247867510485,0.9247839325116292,329.5211455566462,True,0.9734567710648728,False,mua,CTX,851.4287719726562,1.57892829526542
60,flicker_40Hz,787,3.75,2.5694444444444446,1.4594594594594594,0.1868131868131868,0.09505590275914784,0.04752795137957392,0.0009895154577110753,0.1690376880999366,352.46995318912536,True,0.6054553020189495,False,mua,CTX,855.4642944335938,2.9335387896249285
62,flicker_40Hz,20,0.20833333333333334,0.0,inf,1.0,0.31726203096185723,0.15863101548092862,-0.026143369397357247,0.6101949846799654,10.545484311383287,False,0.8795603382774275,False,mua,CTX,877.8511352539062,0.22748277869647118
63,flicker_40Hz,1525,7.395833333333334,5.138888888888889,1.4391891891891893,0.18005540166204986,0.04690346072202445,0.023451730361012224,-0.00010582344041235278,0.4323302934496232,3.6547710795081803,True,0.7859591826777483,False,mua,CTX,891.9421997070312,7.175400273422431
68,flicker_40Hz,294,1.7361111111111112,0.7986111111111112,2.1739130434782608,0.3698630136986301,0.04959218503336519,0.024796092516682595,-0.0027960246279720496,0.8348647563702196,16.7042468803333,True,0.9620650954855664,False,mua,CTX,932.6470336914062,1.1904272714742292
69,flicker_40Hz,2764,12.534722222222221,10.104166666666666,1.2405498281786942,0.10736196319018405,0.041599777425318375,0.020799888712659188,7.086650884860492e-05,0.30248693879588207,253.6345251689374,True,0.7445832339590943,False,mua,CTX,933.3778076171875,10.307937041628794
70,flicker_40Hz,1396,7.048611111111111,4.722222222222222,1.4926470588235292,0.19764011799410028,0.11460650023794094,0.05730325011897047,0.0025691704759709076,0.010192360791395941,326.20604178701376,True,0.1904212882599528,False,mua,CTX,967.37646484375,6.150343091504941
71,flicker_40Hz,736,3.5416666666666665,2.604166666666667,1.3599999999999999,0.15254237288135586,0.08558106237964616,0.04279053118982308,0.0004729765384997489,0.2599310015998696,5.6223426732619215,True,0.7398069566382002,False,mua,CTX,967.621337890625,3.0834796124526895
73,flicker_40Hz,891,4.375,3.194444444444444,1.3695652173913044,0.15596330275229361,0.03700606674163292,0.01850303337081646,-0.0007808485850178664,0.7371972793405582,340.31361198315307,True,0.9082033153843198,False,mua,CTX,983.28515625,3.9127037935793045
74,flicker_40Hz,782,3.9236111111111116,2.6736111111111107,1.467532467532468,0.18947368421052646,0.10016295389466157,0.05008147694733078,0.001230956067327466,0.1406680449582809,339.94794658731035,True,0.5958270516951036,False,mua,CTX,1005.5782470703125,3.369514480274513
75,flicker_40Hz,548,2.847222222222222,1.7013888888888888,1.673469387755102,0.25190839694656486,0.08799996044351573,0.04399998022175786,0.00011138399673540321,0.346292145116548,328.32870896327535,True,0.7489160628920196,False,mua,CTX,1006.634033203125,2.170383519876245
76,flicker_40Hz,1143,5.486111111111112,3.9583333333333335,1.3859649122807018,0.16176470588235298,0.05927441128901877,0.029637205644509387,3.4763611806263682e-06,0.36650200577523745,243.9950572301506,True,0.7550159097522346,False,mua,HPC,1066.022705078125,4.6683422410754085
80,flicker_40Hz,948,4.618055555555555,3.229166666666667,1.4301075268817203,0.17699115044247782,0.13567384617346617,0.06783692308673309,0.003550741320922728,0.01271116054609198,337.4304096213662,True,0.1904212882599528,False,mua,HPC,1105.8084716796875,3.7702797930041223
78,flicker_40Hz,261,1.4930555555555558,0.7638888888888888,1.954545454545455,0.3230769230769232,0.12045542526175984,0.06022771263087992,-0.00020482502598773234,0.38837245910725177,62.40624610306108,True,0.7550159097522346,False,mua,HPC,1107.63916015625,1.1338532934679764
82,flicker_40Hz,402,2.0833333333333335,1.3194444444444444,1.5789473684210529,0.2244897959183674,0.031173542300296092,0.015586771150148046,-0.0022502122971954884,0.9070574805573475,241.30074270617249,True,0.9667465768064952,False,mua,HPC,1147.5198974609375,1.555190961836223
81,flicker_40Hz,659,3.4722222222222223,2.1875,1.5873015873015874,0.22699386503067487,0.02817898510113856,0.01408949255056928,-0.0013209413458675553,0.877456505650894,293.1073904794931,True,0.9667465768064952,False,mua,HPC,1149.5631103515625,2.717924677643056
84,flicker_40Hz,340,2.048611111111111,0.7638888888888888,2.681818181818182,0.45679012345679015,0.22011252263558476,0.11005626131779238,0.009198257884321739,0.016169102008446817,319.5470167345763,True,0.2155880267792909,False,mua,HPC,1173.6036376953125,1.4697365614911138
83,flicker_40Hz,908,4.201388888888889,3.1597222222222223,1.3296703296703298,0.14150943396226418,0.06963832771420479,0.034819163857102396,0.00011117502525979421,0.33268366284782963,329.3030070483362,True,0.7489160628920196,False,mua,HPC,1176.2711181640625,3.6278557924289405
88,flicker_40Hz,2010,9.097222222222221,7.638888888888888,1.190909090909091,0.0871369294605809,0.029567679374285703,0.014783839687142851,-0.0002790893723498101,0.6445362674476622,52.86020130196828,True,0.89674611123153,False,mua,HPC,1212.61376953125,8.199666210892282
91,flicker_40Hz,538,2.673611111111111,1.9097222222222223,1.4,0.16666666666666663,0.06268760432417404,0.03134380216208702,-0.0008779339730370291,0.5896723625254449,313.44324597723113,True,0.8735886852228814,False,mua,HPC,1268.5537109375,2.0916546973360752
92,flicker_40Hz,2438,10.902777777777779,9.409722222222223,1.1586715867158672,0.07350427350427349,0.03461812118582248,0.01730906059291124,-0.00011061406456753407,0.48174592125464505,43.483005237951794,True,0.7899714129680911,False,mua,HPC,1271.423828125,9.851388995340573
95,flicker_40Hz,856,4.027777777777778,2.9861111111111107,1.3488372093023258,0.14851485148514856,0.028959238437300416,0.014479619218650208,-0.0009596860549171446,0.8357940517030857,15.798758788964559,True,0.9620650954855664,False,mua,HPC,1286.162841796875,3.543983880979111
94,flicker_40Hz,789,3.9930555555555554,2.7430555555555554,1.4556962025316456,0.18556701030927836,0.05694925286744106,0.02847462643372053,-0.00045720224292384573,0.5275830600371242,168.48955670789724,True,0.8195465010285424,False,mua,HPC,1306.9345703125,3.0122676121650986
93,flicker_40Hz,6332,27.916666666666664,24.756944444444443,1.1276297335203367,0.05998681608437705,0.020254367178622137,0.010127183589311068,-5.53768829468325e-05,0.5223725094756604,325.7711244266865,True,0.8195465010285424,False,mua,HPC,1309.1307373046875,26.173970705704065
99,flicker_40Hz,3447,15.729166666666666,13.229166666666666,1.188976377952756,0.08633093525179857,0.021753903955942348,0.010876951977971174,-0.00017184911007275952,0.6651379086240182,340.58484925552347,True,0.9003596476244511,False,mua,HPC,1343.5479736328125,13.857855255965205
96,flicker_40Hz,534,3.0208333333333335,1.875,1.6111111111111112,0.23404255319148937,0.07629867741622545,0.038149338708112726,-0.00041807003485064086,0.45991028290018393,292.9113678077997,True,0.7859591826777483,False,mua,HPC,1344.404052734375,2.0236076748390435
102,flicker_40Hz,1516,6.944444444444445,5.520833333333334,1.2578616352201257,0.11420612813370469,0.018597566591521186,0.009298783295760593,-0.0005735415616470108,0.8771790499162307,252.6805138972215,True,0.9667465768064952,False,mua,HPC,1346.02197265625,6.199400247258614
100,flicker_40Hz,207,1.2847222222222223,0.5208333333333333,2.4666666666666672,0.4230769230769232,0.18667573916422808,0.09333786958211404,0.003899880023846797,0.16481260035931902,31.73374650059745,True,0.6054553020189495,False,mua,HPC,1348.2078857421875,0.773837069791822
106,flicker_40Hz,921,4.583333333333334,3.2986111111111107,1.3894736842105266,0.16299559471365652,0.055158310562547885,0.027579155281273943,-0.0003255199659213484,0.4964489738206934,243.3927484258632,True,0.8023417758718278,False,mua,HPC,1364.9876708984375,3.545961992098211
107,flicker_40Hz,6148,27.638888888888886,23.71527777777778,1.165446559297218,0.07640297498309662,0.005840498787604385,0.0029202493938021924,-0.00015415173875105436,0.9489253833550392,183.95716994125033,True,0.9792478282420495,False,mua,HPC,1366.1378173828125,23.43151745018417
104,flicker_40Hz,464,2.5347222222222223,1.3194444444444444,1.9210526315789476,0.3153153153153153,0.1755754201680522,0.0877877100840261,0.005563499929576275,0.027905118040134604,333.7765520703035,True,0.2767173013919631,False,mua,HPC,1370.7872314453125,1.6635914511628893
112,flicker_40Hz,1293,6.354166666666666,4.722222222222222,1.3455882352941175,0.1473354231974921,0.06258523796600744,0.03129261898300372,0.00020599211117675736,0.2819678742783166,222.84625219870188,True,0.7407560793415142,False,mua,HPC,1395.1429443359375,4.780698952640274
111,flicker_40Hz,448,2.326388888888889,1.4583333333333335,1.5952380952380951,0.22935779816513754,0.09930170853474886,0.04965085426737443,0.00023358586936703365,0.33158839030777243,183.05468115967838,True,0.7489160628920196,False,mua,HPC,1396.742431640625,2.2692890758312325
115,flicker_40Hz,7629,33.541666666666664,29.51388888888889,1.1364705882352941,0.06387665198237881,0.010211615477789622,0.005105807738894811,-0.00010502327200141949,0.8196558324664218,258.13467950617337,True,0.9572622860921716,False,mua,HPC,1410.151611328125,27.26034933231365
110,flicker_40Hz,711,3.7152777777777772,2.2569444444444446,1.6461538461538459,0.2441860465116278,0.10420471689350026,0.05210235844675013,0.0013100285102991467,0.14513763405311247,39.68423672785312,True,0.5958270516951036,False,mua,HPC,1414.1494140625,2.6475039218031045
114,flicker_40Hz,2610,11.840277777777779,9.930555555555555,1.1923076923076925,0.08771929824561407,0.03443386033268392,0.01721693016634196,-8.675231653486552e-05,0.46136198296832676,337.92223089213843,True,0.7859591826777483,False,mua,HPC,1418.731201171875,10.58289448718366
113,flicker_40Hz,2614,12.01388888888889,9.027777777777779,1.3307692307692307,0.14191419141914188,0.06859994094863513,0.03429997047431756,0.0007942363434539203,0.046159339210867,0.14860926593854842,True,0.32110844668429217,False,mua,HPC,1419.045654296875,10.331278752834171
118,flicker_40Hz,2068,9.895833333333332,7.8125,1.2666666666666666,0.11764705882352935,0.07026676589227299,0.03513338294613649,0.0007511588326521825,0.07786210424092739,3.31042267619132,True,0.46009495683754226,False,mua,HPC,1436.7525634765625,8.014515010144544
120,flicker_40Hz,1529,6.875,5.798611111111111,1.18562874251497,0.08493150684931511,0.027196645526773998,0.013598322763386999,-0.00046941486253716374,0.7537800066849238,354.0722986938048,True,0.9136727353756652,False,mua,HPC,1439.46923828125,6.3972113591685895
122,flicker_40Hz,1895,8.819444444444445,7.013888888888888,1.2574257425742574,0.1140350877192983,0.017325945705569102,0.008662972852784551,-0.0004528963822924416,0.8674656153180094,189.6121405376453,True,0.9667465768064952,False,mua,HPC,1446.6519775390625,7.386266918718464
123,flicker_40Hz,1576,7.326388888888888,5.833333333333333,1.255952380952381,0.11345646437994722,0.029926026361431643,0.014963013180715821,-0.0004108867179737587,0.7027449589926947,81.1533225145585,True,0.9003596476244511,False,mua,HPC,1458.62841796875,6.303844514347081
119,flicker_40Hz,1079,5.069444444444445,3.9930555555555554,1.2695652173913046,0.1187739463601533,0.015151336880769651,0.007575668440384826,-0.0008701997942933067,0.9399798623934944,16.236074303366006,True,0.9792478282420495,False,mua,HPC,1459.12548828125,3.6448675480531985
121,flicker_40Hz,1437,6.979166666666667,5.243055555555555,1.3311258278145697,0.14204545454545459,0.06737686058027316,0.03368843029013658,0.00043932183286145114,0.1957804510007841,315.0011045995011,True,0.652601503335947,False,mua,HPC,1463.572265625,5.902287957169833
116,flicker_40Hz,356,1.7361111111111112,1.2847222222222223,1.3513513513513513,0.14942528735632182,0.06414231871419294,0.03207115935709647,-0.0017854447959071932,0.6936780383870604,0.2360830919564061,True,0.9003596476244511,False,mua,HPC,1466.636474609375,1.435713050242598
127,flicker_40Hz,710,3.6805555555555554,2.291666666666667,1.6060606060606057,0.23255813953488363,0.023351463583691303,0.011675731791845652,-0.0012739222480376137,0.9078062495923277,4.062870532341803,True,0.9667465768064952,False,mua,HPC,1473.04736328125,2.76223436671089
125,flicker_40Hz,824,4.340277777777778,2.9166666666666665,1.4880952380952381,0.19617224880382775,0.08341298780460144,0.04170649390230072,0.0005264783306258337,0.23858129583072155,201.37393567802522,True,0.7340962948637586,False,mua,HPC,1475.7177734375,3.31531423561118
124,flicker_40Hz,1613,7.673611111111111,6.006944444444445,1.2774566473988438,0.12182741116751265,0.04888178300963327,0.024440891504816636,-2.261964802202125e-05,0.38159999805406786,73.1487875416594,True,0.7550159097522346,False,mua,HPC,1490.3388671875,6.540822226415232
126,flicker_40Hz,2850,13.333333333333334,10.833333333333334,1.2307692307692308,0.10344827586206896,0.0458005487808752,0.0229002743904376,0.000173606288662126,0.22435222020930565,52.63622378595234,True,0.7172016592459072,False,mua,HPC,1491.674072265625,11.910602670323412
130,flicker_40Hz,3981,17.743055555555554,15.277777777777779,1.1613636363636362,0.07465825446897995,0.021442924687529372,0.010721462343764686,-0.00013627764477033413,0.6328191171073237,347.2072285810182,True,0.8960270684705469,False,mua,HPC,1537.6485595703125,16.922345001674536
129,flicker_40Hz,2014,9.51388888888889,7.638888888888889,1.2454545454545454,0.10931174089068825,0.03958278078392171,0.019791390391960855,-0.00010487727016142134,0.4544063383130864,318.33142037257056,True,0.7859591826777483,False,mua,HPC,1544.405517578125,7.7035559422220645
131,flicker_40Hz,1005,5.277777777777778,3.5069444444444446,1.5049504950495047,0.20158102766798416,0.03877549109937144,0.01938774554968572,-0.0006197568716266382,0.6854966241362644,309.70699848731164,True,0.9003596476244511,False,mua,HPC,1566.087158203125,3.873537193421129
132,flicker_40Hz,1874,8.784722222222223,6.875,1.277777777777778,0.12195121951219517,0.02781744227050307,0.013908721135251535,-0.00034034702121703514,0.6959685200011118,133.0522234647707,True,0.9003596476244511,False,mua,HPC,1567.6287841796875,7.793362187029193
133,flicker_40Hz,1299,6.319444444444445,4.583333333333334,1.3787878787878787,0.15923566878980888,0.059410169436534155,0.029705084718267077,0.00011265584244771352,0.3178934763548405,286.0567408298264,True,0.7489160628920196,False,mua,HPC,1582.4456787109375,5.329031354854725
134,flicker_40Hz,1450,6.875,5.104166666666667,1.346938775510204,0.1478260869565217,0.05823269024989977,0.029116345124949886,0.00015821549515599015,0.29255842536531196,20.867354874279265,True,0.7430055247373002,False,mua,HPC,1609.666259765625,5.927607779494309
135,flicker_40Hz,908,4.131944444444445,3.263888888888889,1.2659574468085106,0.11737089201877937,0.04271637146914902,0.02135818573457451,-0.0006458607884583192,0.6609854349438001,305.7765099193592,True,0.9003596476244511,False,mua,HPC,1611.0538330078125,3.8767021712116887
140,flicker_40Hz,583,2.8472222222222223,1.5972222222222223,1.7826086956521738,0.28125,0.10898826951392389,0.054494134756961944,0.0012565000884132093,0.17709243871748875,296.5893238945734,True,0.6054553020189495,False,mua,HPC,1646.671142578125,2.181460942143204
139,flicker_40Hz,1050,5.347222222222222,3.645833333333333,1.4666666666666668,0.18918918918918923,0.08521359996815725,0.042606799984078625,0.0008637811011701108,0.14866441751989778,20.402140194157067,True,0.5958270516951036,False,mua,HPC,1667.00732421875,4.516818929352368
144,flicker_40Hz,523,2.638888888888889,1.7361111111111112,1.52,0.20634920634920634,0.043938012742518705,0.021969006371259352,-0.0014321469789045076,0.77708264834511,280.15364069132426,True,0.9209868424830934,False,mua,HPC,1693.172119140625,2.234869942358897
141,flicker_40Hz,1421,7.291666666666667,5.104166666666666,1.4285714285714288,0.1764705882352942,0.09611382459817629,0.04805691229908814,0.0016068678526938846,0.03753456689629262,291.6966633379444,True,0.2958024921501232,False,mua,HPC,1694.698974609375,6.066075557831292
145,flicker_40Hz,1709,8.090277777777779,6.319444444444445,1.2802197802197803,0.12289156626506027,0.014653275334233242,0.007326637667116621,-0.0005317690458229464,0.9123670818611298,188.51111643784878,True,0.9667465768064952,False,mua,HPC,1745.724365234375,7.191620784599049
146,flicker_40Hz,766,3.8194444444444446,2.5694444444444446,1.4864864864864864,0.19565217391304346,0.037731764581622314,0.018865882290811157,-0.0009508027709910741,0.7614869442102639,107.03548713251189,True,0.9160745193506934,False,mua,HPC,1746.5018310546875,3.210474346298893
147,flicker_40Hz,838,4.201388888888889,2.9861111111111107,1.4069767441860468,0.16908212560386485,0.042645421520013056,0.021322710760006528,-0.0007395419365569837,0.68330125220327,169.1821805121858,True,0.9003596476244511,False,mua,HPC,1748.5361328125,3.5582262810366294
148,flicker_40Hz,1701,7.638888888888889,6.25,1.2222222222222223,0.10000000000000002,0.015070512797850582,0.007535256398925291,-0.000531421805067751,0.9079591235503062,61.26214604884428,True,0.9667465768064952,False,mua,HPC,1756.7283935546875,7.349474051903209
149,flicker_40Hz,1080,5.104166666666667,3.7499999999999996,1.3611111111111114,0.15294117647058833,0.08962330720436157,0.044811653602180784,0.0010831612997653282,0.11431290672293404,284.3784515025446,True,0.5395454610063842,False,mua,HPC,1772.805419921875,4.721355619067282
150,flicker_40Hz,1652,7.881944444444444,6.111111111111111,1.2897727272727273,0.12655086848635236,0.056580553567441086,0.028290276783720543,0.00019513100202616773,0.2665947281528423,19.778339136254566,True,0.7398069566382002,False,mua,HPC,1812.88720703125,7.116848184297078
151,flicker_40Hz,1300,6.145833333333334,4.791666666666667,1.282608695652174,0.12380952380952384,0.007417527582696987,0.0037087637913484936,-0.0007560574230038314,0.9822842088535524,178.66387705218492,True,0.9965941923381803,False,mua,HPC,1814.18701171875,5.795074334514626
152,flicker_40Hz,1200,5.486111111111111,4.340277777777778,1.264,0.11660777385159007,0.05183803982485585,0.025919019912427926,-0.00016167246716847165,0.4466615084287645,5.827523026986451,True,0.7859591826777483,False,mua,HPC,1855.1988525390625,5.168408731983825
153,flicker_40Hz,2184,10.104166666666668,8.333333333333334,1.2125000000000001,0.09604519774011303,0.060806075517431515,0.030403037758715758,0.0004666829297425766,0.13281831014332177,328.58790672809204,True,0.5903036006369856,False,mua,HPC,1856.607421875,9.578805283128627
154,flicker_40Hz,3034,14.097222222222221,11.73611111111111,1.2011834319526626,0.09139784946236558,0.03853572954437251,0.019267864772186255,4.1666455481590145e-05,0.32423287405746737,348.4052419222819,True,0.7489160628920196,False,mua,HPC,1891.9034423828125,12.459330694761682
155,flicker_40Hz,2160,10.416666666666668,7.986111111111111,1.3043478260869568,0.1320754716981133,0.0458629956306184,0.0229314978153092,6.291975860844184e-05,0.3211875205178284,344.08265171921494,True,0.7489160628920196,False,mua,HPC,1893.3917236328125,9.824486684120815
159,flicker_40Hz,1374,6.666666666666666,4.826388888888889,1.3812949640287768,0.16012084592145007,0.09938210366891866,0.04969105183445933,0.0017426669110984015,0.03358948790674681,239.7438203260102,True,0.2958024921501232,False,mua,HPC,1928.7998046875,6.060141224473992
157,flicker_40Hz,3407,15.659722222222221,11.840277777777777,1.3225806451612903,0.1388888888888889,0.058281456351230776,0.029140728175615388,0.0005558318278119763,0.05539018468016286,44.30288561074961,True,0.3628923992362121,False,mua,HPC,1935.87744140625,14.61151559234221
162,flicker_40Hz,4292,20.104166666666668,16.52777777777778,1.2163865546218489,0.09763033175355451,0.03300605489456893,0.016503027447284466,3.9367474915320114e-05,0.3107180877962718,68.88493359393152,True,0.7489160628920196,False,mua,HPC,1953.154052734375,18.08270498413845
161,flicker_40Hz,597,3.0902777777777777,1.9791666666666667,1.5614035087719298,0.21917808219178078,0.06976160268154522,0.03488080134077261,-0.00045914065369439074,0.48385749044295584,35.00796843548663,True,0.7899714129680911,False,mua,HPC,1969.720458984375,2.792697277945026
160,flicker_40Hz,4441,19.618055555555554,17.604166666666668,1.1143984220907297,0.05410447761194021,0.017138170641016484,0.008569085320508242,-0.00015177946388173524,0.7217557783908709,20.142490555071554,True,0.9082033153843198,False,mua,HPC,1973.4671630859375,19.27313225561268
163,flicker_40Hz,1317,6.493055555555555,4.444444444444445,1.4609375,0.18730158730158727,0.0896716647414299,0.04483583237071495,0.001251900991931366,0.07080488245417853,45.69489573655304,True,0.43572235356417555,False,mua,HPC,1993.0799560546875,5.831075956882241
168,flicker_40Hz,2553,11.284722222222221,9.86111111111111,1.1443661971830985,0.06732348111658455,0.004684963480861575,0.0023424817404307874,-0.0003863601589114598,0.9860914791989999,276.5565360598812,True,0.9965941923381803,False,mua,HPC,1994.9326171875,10.583290109407478
169,flicker_40Hz,2428,10.9375,9.0625,1.206896551724138,0.09375,0.02325265689595491,0.011626328447977455,-0.0002768041063034006,0.7202622142868383,287.4177592355931,True,0.9082033153843198,False,mua,HPC,1997.716796875,10.65727146526181
166,flicker_40Hz,980,4.756944444444445,3.298611111111111,1.4421052631578948,0.18103448275862072,0.03522857577265524,0.01761428788632762,-0.0007108704034856186,0.7379151937497598,23.762067218235835,True,0.9082033153843198,False,mua,HPC,2027.255126953125,4.067392083092905
167,flicker_40Hz,302,1.6319444444444444,0.9375,1.7407407407407407,0.27027027027027023,0.07950858239744976,0.03975429119872488,-0.0017366049569723244,0.6208406692964701,43.110487246583304,True,0.8869152418521001,False,mua,HPC,2027.8082275390625,1.2687604717905794
164,flicker_40Hz,1507,7.013888888888888,5.486111111111111,1.2784810126582278,0.12222222222222222,0.050015970142184965,0.025007985071092483,-3.8196035062955684e-05,0.3897259688591775,291.21751136724896,True,0.7550159097522346,False,mua,HPC,2031.1707763671875,6.851781294337712
171,flicker_40Hz,730,3.784722222222222,2.2222222222222223,1.7031249999999998,0.2601156069364161,0.10091148098051639,0.050455740490258194,0.0011775317919709254,0.1559327404253899,269.96607790334906,True,0.5958270516951036,False,mua,HPC,2033.68896484375,3.294346257748723
173,flicker_40Hz,1445,7.1875,5.0,1.4375,0.1794871794871795,0.06391777283464285,0.031958886417321426,0.0003295569656481572,0.2286080288846329,358.76388307496046,True,0.7172016592459072,False,mua,HPC,2037.5264892578125,5.936707090642168
172,flicker_40Hz,2768,12.569444444444443,10.45138888888889,1.20265780730897,0.0920060331825037,0.031323942695097196,0.015661971347548598,-0.00011601624319180081,0.5071735383216925,30.75953994418751,True,0.811477661314708,False,mua,HPC,2055.85498046875,11.730594558485334
177,flicker_40Hz,354,1.9097222222222223,0.9722222222222223,1.9642857142857142,0.3253012048192771,0.11950336070812717,0.059751680354063585,0.0007475161756869766,0.2827432820110575,44.987830405090996,True,0.7407560793415142,False,mua,HPC,2073.6142578125,1.4024807834417223
176,flicker_40Hz,691,3.3680555555555554,2.361111111111111,1.426470588235294,0.17575757575757572,0.11475480373076502,0.05737740186538251,0.0018476621379300373,0.10278525938756185,78.94199190027831,True,0.5395454610063842,False,mua,HPC,2078.0791015625,2.6949785886614985
180,flicker_40Hz,1095,5.138888888888888,4.097222222222222,1.254237288135593,0.11278195488721798,0.03228200677884712,0.01614100338942356,-0.0006533066457888169,0.7518857601567105,301.93794714703813,True,0.9136727353756652,False,mua,HPC,2091.478271484375,4.554007418391443
181,flicker_40Hz,1166,5.520833333333334,4.0625,1.358974358974359,0.15217391304347833,0.018789376658325203,0.009394688329162602,-0.0007700331701087955,0.9022446964818457,350.4746563383138,True,0.9667465768064952,False,mua,HPC,2092.29345703125,4.804040663845652
179,flicker_40Hz,6604,30.486111111111114,24.791666666666664,1.2296918767507006,0.10301507537688452,0.03621916534465664,0.01810958267232832,0.00017656034015949793,0.11465341046385664,333.46811780603866,True,0.5395454610063842,False,mua,HPC,2093.244873046875,28.42189618144902
178,flicker_40Hz,86,0.4861111111111111,0.20833333333333331,2.3333333333333335,0.4,0.16524467763517467,0.08262233881758733,-0.004857943823938998,0.5572901546963737,287.92433061101593,False,0.8411926863341489,False,mua,HPC,2103.47509765625,0.21126226751985325
183,flicker_40Hz,2916,13.4375,11.180555555555554,1.2018633540372672,0.09167842031029629,0.05044836075044384,0.02522418037522192,0.0002934243731233778,0.1564046010699647,315.17444475950134,True,0.5958270516951036,False,mua,HPC,2115.36962890625,12.54043325064477
182,flicker_40Hz,1416,6.493055555555555,5.347222222222222,1.2142857142857142,0.09677419354838707,0.024328746095393546,0.012164373047696773,-0.0005586372354436461,0.8110203802341306,116.44297572700752,True,0.9541416238048596,False,mua,HPC,2136.575927734375,5.68430011184504
185,flicker_40Hz,2184,9.82638888888889,8.125,1.2094017094017095,0.09477756286266927,0.04090667994320988,0.02045333997160494,-3.955445289463565e-05,0.4011022020558746,327.2881470460964,True,0.7550159097522346,False,mua,HPC,2179.346923828125,8.918511791573131
184,flicker_40Hz,2106,9.722222222222221,7.673611111111111,1.2669683257918551,0.11776447105788422,0.035052379711897536,0.017526189855948768,-0.0001677461288335393,0.5237239742980403,103.25626590812162,True,0.8195465010285424,False,mua,HPC,2179.62841796875,8.91257745821583
187,flicker_40Hz,1162,5.625,4.0625,1.3846153846153846,0.16129032258064516,0.06783775899559703,0.03391887949779852,0.00029015489145627673,0.26271668517821345,15.4388615405235,True,0.7398069566382002,False,mua,HPC,2219.548583984375,4.806810019412391
186,flicker_40Hz,978,4.791666666666667,3.6111111111111107,1.326923076923077,0.1404958677685951,0.032609192766619034,0.016304596383309517,-0.0007574294920862518,0.771147364797388,282.6226404951758,True,0.9207729728924036,False,mua,HPC,2220.048583984375,4.302391684041955
189,flicker_40Hz,1101,5.625,4.131944444444445,1.3613445378151259,0.15302491103202845,0.059889051758405185,0.029944525879202592,-1.1601120206011592e-05,0.37268871955618704,321.4083486933854,True,0.7550159097522346,False,mua,HPC,2232.44677734375,4.65884730770373
188,flicker_40Hz,1403,6.805555555555555,5.069444444444445,1.3424657534246573,0.1461988304093567,0.03547041558847884,0.01773520779423942,-0.0003985048170518505,0.6432809569308139,107.68573064830281,True,0.89674611123153,False,mua,HPC,2233.57275390625,6.1859490916487365
190,flicker_40Hz,1674,8.26388888888889,5.625,1.4691358024691359,0.19000000000000003,0.05765617014163881,0.028828085070819406,0.00023382660510195505,0.24881007942632252,342.4772664757617,True,0.7372150501520667,False,mua,HPC,2294.13427734375,6.9265538946396825
191,flicker_40Hz,1394,6.666666666666666,4.618055555555555,1.443609022556391,0.1815384615384615,0.04595376631253674,0.02297688315626837,-0.00018955893722177183,0.47913274967349995,97.00190662585696,True,0.7899714129680911,False,mua,HPC,2294.20751953125,5.542667355717498
194,flicker_40Hz,1463,7.222222222222222,5.138888888888888,1.4054054054054055,0.16853932584269668,0.050628107977036735,0.025314053988518367,-4.275489410732554e-05,0.39167528605049595,304.9506715234129,True,0.7550159097522346,False,mua,HPC,2334.79296875,6.192279047229856
193,flicker_40Hz,1260,6.111111111111111,4.583333333333333,1.3333333333333333,0.14285714285714288,0.051548511089020886,0.025774255544510443,-0.00012944127594845408,0.4330767552447259,273.9226806350408,True,0.7859591826777483,False,mua,HPC,2349.2587890625,5.6645190006540425
192,flicker_40Hz,2022,9.340277777777779,7.430555555555555,1.2570093457943927,0.11387163561076609,0.045449421510161285,0.022724710755080643,2.186344994557221e-05,0.35202163844142886,343.4947711691759,True,0.7489160628920196,False,mua,HPC,2349.681640625,8.056450965869459
196,flicker_40Hz,8097,53.36805555555556,25.27777777777778,2.1112637362637363,0.3571743929359823,0.06119118543917386,0.03059559271958693,0.0008126881311026953,0.0005101379520817621,240.05696878979845,True,0.016324414466616387,True,mua,HPC,2384.36865234375,30.691976501727893
195,flicker_40Hz,6223,42.46527777777778,18.26388888888889,2.3250950570342206,0.39851343624928526,0.07028819959754815,0.03514409979877407,0.0010745862315004358,0.00045837074921758645,168.4761303246781,True,0.016324414466616387,True,mua,HPC,2384.6845703125,23.959277496759984
197,flicker_40Hz,326,1.7361111111111112,1.1111111111111112,1.5625,0.21951219512195122,0.07066710311493245,0.035333551557466224,-0.0018246217962876786,0.665976317487491,334.6820679411899,True,0.9003596476244511,False,mua,HPC,2423.4501953125,1.6394584955098723
198,flicker_40Hz,565,2.8125,1.875,1.5,0.2,0.030719445770754007,0.015359722885377004,-0.0015367102584746466,0.87530279604662,268.71633906570116,True,0.9667465768064952,False,mua,HPC,2449.637939453125,2.3895582318724973
199,flicker_40Hz,878,4.097222222222222,3.1597222222222223,1.2967032967032968,0.1291866028708134,0.023259432256771406,0.011629716128385703,-0.0010048463386942296,0.8880864536991058,185.8373593949844,True,0.9667465768064952,False,mua,HPC,2478.93896484375,3.5036304141494763
202,flicker_40Hz,1592,7.256944444444444,5.902777777777778,1.2294117647058822,0.10290237467018466,0.017695580553737975,0.008847790276868987,-0.0005502029155806008,0.8828583866480026,161.8667825262041,True,0.9667465768064952,False,mua,HPC,2495.99462890625,5.84136213470156
201,flicker_40Hz,437,2.395833333333333,1.4583333333333333,1.6428571428571428,0.24324324324324323,0.08498590078074304,0.04249295039037152,-0.00048378574777995995,0.45451565724463516,273.4339606143871,True,0.7859591826777483,False,mua,HPC,2508.2275390625,2.116183275212912
203,flicker_40Hz,1310,6.840277777777778,4.375,1.5634920634920635,0.2198142414860681,0.11084337130298243,0.05542168565149121,0.00230996779602219,0.01785800059810336,256.2415752857718,True,0.21979077659204135,False,mua,HPC,2514.4150390625,6.854155027680632
204,flicker_40Hz,1619,7.777777777777778,5.972222222222222,1.3023255813953487,0.1313131313131313,0.04660925350752361,0.023304626753761805,-7.460567864897927e-05,0.4151415006791892,240.9922069026554,True,0.7723562803333752,False,mua,HPC,2524.290771484375,7.50297547474535
205,flicker_40Hz,8226,36.31944444444444,32.56944444444444,1.115138592750533,0.05443548387096774,0.00474443283207501,0.002372216416037505,-0.00011595245220426946,0.9547666325359981,282.8345407284036,True,0.9792478282420495,False,mua,HPC,2536.6416015625,37.20945701693775
206,flicker_40Hz,8007,36.14583333333333,31.666666666666664,1.1414473684210527,0.06605222734254988,0.024557355604244307,0.012278677802122153,2.5878439925880184e-05,0.29904748448754304,301.15611450670923,True,0.7445832339590943,False,mua,HPC,2538.06640625,37.26286601715344
200,flicker_40Hz,25,0.20833333333333334,0.034722222222222224,6.0,0.7142857142857142,0.31750970295273906,0.15875485147636953,-0.01541343451324568,0.5371326913058729,174.80357116138813,False,0.8263579866244198,False,mua,HPC,2553.99560546875,0.08901500035948873
1,flicker_20Hz,1948,9.791666666666666,6.597222222222221,1.4842105263157896,0.19491525423728817,0.07096385740729216,0.03548192870364608,0.0007460032004651544,0.08606859407763796,319.19951224666454,True,0.15648835286843266,False,mua,CTX,72.90603637695312,7.531064652636566
0,flicker_20Hz,893,5.0,2.5,2.0,0.3333333333333333,0.1528682591887736,0.0764341295943868,0.004727649458518388,0.005397749850970933,297.6377844375564,True,0.014158032395989333,True,mua,CTX,73.41268920898438,3.241728501980669
3,flicker_20Hz,4257,21.180555555555557,14.444444444444445,1.466346153846154,0.18908382066276808,0.05582195120033733,0.027910975600168666,0.0005442431939529647,0.03627757635363018,306.02576000033446,True,0.07739216288774439,False,mua,CTX,79.40536499023438,15.250445483811427
2,flicker_20Hz,1515,8.402777777777779,4.791666666666667,1.7536231884057971,0.2736842105263158,0.12434053865639133,0.062170269328195665,0.0032071933410407435,0.002852891039015454,288.0398396614883,True,0.008453010485971715,True,mua,CTX,81.89913940429688,4.824613019484289
6,flicker_20Hz,1163,6.875,3.2638888888888884,2.1063829787234045,0.35616438356164387,0.14889376660453874,0.07444688330226937,0.0046865228899048645,0.001577499926019494,316.83399532473305,True,0.005370212514108916,True,mua,CTX,125.71984100341797,3.673747970392055
5,flicker_20Hz,1501,7.430555555555556,4.791666666666666,1.5507246376811596,0.21590909090909102,0.056770308723186,0.028385154361593,0.00013958746612354977,0.29842938678106085,305.0125187506059,True,0.4340791080451794,False,mua,CTX,125.89278411865234,5.509039466692802
4,flicker_20Hz,813,4.722222222222222,2.4305555555555554,1.942857142857143,0.32038834951456313,0.18905374824724278,0.09452687412362139,0.007714806938887869,0.0006917896663576964,322.7534678063028,True,0.002699666990664181,True,mua,CTX,130.6201171875,2.44929718766931
7,flicker_20Hz,463,2.986111111111111,1.1805555555555556,2.5294117647058822,0.4333333333333333,0.10840647060228369,0.05420323530114184,0.0007798478398752589,0.2567070689941149,316.34721399513495,True,0.39493395229863826,False,mua,CTX,186.6515655517578,1.428591850213839
8,flicker_20Hz,610,3.4027777777777777,1.8055555555555556,1.8846153846153846,0.30666666666666664,0.07485492255697651,0.037427461278488255,-0.00023892107844142874,0.4256678414518918,347.78836266624666,True,0.5362744459236432,False,mua,CTX,218.69528198242188,2.2700803202788724
9,flicker_20Hz,636,4.166666666666666,1.9444444444444444,2.142857142857143,0.36363636363636354,0.09184880024809443,0.045924400124047214,0.000537568716559499,0.26158166139854033,350.2745726261878,True,0.3986006268930139,False,mua,CTX,250.51275634765625,2.1213263641225715
10,flicker_20Hz,1151,6.180555555555555,3.4722222222222223,1.7799999999999998,0.28057553956834524,0.07374718691059717,0.03687359345529859,0.0004912789916060356,0.20912503947590833,303.9137556485562,True,0.328039277609268,False,mua,CTX,305.61083984375,3.4233191027140264
11,flicker_20Hz,674,4.722222222222222,1.7361111111111112,2.72,0.46236559139784944,0.1644014605424704,0.0822007302712352,0.00528111601560449,0.010477584288651745,310.1937152140612,True,0.026193960721629363,True,mua,CTX,331.4168395996094,2.361073431757461
13,flicker_20Hz,850,6.180555555555555,1.875,3.2962962962962963,0.5344827586206896,0.2388821614117423,0.11944108070587114,0.013105118958961673,5.222157080534229e-06,0.089303131129138,True,2.695306880275731e-05,True,mua,CTX,385.3935546875,2.588556210453932
12,flicker_20Hz,1271,8.680555555555555,3.3333333333333335,2.6041666666666665,0.4450867052023121,0.265879268960876,0.132939634480438,0.016899460546828518,1.6037701823403854e-10,340.68759768932756,True,1.4794756334684772e-09,True,mua,CTX,388.285888671875,3.331139124563978
14,flicker_20Hz,2769,15.069444444444443,8.680555555555555,1.7359999999999998,0.2690058479532163,0.12728492224253996,0.06364246112126998,0.0036905544626509626,1.3339200001189425e-05,335.4309096830652,True,6.4674909096676e-05,True,mua,CTX,424.4336242675781,14.317172657820166
16,flicker_20Hz,411,3.0555555555555554,0.8333333333333333,3.666666666666667,0.5714285714285715,0.213853092016474,0.106926546008237,0.009022147915010773,0.009033364435467319,352.3176020168869,True,0.023311908220560822,True,mua,CTX,424.6138000488281,1.240275671675543
17,flicker_20Hz,463,3.6805555555555554,1.1805555555555556,3.117647058823529,0.5142857142857143,0.1177312351891406,0.0588656175945703,0.0013081591186317211,0.20108520440959557,8.237808285068978,True,0.3217363270553529,False,mua,CTX,462.4216613769531,1.0749055821188038
18,flicker_20Hz,769,5.069444444444445,1.5972222222222223,3.1739130434782608,0.5208333333333334,0.29827851815062917,0.14913925907531458,0.02096939687695767,3.4256878584221395e-08,283.76199602803086,True,2.3830872058588796e-07,True,mua,CTX,463.1156005859375,3.9332761492179418
19,flicker_20Hz,4466,26.805555555555554,14.722222222222221,1.820754716981132,0.29096989966555187,0.17204266407859323,0.08602133203929661,0.007177362660902448,4.196332263145224e-15,328.83146741252466,True,5.5951096841936315e-14,True,mua,CTX,464.17071533203125,20.402238082394817
21,flicker_20Hz,1488,8.61111111111111,4.444444444444445,1.9374999999999998,0.3191489361702127,0.2434453788207785,0.12172268941038925,0.014153882124101916,2.4700610680154776e-10,350.8746420001326,True,2.0800514256972443e-09,True,mua,CTX,488.3040771484375,6.508776826285816
22,flicker_20Hz,252,2.5,0.4861111111111111,5.142857142857143,0.6744186046511628,0.19931362827419655,0.09965681413709827,0.005986984510744819,0.08175853527369502,332.54319489070326,True,0.15210890283478143,False,mua,CTX,503.4034729003906,0.5598054467052291
24,flicker_20Hz,2631,18.26388888888889,6.319444444444445,2.89010989010989,0.48587570621468923,0.3838614161400464,0.1919307080700232,0.036471175178093264,3.325158163982052e-43,303.10236757471864,True,1.3300632655928208e-41,True,mua,CTX,505.1506652832031,10.605444953941397
28,flicker_20Hz,1981,14.375,5.069444444444445,2.835616438356164,0.4785714285714286,0.38006386497785977,0.19003193248892988,0.03562532331263149,4.505766500580761e-32,327.04128413975644,True,1.201537733488203e-30,True,mua,CTX,512.4619750976562,7.116848184297078
26,flicker_20Hz,378,3.888888888888889,0.6944444444444444,5.6000000000000005,0.696969696969697,0.3257096290390521,0.16285481451952605,0.0239395200302587,4.194906721269997e-05,337.00359864881756,True,0.00018644029872311098,True,mua,CTX,548.7279663085938,0.7591990475104838
33,flicker_20Hz,2498,16.041666666666664,6.319444444444445,2.538461538461538,0.43478260869565216,0.21224628977145177,0.10612314488572588,0.010866151564810191,5.62289011101162e-13,257.5597013018769,True,5.9977494517457276e-12,True,mua,CTX,553.48486328125,22.320214623473934
31,flicker_20Hz,2107,10.625,5.972222222222222,1.7790697674418605,0.2803347280334728,0.07820466148066355,0.03910233074033177,0.001054884478381056,0.03987307850671302,234.72431775216438,True,0.0839433231720274,False,mua,CTX,584.6793823242188,10.041683284997967
29,flicker_20Hz,226,2.1527777777777777,0.41666666666666663,5.166666666666667,0.6756756756756758,0.38312950996033773,0.19156475498016887,0.03241570892994819,0.000235871383795845,313.0003195020107,True,0.0009676774719829539,True,mua,CTX,588.9581298828125,0.6401167581406789
34,flicker_20Hz,4780,27.77777777777778,14.166666666666666,1.9607843137254903,0.3245033112582782,0.2881383664390015,0.14406918321950074,0.0205510239100006,4.907245086001019e-44,343.50645668696654,True,2.617197379200543e-42,True,mua,CTX,612.848876953125,18.62272931965268
37,flicker_20Hz,6230,31.319444444444446,23.26388888888889,1.346268656716418,0.14758269720101783,0.02752681794035462,0.01376340897017731,2.8922425264508844e-05,0.3072421867609774,204.84926357386965,True,0.4428716205563638,False,mua,CTX,626.8199462890625,25.036556812221708
36,flicker_20Hz,5601,28.055555555555557,20.625,1.3602693602693603,0.15263908701854495,0.03479787877241352,0.01739893938620676,0.00012420572088842633,0.183502131695227,248.7037729843177,True,0.29959531705343184,False,mua,CTX,626.8485717773438,21.47200057560396
38,flicker_20Hz,1423,10.13888888888889,3.333333333333333,3.041666666666667,0.5051546391752578,0.34128592221298176,0.17064296110649088,0.02843626280541301,7.549724674085289e-19,3.571041499982094,True,1.098141770776042e-17,True,mua,CTX,649.0108642578125,3.854151704453952
39,flicker_20Hz,5801,32.22222222222222,19.86111111111111,1.6223776223776223,0.23733333333333334,0.17188586154753013,0.08594293077376507,0.007215047037458311,2.284493322116836e-19,295.5270365858979,True,3.655189315386938e-18,True,mua,CTX,654.4733276367188,26.821999908321143
40,flicker_20Hz,1326,8.472222222222221,3.263888888888889,2.595744680851064,0.44378698224852065,0.26011532803162124,0.13005766401581062,0.016173045022811177,1.664410087652037e-10,6.666469586184563,True,1.4794756334684772e-09,True,mua,CTX,700.1046752929688,3.5578306588128092
42,flicker_20Hz,2239,11.875,6.111111111111111,1.9431818181818183,0.3204633204633205,0.13667114864090504,0.06833557432045252,0.0042250097662841525,2.8504057592562064e-05,2.291518208917352,True,0.00013413674161205676,True,mua,CTX,702.7573852539062,6.617177315612482
41,flicker_20Hz,2445,15.416666666666664,6.736111111111111,2.288659793814433,0.3918495297805642,0.2929271909528953,0.14646359547644766,0.021051196741295984,1.2673071778134806e-23,14.759323611984412,True,2.534614355626961e-22,True,mua,CTX,707.9666137695312,4.056314660825946
48,flicker_20Hz,1012,6.527777777777779,2.5694444444444446,2.540540540540541,0.4351145038167939,0.2379098952493973,0.11895494762469865,0.01317515620095701,5.778478281461156e-07,346.21762137502594,True,3.4242834260510555e-06,True,mua,CTX,727.296875,13.284203031426276
46,flicker_20Hz,1171,9.722222222222221,2.5,3.8888888888888884,0.5909090909090908,0.3865667873259427,0.19328339366297134,0.036535699727640855,6.737919381734153e-20,315.6212620181393,True,1.197852334530516e-18,True,mua,CTX,730.2316284179688,2.675593099694321
47,flicker_20Hz,1670,10.13888888888889,5.208333333333334,1.9466666666666665,0.3212669683257918,0.19212245071374104,0.09606122535687052,0.0086341267576369,1.9673097600699433e-07,274.91433198731136,True,1.210652160043042e-06,True,mua,CTX,742.1814575195312,6.9206195612823835
44,flicker_20Hz,914,6.180555555555555,1.9444444444444446,3.178571428571428,0.5213675213675213,0.28132065153218483,0.14066032576609241,0.018711707668768503,1.292506804904932e-08,0.9399776560832093,True,9.847670894513767e-08,True,mua,CTX,743.8521728515625,2.5394990547002583
43,flicker_20Hz,3690,24.23611111111111,7.5,3.2314814814814814,0.5273522975929978,0.47851700851053175,0.23925850425526587,0.056989073341757526,8.393698991668166e-94,24.82348075231816,True,1.3429918386669067e-91,True,mua,CTX,749.934326171875,7.295273807239876
52,flicker_20Hz,1915,11.11111111111111,5.555555555555555,2.0,0.33333333333333337,0.23737492236490937,0.11868746118245468,0.013571607231613768,1.7619225693666321e-12,344.0924827655748,True,1.7619225693666322e-11,True,mua,CTX,765.3553466796875,12.685230984562873
51,flicker_20Hz,654,4.097222222222222,1.5277777777777777,2.681818181818182,0.45679012345679015,0.2495901721897113,0.12479508609485565,0.014066269583121398,3.653028936082886e-05,4.201630114448074,True,0.00016699560850664622,True,mua,CTX,770.325439453125,1.7019668068734244
54,flicker_20Hz,969,5.833333333333334,2.013888888888889,2.8965517241379315,0.4867256637168142,0.35094123173174796,0.17547061586587398,0.029788686967299877,8.874933421873295e-14,16.703135433733376,True,1.014278105356948e-12,True,mua,CTX,809.6605224609375,2.1735484976668045
53,flicker_20Hz,2737,16.59722222222222,6.597222222222221,2.515789473684211,0.4311377245508982,0.3122245540358547,0.15611227701792735,0.024014453504667885,7.206481137085395e-30,3.3976635293651616,True,1.6471956884766616e-28,True,mua,CTX,810.2553100585938,12.138085449019883
61,flicker_20Hz,2816,18.541666666666668,5.833333333333332,3.1785714285714293,0.5213675213675215,0.4225418076357672,0.2112709038178836,0.0442960112813043,6.295194916185059e-56,6.583612750927687,True,5.036155932948047e-54,True,mua,CTX,847.1752319335938,7.789801587014813
59,flicker_20Hz,509,3.3333333333333335,1.1111111111111112,3.0,0.5,0.313305425161252,0.156652712580626,0.02261987565091323,3.523712029530359e-06,17.092686574033085,True,1.8793130824161913e-05,True,mua,CTX,851.4287719726562,1.57892829526542
60,flicker_20Hz,751,4.236111111111111,1.9444444444444446,2.178571428571428,0.3707865168539325,0.09144174929533355,0.045720874647666776,0.0007598522430523888,0.20811503042628296,257.872816589344,True,0.328039277609268,False,mua,CTX,855.4642944335938,2.9335387896249285
62,flicker_20Hz,87,0.8333333333333333,0.1388888888888889,5.999999999999999,0.7142857142857143,0.19938472229427343,0.09969236114713671,-0.0015737753745938528,0.4223856125501817,264.84563500618566,False,0.5362744459236432,False,mua,CTX,877.8511352539062,0.22748277869647118
63,flicker_20Hz,3789,22.708333333333336,10.694444444444445,2.1233766233766236,0.35966735966735974,0.29427628484968404,0.14713814242484202,0.02139135672417296,1.5292111608472017e-36,182.36194402758986,True,4.893475714711045e-35,True,mua,CTX,891.9421997070312,7.175400273422431
68,flicker_20Hz,448,3.0555555555555554,0.8333333333333333,3.666666666666667,0.5714285714285715,0.3960761627210879,0.19803808136054396,0.03706968364137922,2.0036694543595085e-08,2.284093076612956,True,1.457214148625097e-07,True,mua,CTX,932.6470336914062,1.1904272714742292
69,flicker_20Hz,1543,10.069444444444445,4.236111111111111,2.377049180327869,0.4077669902912622,0.20169053609253573,0.10084526804626787,0.00952785483705599,1.4787036268979272e-07,357.7296596028415,True,9.858024179319513e-07,True,mua,CTX,933.3778076171875,10.307937041628794
70,flicker_20Hz,1227,7.152777777777778,3.6805555555555554,1.9433962264150944,0.32051282051282054,0.161679456891193,0.0808397284455965,0.005724731402902612,0.00032607544604459194,14.34905161366503,True,0.0013043017841783678,True,mua,CTX,967.37646484375,6.150343091504941
71,flicker_20Hz,886,4.791666666666667,2.4305555555555554,1.9714285714285718,0.326923076923077,0.1582402640282855,0.07912013201414275,0.005137125228116094,0.003879999886867401,46.17702440426008,True,0.010891227752610248,True,mua,CTX,967.621337890625,3.0834796124526895
73,flicker_20Hz,1180,7.430555555555555,2.569444444444444,2.891891891891892,0.48611111111111105,0.2105296080478515,0.10526480402392575,0.010241900916124416,2.0329159729606522e-06,14.484038371727095,True,1.121608812667946e-05,True,mua,CTX,983.28515625,3.9127037935793045
74,flicker_20Hz,963,6.388888888888889,2.9166666666666665,2.1904761904761907,0.37313432835820903,0.1383828712958641,0.06919143564793205,0.003752930291727765,0.009917553545380682,354.38291304794456,True,0.025187437575569988,True,mua,CTX,1005.5782470703125,3.369514480274513
75,flicker_20Hz,587,3.8194444444444446,1.5277777777777777,2.5000000000000004,0.4285714285714286,0.01745368515953324,0.00872684257976662,-0.0016301968981418766,0.9563154801443459,71.18401677015015,True,0.9684207393866793,False,mua,CTX,1006.634033203125,2.170383519876245
76,flicker_20Hz,1137,6.111111111111111,3.3333333333333335,1.833333333333333,0.2941176470588235,0.11810686098075295,0.05905343049037647,0.0026100957756154245,0.018934223288151638,285.8864904878113,True,0.043905445305858874,True,mua,HPC,1066.022705078125,4.6683422410754085
80,flicker_20Hz,981,5.069444444444445,3.125,1.6222222222222222,0.23728813559322035,0.08183912480157304,0.04091956240078652,0.0006557110060382618,0.19350592884121592,346.58866055354264,True,0.3127368546928742,False,mua,HPC,1105.8084716796875,3.7702797930041223
78,flicker_20Hz,330,1.8750000000000002,0.7638888888888888,2.454545454545455,0.4210526315789474,0.0881702761939294,0.0440851380969647,-0.001090106983770857,0.5269260674985052,282.07258586534874,True,0.6338960210508333,False,mua,HPC,1107.63916015625,1.1338532934679764
82,flicker_20Hz,429,2.5,1.1111111111111112,2.25,0.3846153846153846,0.072749467927474,0.036374733963737,-0.0010102359223595715,0.5671420596163297,326.6513110354854,True,0.6672259524897997,False,mua,HPC,1147.5198974609375,1.555190961836223
81,flicker_20Hz,650,3.819444444444444,1.9444444444444444,1.9642857142857142,0.3253012048192771,0.02934111766039778,0.01467055883019889,-0.0013252751268817992,0.8695352343237848,60.64709578504903,True,0.9275042499453703,False,mua,HPC,1149.5631103515625,2.717924677643056
84,flicker_20Hz,398,2.2222222222222223,0.7638888888888888,2.9090909090909096,0.48837209302325585,0.0831665219663856,0.0415832609831928,-0.0007853685077820222,0.502760257427287,14.336912319834589,True,0.6140583296821825,False,mua,HPC,1173.6036376953125,1.4697365614911138
83,flicker_20Hz,848,4.513888888888888,2.6388888888888893,1.7105263157894732,0.26213592233009697,0.06590781723966296,0.03295390861983148,-9.339532569194254e-05,0.3982795209107833,43.176550612751576,True,0.5223337979157814,False,mua,HPC,1176.2711181640625,3.6278557924289405
88,flicker_20Hz,1988,10.277777777777779,6.180555555555555,1.662921348314607,0.2489451476793249,0.03238367406699917,0.016191837033499586,-0.00024096373125285128,0.5938620939210948,23.410483819670688,True,0.6786995359098226,False,mua,HPC,1212.61376953125,8.199666210892282
91,flicker_20Hz,586,3.1944444444444446,1.6666666666666667,1.9166666666666667,0.3142857142857143,0.024885840281958848,0.012442920140979424,-0.001554310787490619,0.9133333543505747,336.825207775149,True,0.9489177707538439,False,mua,HPC,1268.5537109375,2.0916546973360752
92,flicker_20Hz,2396,11.38888888888889,8.75,1.3015873015873016,0.1310344827586207,0.04081457070241932,0.02040728535120966,-9.053529051990514e-07,0.36871645691514776,29.097128830252696,True,0.4957532193817113,False,mua,HPC,1271.423828125,9.851388995340573
95,flicker_20Hz,943,4.861111111111112,2.8472222222222223,1.707317073170732,0.2612612612612613,0.021919119712669244,0.010959559856334622,-0.0009413316656405093,0.8929640622527781,25.21618951983528,True,0.940906546556553,False,mua,HPC,1286.162841796875,3.543983880979111
94,flicker_20Hz,779,3.888888888888889,2.5,1.5555555555555556,0.21739130434782605,0.07190169944565605,0.03595084972282803,8.777816353509898e-06,0.36549297126054076,36.10234486197036,True,0.49558368984480106,False,mua,HPC,1306.9345703125,3.0122676121650986
93,flicker_20Hz,6189,29.305555555555554,23.26388888888889,1.2597014925373133,0.1149273447820343,0.02316335314348392,0.01158167657174196,-2.7446193897419165e-05,0.43599534006693796,359.28890014423206,True,0.5415081256597192,False,mua,HPC,1309.1307373046875,26.173970705704065
99,flicker_20Hz,3333,16.73611111111111,11.666666666666666,1.4345238095238095,0.1784841075794621,0.026784609871262993,0.013392304935631497,-0.00012071238884974902,0.5500624558853855,348.89617881720903,True,0.6519258736419383,False,mua,HPC,1343.5479736328125,13.857855255965205
96,flicker_20Hz,503,3.125,1.3194444444444446,2.3684210526315788,0.40624999999999994,0.09984868441641591,0.049924342208207954,0.0005053730922228964,0.28558026631744704,168.12308952377643,True,0.4270359122503881,False,mua,HPC,1344.404052734375,2.0236076748390435
102,flicker_20Hz,1510,7.291666666666667,4.930555555555555,1.4788732394366197,0.19318181818181823,0.04846769363014363,0.024233846815071815,-7.502200762152871e-05,0.41204267471687006,51.193579012613384,True,0.5316679673766065,False,mua,HPC,1346.02197265625,6.199400247258614
100,flicker_20Hz,206,1.3888888888888888,0.41666666666666663,3.3333333333333335,0.5384615384615385,0.08878942055692364,0.04439471027846182,-0.0028975443807513946,0.6668306687133903,244.6439420656427,True,0.7513584999587496,False,mua,HPC,1348.2078857421875,0.773837069791822
106,flicker_20Hz,927,5.208333333333334,2.5694444444444446,2.027027027027027,0.3392857142857143,0.03773450679495494,0.01886725339747747,-0.0007235559357896247,0.7190397503502622,218.5911176819539,True,0.7838284190150365,False,mua,HPC,1364.9876708984375,3.545961992098211
107,flicker_20Hz,5965,27.15277777777778,21.319444444444443,1.2736156351791532,0.12034383954154733,0.006499882330624171,0.0032499411653120853,-0.00015710881432717794,0.938945429456769,307.6193369480297,True,0.9684207393866793,False,mua,HPC,1366.1378173828125,23.43151745018417
104,flicker_20Hz,432,2.638888888888889,1.1805555555555556,2.235294117647059,0.3818181818181818,0.0955168257691257,0.04775841288456285,-3.402758111130528e-05,0.37353052780777507,146.3772544944281,True,0.4980407037437001,False,mua,HPC,1370.7872314453125,1.6635914511628893
112,flicker_20Hz,1185,5.833333333333334,3.958333333333333,1.4736842105263162,0.19148936170212771,0.06694190140003503,0.033470950700017515,0.0002766561493278366,0.2651730835771204,209.3249508887105,True,0.40026125822961567,False,mua,HPC,1395.1429443359375,4.780698952640274
111,flicker_20Hz,385,2.4305555555555554,0.7638888888888888,3.1818181818181817,0.5217391304347826,0.14761057716179907,0.07380528858089953,0.002857239426214311,0.12278597637852035,90.79159429917569,True,0.21828618022848062,False,mua,HPC,1396.742431640625,2.2692890758312325
115,flicker_20Hz,7702,35.69444444444444,27.98611111111111,1.2754342431761787,0.12104689203925843,0.02520075582515934,0.01260037791257967,2.8936874471333174e-05,0.2944011391790233,251.04439526407998,True,0.43214846118021766,False,mua,HPC,1410.151611328125,27.26034933231365
110,flicker_20Hz,699,3.9583333333333335,2.1527777777777777,1.838709677419355,0.2954545454545455,0.07894046411660127,0.039470232058300636,0.00012746640959389134,0.33668190086912386,55.52443033350875,True,0.4725360012198229,False,mua,HPC,1414.1494140625,2.6475039218031045
114,flicker_20Hz,2614,12.777777777777779,9.027777777777779,1.4153846153846152,0.17197452229299362,0.05622981194138629,0.028114905970693146,0.00040804856840978093,0.12666062670862777,222.1836799050846,True,0.22027935079761352,False,mua,HPC,1418.731201171875,10.58289448718366
113,flicker_20Hz,2470,11.944444444444445,8.88888888888889,1.34375,0.14666666666666664,0.029199731834836214,0.014599865917418107,-0.0001917798584559459,0.5907177149340143,224.09922861225422,True,0.6786995359098226,False,mua,HPC,1419.045654296875,10.331278752834171
118,flicker_20Hz,1983,9.722222222222221,6.736111111111111,1.443298969072165,0.18143459915611812,0.010295695469765612,0.005147847734882806,-0.0004780271610060798,0.9488189598607186,309.35000973897917,True,0.9684207393866793,False,mua,HPC,1436.7525634765625,8.014515010144544
120,flicker_20Hz,1528,7.569444444444444,5.138888888888889,1.4729729729729728,0.19125683060109283,0.006956244169156945,0.0034781220845784724,-0.0006427735918903501,0.9816909506708132,232.0763192685741,True,0.9878651075932712,False,mua,HPC,1439.46923828125,6.3972113591685895
122,flicker_20Hz,1932,9.86111111111111,6.180555555555555,1.595505617977528,0.22943722943722947,0.015243514114040393,0.0076217570570201966,-0.00045974512636498695,0.8938612192287253,170.06464927847887,True,0.940906546556553,False,mua,HPC,1446.6519775390625,7.386266918718464
123,flicker_20Hz,1528,7.916666666666667,5.0,1.5833333333333335,0.22580645161290322,0.08822698354128025,0.044113491770640126,0.0012923957031244625,0.05110044124840735,319.20109851936706,True,0.1034945645537364,False,mua,HPC,1458.62841796875,6.303844514347081
119,flicker_20Hz,1038,5.347222222222221,2.7083333333333335,1.974358974358974,0.3275862068965516,0.059765699888484146,0.029882849944242073,-7.047431033740419e-05,0.39586636484225146,336.4325487818898,True,0.5223337979157814,False,mua,HPC,1459.12548828125,3.6448675480531985
121,flicker_20Hz,1424,7.083333333333334,4.791666666666666,1.4782608695652177,0.19298245614035098,0.05659723174288171,0.028298615871440856,9.863373449111372e-05,0.31976027887846703,2.889640184105542,True,0.45680039839781006,False,mua,HPC,1463.572265625,5.902287957169833
116,flicker_20Hz,339,2.0833333333333335,0.625,3.3333333333333335,0.5384615384615384,0.14802263782760897,0.07401131891380448,0.0025353015857258457,0.15618161222072116,42.239302732478265,True,0.26304271531910933,False,mua,HPC,1466.636474609375,1.435713050242598
127,flicker_20Hz,710,4.027777777777778,1.8055555555555554,2.230769230769231,0.380952380952381,0.05187569935395738,0.02593784967697869,-0.0007367162869329536,0.6203867524431734,203.62175291412024,True,0.7039849673114025,False,mua,HPC,1473.04736328125,2.76223436671089
125,flicker_20Hz,824,4.444444444444445,2.361111111111111,1.8823529411764706,0.30612244897959184,0.11287837832765185,0.056439189163825926,0.0019741856968886803,0.0724214436589247,139.81162760431278,True,0.13794560696938035,False,mua,HPC,1475.7177734375,3.31531423561118
124,flicker_20Hz,1577,7.569444444444445,5.416666666666666,1.3974358974358976,0.1657754010695188,0.045853077874341445,0.022926538937170723,-0.00010855805970526428,0.4365909263131486,55.97808213416737,True,0.5415081256597192,False,mua,HPC,1490.3388671875,6.540822226415232
126,flicker_20Hz,2834,13.124999999999998,10.625,1.2352941176470587,0.10526315789473677,0.023500837519798073,0.011750418759899036,-0.00021486162566625988,0.6762168359698143,59.61969083067174,True,0.7566062500361559,False,mua,HPC,1491.674072265625,11.910602670323412
130,flicker_20Hz,4459,20.694444444444443,16.73611111111111,1.2365145228215766,0.10575139146567715,0.041052365432468305,0.020526182716234152,0.00019710284988742123,0.1527929220092689,81.36182398890143,True,0.2600730587391811,False,mua,HPC,1537.6485595703125,16.922345001674536
129,flicker_20Hz,1863,9.166666666666666,6.25,1.4666666666666666,0.18918918918918914,0.04748995448107188,0.02374497724053594,2.7069821674597467e-05,0.3498432244786476,47.09713527221737,True,0.48254237859123805,False,mua,HPC,1544.405517578125,7.7035559422220645
131,flicker_20Hz,1011,5.347222222222222,2.708333333333333,1.9743589743589747,0.32758620689655177,0.10603769652933744,0.05301884826466872,0.0018236824280162347,0.05827911691461698,117.28260881729099,True,0.1151192432881323,False,mua,HPC,1566.087158203125,3.873537193421129
132,flicker_20Hz,2002,10.277777777777779,6.597222222222221,1.5578947368421057,0.21810699588477375,0.014166883874582242,0.007083441937291121,-0.00044954990022123587,0.9044512909843723,244.5781210409374,True,0.9458314154084939,False,mua,HPC,1567.6287841796875,7.793362187029193
133,flicker_20Hz,1332,7.013888888888889,4.444444444444444,1.5781250000000004,0.22424242424242435,0.031669582653911274,0.015834791326955637,-0.0005003857993970837,0.7161382151053383,190.66113557779605,True,0.7838284190150365,False,mua,HPC,1582.4456787109375,5.329031354854725
134,flicker_20Hz,1555,8.194444444444443,5.416666666666667,1.5128205128205126,0.2040816326530611,0.0523940516309787,0.02619702581548935,4.322514237637122e-05,0.34403502101735056,39.23810624044139,True,0.47865742054587906,False,mua,HPC,1609.666259765625,5.927607779494309
135,flicker_20Hz,983,5.763888888888889,3.3333333333333335,1.7291666666666667,0.26717557251908397,0.046470544434103145,0.023235272217051572,-0.0004779022900962522,0.5883097477976927,302.6848185364417,True,0.6786995359098226,False,mua,HPC,1611.0538330078125,3.8767021712116887
140,flicker_20Hz,464,2.638888888888889,1.1805555555555554,2.2352941176470593,0.3818181818181819,0.04070617962687158,0.02035308981343579,-0.0017446842441931844,0.8252869462880702,337.46924983279575,True,0.8862141705106793,False,mua,HPC,1646.671142578125,2.181460942143204
139,flicker_20Hz,1040,5.694444444444445,3.4027777777777772,1.6734693877551023,0.25190839694656497,0.05269241480233164,0.02634620740116582,-0.0002676731951855107,0.48594210476909255,33.09110862292145,True,0.598082590485037,False,mua,HPC,1667.00732421875,4.516818929352368
144,flicker_20Hz,516,3.0555555555555554,1.4583333333333335,2.095238095238095,0.35384615384615375,0.09336301354197254,0.04668150677098627,0.00024164688620460732,0.3249866753515466,75.31275338028115,True,0.4601581243915704,False,mua,HPC,1693.172119140625,2.234869942358897
141,flicker_20Hz,1318,6.597222222222222,4.166666666666666,1.5833333333333335,0.22580645161290328,0.044712280802734705,0.022356140401367353,-0.00025912493243358684,0.5175936027561794,68.51257800122316,True,0.6273861851590053,False,mua,HPC,1694.698974609375,6.066075557831292
145,flicker_20Hz,1602,8.402777777777777,5.208333333333334,1.613333333333333,0.2346938775510203,0.0696695154800616,0.0348347577400308,0.0005896086668233798,0.14313794389779816,304.59584994325064,True,0.24625882821126566,False,mua,HPC,1745.724365234375,7.191620784599049
146,flicker_20Hz,676,3.680555555555556,1.9444444444444444,1.892857142857143,0.308641975308642,0.04072039124777112,0.02036019562388556,-0.0010663297859114182,0.7557465111295915,334.2863833538348,True,0.817023255275234,False,mua,HPC,1746.5018310546875,3.210474346298893
147,flicker_20Hz,847,4.861111111111111,2.708333333333333,1.794871794871795,0.28440366972477066,0.015264697030050949,0.007632348515025474,-0.0011237114964006791,0.951884398077096,48.234101954973355,True,0.9684207393866793,False,mua,HPC,1748.5361328125,3.5582262810366294
148,flicker_20Hz,1727,8.472222222222223,5.763888888888888,1.4698795180722894,0.1902439024390245,0.05366004848275413,0.026830024241377065,0.0001408929876994818,0.2885043577895185,5.815705385488084,True,0.42741386339187926,False,mua,HPC,1756.7283935546875,7.349474051903209
149,flicker_20Hz,1098,5.555555555555555,3.194444444444444,1.7391304347826089,0.2698412698412698,0.04486751789614166,0.02243375894807083,-0.0004078447151202529,0.5755597264440423,344.5137136853868,True,0.6721865418324582,False,mua,HPC,1772.805419921875,4.721355619067282
150,flicker_20Hz,1788,9.51388888888889,6.041666666666666,1.574712643678161,0.22321428571428578,0.09794275919444306,0.04897137959722153,0.0018399409530741103,0.013713870697624872,307.74899557979654,True,0.03226793105323499,True,mua,HPC,1812.88720703125,7.116848184297078
151,flicker_20Hz,1464,7.499999999999999,4.583333333333333,1.6363636363636362,0.24137931034482757,0.04925034987829474,0.02462517493914737,-7.671326827942062e-05,0.411642559225597,338.73134731708745,True,0.5316679673766065,False,mua,HPC,1814.18701171875,5.795074334514626
152,flicker_20Hz,1355,7.013888888888888,4.583333333333333,1.5303030303030303,0.20958083832335328,0.08991511107262133,0.044957555536310666,0.0012841221113217285,0.06463011238472616,1.7426838501054258,True,0.12610753636044128,False,mua,HPC,1855.1988525390625,5.168408731983825
153,flicker_20Hz,2487,12.847222222222221,8.680555555555555,1.48,0.19354838709677416,0.09430430497552388,0.04715215248776194,0.0018219672080763908,0.0039605434639128885,290.6642053380863,True,0.010925637141828658,True,mua,HPC,1856.607421875,9.578805283128627
154,flicker_20Hz,3091,16.805555555555554,10.902777777777777,1.5414012738853502,0.21303258145363407,0.06734668180445677,0.033673340902228385,0.0008106362479990847,0.030037977872715674,348.3541066151884,True,0.06675106193936817,False,mua,HPC,1891.9034423828125,12.459330694761682
155,flicker_20Hz,2522,12.63888888888889,8.61111111111111,1.467741935483871,0.18954248366013077,0.0033911122841336454,0.0016955561420668227,-0.0003937919378773776,0.9927771186491946,217.89390483428258,True,0.9927771186491945,False,mua,HPC,1893.3917236328125,9.824486684120815
159,flicker_20Hz,1578,8.26388888888889,4.791666666666666,1.7246376811594206,0.26595744680851074,0.12872477768149596,0.06436238884074798,0.003511028522206655,0.0014421809265790105,320.15416226946644,True,0.00501628148375308,True,mua,HPC,1928.7998046875,6.060141224473992
157,flicker_20Hz,3657,17.98611111111111,12.222222222222221,1.4715909090909092,0.19080459770114944,0.0957807566055182,0.0478903783027591,0.0020205926798057727,0.000226910967067868,341.4868255240948,True,0.0009554145981804969,True,mua,HPC,1935.87744140625,14.61151559234221
162,flicker_20Hz,4343,22.01388888888889,15.555555555555555,1.4151785714285714,0.17190388170055454,0.06937420334070775,0.034687101670353875,0.0009731635149247245,0.00537258196465227,3.4059634271771837,True,0.014158032395989333,True,mua,HPC,1953.154052734375,18.08270498413845
161,flicker_20Hz,688,3.75,1.7361111111111112,2.16,0.3670886075949367,0.13279439693613487,0.06639719846806744,0.002959401047325562,0.048110788094235385,306.45190229988077,True,0.09868879609073924,False,mua,HPC,1969.720458984375,2.792697277945026
160,flicker_20Hz,4586,23.40277777777778,15.416666666666664,1.5180180180180183,0.20572450805008954,0.10985140283789123,0.054925701418945615,0.0027993881469577904,9.717829427186216e-07,340.74769591772576,True,5.553045386963553e-06,True,mua,HPC,1973.4671630859375,19.27313225561268
163,flicker_20Hz,1481,7.916666666666666,4.652777777777778,1.7014925373134326,0.2596685082872928,0.048696375675033786,0.024348187837516893,-8.244086102158169e-05,0.4156876090144989,10.191669086406861,True,0.5320801395385586,False,mua,HPC,1993.0799560546875,5.831075956882241
168,flicker_20Hz,2410,12.222222222222221,8.541666666666668,1.4308943089430892,0.17725752508361195,0.0861110077601038,0.0430555038800519,0.0014394359313491267,0.011461684633981352,14.540305709898519,True,0.02737118718562711,True,mua,HPC,1994.9326171875,10.583290109407478
169,flicker_20Hz,2772,13.402777777777777,8.958333333333334,1.4961240310077517,0.1987577639751552,0.09024935230666589,0.045124676153332946,0.0016760906875129852,0.003530541254216507,3.6275117246576882,True,0.010087260726332878,True,mua,HPC,1997.716796875,10.65727146526181
166,flicker_20Hz,1147,6.597222222222222,3.5416666666666665,1.8627450980392157,0.30136986301369867,0.14430772571874398,0.07215386285937199,0.004338122490909103,0.0025372646750987755,2.9949724631128443,True,0.00796004603952557,True,mua,HPC,2027.255126953125,4.067392083092905
167,flicker_20Hz,320,2.2222222222222223,0.8333333333333333,2.666666666666667,0.45454545454545464,0.08887203676925762,0.04443601838462881,-0.0011540466659520309,0.531961514615899,334.7153977637789,True,0.6351779278995809,False,mua,HPC,2027.8082275390625,1.2687604717905794
164,flicker_20Hz,1430,7.430555555555555,4.791666666666667,1.5507246376811592,0.21590909090909088,0.08320040641719316,0.04160020320859658,0.0010319978845381638,0.08416884231405071,325.4592425130619,True,0.15479327322124267,False,mua,HPC,2031.1707763671875,6.851781294337712
171,flicker_20Hz,809,4.305555555555555,2.4305555555555554,1.7714285714285716,0.27835051546391754,0.12838438954598413,0.06419219477299207,0.002888113906741291,0.03561558920010298,9.380818866567873,True,0.07700667935157401,False,mua,HPC,2033.68896484375,3.294346257748723
173,flicker_20Hz,1332,7.361111111111112,3.958333333333333,1.8596491228070178,0.3006134969325154,0.13184054484134056,0.06592027242067028,0.0035974323402948837,0.0030509409485246297,277.8839152605625,True,0.008875464577526195,True,mua,HPC,2037.5264892578125,5.936707090642168
172,flicker_20Hz,2937,15.902777777777779,9.027777777777779,1.7615384615384615,0.2757660167130919,0.07821900013706068,0.03910950006853034,0.0011894745054862636,0.011184227632726309,349.4057812224882,True,0.02737118718562711,True,mua,HPC,2055.85498046875,11.730594558485334
177,flicker_20Hz,329,2.0833333333333335,0.6944444444444444,3.0000000000000004,0.5000000000000001,0.06321896205001701,0.031609481025008504,-0.0020465749797849006,0.7201423599700648,195.6938236870551,True,0.7838284190150365,False,mua,HPC,2073.6142578125,1.4024807834417223
176,flicker_20Hz,679,3.8194444444444446,1.8055555555555554,2.115384615384616,0.3580246913580248,0.12573710209914407,0.06286855104957204,0.0024833580366052,0.06826260471308297,327.3583876495548,True,0.13159056330232863,False,mua,HPC,2078.0791015625,2.6949785886614985
180,flicker_20Hz,1319,7.916666666666666,3.611111111111111,2.192307692307692,0.3734939759036145,0.19020608632700903,0.09510304316350451,0.008292725836272725,6.44401393061262e-06,5.2591023727797275,True,3.22200696530631e-05,True,mua,HPC,2091.478271484375,4.554007418391443
181,flicker_20Hz,1231,6.597222222222222,3.1944444444444446,2.0652173913043477,0.34751773049645385,0.14341457172517547,0.07170728586258773,0.0043331071505315405,0.0017726145715614412,355.60339065487045,True,0.005823052555989394,True,mua,HPC,2092.29345703125,4.804040663845652
179,flicker_20Hz,7115,34.513888888888886,25.48611111111111,1.3542234332425067,0.1504629629629629,0.11019578042052251,0.055097890210261256,0.0028956363441805665,4.1016832229977857e-10,351.1711971660238,True,3.2813465783982286e-09,True,mua,HPC,2093.244873046875,28.42189618144902
178,flicker_20Hz,58,0.625,0.0,inf,1.0,0.3532098505584039,0.17660492527920196,0.014192620679063255,0.16406715089106744,182.72095151070172,False,0.2734452514851124,False,mua,HPC,2103.47509765625,0.21126226751985325
183,flicker_20Hz,3041,15.277777777777779,10.069444444444445,1.517241379310345,0.20547945205479454,0.09616603805730625,0.048083019028653126,0.001983789869146302,0.0008817236998160632,312.53666843933183,True,0.003280832371408608,True,mua,HPC,2115.36962890625,12.54043325064477
182,flicker_20Hz,1463,7.777777777777779,4.791666666666666,1.6231884057971018,0.23756906077348078,0.08889032710252312,0.04444516355126156,0.001292729179078621,0.055553439394233406,348.4595202429382,True,0.11110687878846681,False,mua,HPC,2136.575927734375,5.68430011184504
185,flicker_20Hz,2249,11.666666666666668,7.083333333333333,1.647058823529412,0.24444444444444452,0.10965769044969863,0.054828845224849314,0.002562699689628511,0.0011539879115742345,348.6639513086646,True,0.004196319678451762,True,mua,HPC,2179.346923828125,8.918511791573131
184,flicker_20Hz,2316,11.527777777777779,7.708333333333333,1.4954954954954958,0.19855595667870043,0.10452893224830952,0.05226446612415476,0.002300788922231794,0.0017833098452717517,332.3288848654622,True,0.005823052555989394,True,mua,HPC,2179.62841796875,8.91257745821583
187,flicker_20Hz,1381,7.847222222222223,4.305555555555555,1.8225806451612907,0.2914285714285715,0.1302312761677984,0.0651156380838992,0.0035184811392494834,0.0028523899666917573,0.9572579034013099,True,0.008453010485971715,True,mua,HPC,2219.548583984375,4.806810019412391
186,flicker_20Hz,1141,5.972222222222221,2.986111111111111,1.9999999999999998,0.33333333333333326,0.1569951675408767,0.07849758377043835,0.0052900828250406675,0.0008774728087641544,33.35790425091833,True,0.003280832371408608,True,mua,HPC,2220.048583984375,4.302391684041955
189,flicker_20Hz,1207,6.180555555555555,3.75,1.6481481481481481,0.24475524475524474,0.08364448629097546,0.04182224314548773,0.0009213629570616885,0.12109107171117904,355.7034851838067,True,0.21769181431223197,False,mua,HPC,2232.44677734375,4.65884730770373
188,flicker_20Hz,1590,8.333333333333332,5.347222222222222,1.5584415584415583,0.21827411167512684,0.09718804419865426,0.04859402209932713,0.001733538441929472,0.02338572940987999,351.9601714636757,True,0.0527002352898704,False,mua,HPC,2233.57275390625,6.1859490916487365
190,flicker_20Hz,1700,8.61111111111111,5.277777777777778,1.631578947368421,0.23999999999999996,0.09532316734930449,0.047661583674652244,0.0016843820772448445,0.02100860110097457,350.42904914117656,True,0.04801965965937045,True,mua,HPC,2294.13427734375,6.9265538946396825
191,flicker_20Hz,1378,6.944444444444445,4.513888888888889,1.5384615384615383,0.2121212121212121,0.06495966163051886,0.03247983081525943,0.0003294891116105253,0.23373614008270946,327.3518356063311,True,0.3630852661478982,False,mua,HPC,2294.20751953125,5.542667355717498
194,flicker_20Hz,1528,8.125,4.513888888888889,1.7999999999999998,0.2857142857142857,0.10823057030957539,0.054115285154787696,0.0022755030291569936,0.01137307054580525,10.681929517910936,True,0.02737118718562711,True,mua,HPC,2334.79296875,6.192279047229856
193,flicker_20Hz,1434,7.361111111111111,4.305555555555555,1.7096774193548387,0.2619047619047619,0.13069162010691393,0.06534581005345697,0.0035752180003293184,0.0021815994873084486,342.783731085046,True,0.0069811183593870355,True,mua,HPC,2349.2587890625,5.6645190006540425
192,flicker_20Hz,1968,9.930555555555555,6.666666666666666,1.4895833333333335,0.196652719665272,0.05961737210821199,0.029808686054105995,0.00038062108799582833,0.1740129004922726,324.2899420413975,True,0.287031588440862,False,mua,HPC,2349.681640625,8.056450965869459
196,flicker_20Hz,7805,54.93055555555556,23.819444444444443,2.306122448979592,0.39506172839506176,0.039578661000967595,0.019789330500483798,0.0002635283676237619,0.0470436757290726,238.08926348091398,True,0.09775309242404696,False,mua,HPC,2384.36865234375,30.691976501727893
195,flicker_20Hz,6315,41.52777777777778,21.319444444444443,1.947882736156352,0.3215469613259669,0.02563740674129847,0.012818703370649234,5.9669735193447475e-06,0.3542912590007714,209.3839722875253,True,0.48450086700960193,False,mua,HPC,2384.6845703125,23.959277496759984
197,flicker_20Hz,468,2.8472222222222223,1.1805555555555554,2.4117647058823533,0.41379310344827597,0.13349533285276527,0.06674766642638263,0.002323463502218541,0.12428818918911073,241.7981984035686,True,0.21852868428854635,False,mua,HPC,2423.4501953125,1.6394584955098723
198,flicker_20Hz,596,3.958333333333333,1.4583333333333333,2.7142857142857144,0.46153846153846156,0.19829637264524486,0.09914818632262243,0.008166212200394974,0.002827340672581939,262.968764601915,True,0.008453010485971715,True,mua,HPC,2449.637939453125,2.3895582318724973
199,flicker_20Hz,885,5.0,2.5,2.0,0.3333333333333333,0.12301626987674111,0.061508134938370554,0.0026563086394605978,0.03510352752170165,315.70100061066876,True,0.07693923840372964,False,mua,HPC,2478.93896484375,3.5036304141494763
202,flicker_20Hz,1226,6.666666666666666,3.125,2.1333333333333333,0.36170212765957444,0.22557447232003341,0.11278723616001671,0.011915018567668944,1.6139754743247342e-07,320.3720799785458,True,1.03294430356783e-06,True,mua,HPC,2495.99462890625,5.84136213470156
201,flicker_20Hz,669,6.111111111111112,1.0416666666666665,5.866666666666668,0.7087378640776698,0.24064958798365152,0.12032479399182576,0.013002723797751917,6.044235278167469e-05,289.42256390509743,True,0.0002613723363531878,True,mua,HPC,2508.2275390625,2.116183275212912
203,flicker_20Hz,1380,9.027777777777777,2.7083333333333335,3.3333333333333326,0.5384615384615383,0.30621125369724794,0.15310562684862397,0.022733168602131926,7.46206453469784e-15,312.03174605894907,True,9.184079427320419e-14,True,mua,HPC,2514.4150390625,6.854155027680632
204,flicker_20Hz,1846,11.458333333333334,6.25,1.8333333333333335,0.29411764705882354,0.11940603939001153,0.059703019695005764,0.0030243770921714614,0.001382221641365909,271.684469396749,True,0.004914565835967677,True,mua,HPC,2524.290771484375,7.50297547474535
205,flicker_20Hz,9357,42.638888888888886,35.06944444444444,1.2158415841584158,0.09740840035746201,0.048190289600887115,0.024095144800443558,0.0004737547733693651,0.004370193563471595,265.0977387239338,True,0.011851372375516192,True,mua,HPC,2536.6416015625,37.20945701693775
206,flicker_20Hz,9097,41.59722222222222,34.16666666666667,1.2174796747967478,0.09807516040329965,0.03324286519013371,0.016621432595066855,0.00016636395994919264,0.08100195153599186,256.6829673966923,True,0.15210890283478143,False,mua,HPC,2538.06640625,37.26286601715344
200,flicker_20Hz,14,0.20833333333333334,0.0,inf,1.0,0.3328967994162094,0.1664483997081047,-0.04708684794496571,0.6859531744806694,270.57960312781915,False,0.7621701938674105,False,mua,HPC,2553.99560546875,0.08901500035948873
1,phase_reversing_1,1915,8.784722222222221,6.909722222222222,1.2713567839195978,0.11946902654867252,0.06566035337083478,0.03283017668541739,0.0005559175860970798,0.12693964816290537,67.72113994960088,True,0.8802151935137466,False,mua,CTX,72.90603637695312,7.531064652636566
0,phase_reversing_1,819,4.166666666666667,2.6736111111111107,1.5584415584415587,0.218274111675127,0.037244395891243384,0.018622197945621692,-0.0008752836871260077,0.7528650835186264,75.48611483549539,True,0.9769538155452139,False,mua,CTX,73.41268920898438,3.241728501980669
3,phase_reversing_1,3662,16.59722222222222,13.993055555555555,1.1861042183622827,0.08513053348467649,0.032691333305108795,0.016345666652554398,-5.895614128718208e-06,0.3759316552846061,106.48842214917939,True,0.9722844876267847,False,mua,CTX,79.40536499023438,15.250445483811427
2,phase_reversing_1,1161,5.243055555555555,4.409722222222222,1.1889763779527558,0.08633093525179852,0.014439225873548614,0.007219612936774307,-0.000809901221102681,0.9413038212571997,334.4806494421925,True,0.9930091819394169,False,mua,CTX,81.89913940429688,4.824613019484289
6,phase_reversing_1,840,4.166666666666667,2.8125,1.4814814814814816,0.1940298507462687,0.02796253870239186,0.01398126935119593,-0.0009961862337981168,0.8486485968360545,250.66818340852433,True,0.9783083583503205,False,mua,CTX,125.71984100341797,3.673747970392055
5,phase_reversing_1,1260,6.215277777777778,4.305555555555555,1.4435483870967742,0.18151815181518155,0.07197021507354129,0.035985107536770644,0.000501675325802632,0.19563786712424946,62.209851595690594,True,0.9336876700885711,False,mua,CTX,125.89278411865234,5.509039466692802
4,phase_reversing_1,591,2.743055555555556,2.0833333333333335,1.3166666666666667,0.1366906474820144,0.0522469190385056,0.0261234595192528,-0.001011323447259089,0.6682807590170164,240.25750782263796,True,0.9769538155452139,False,mua,CTX,130.6201171875,2.44929718766931
7,phase_reversing_1,350,1.8055555555555554,1.0763888888888888,1.6774193548387095,0.25301204819277107,0.06417151813501555,0.032085759067507776,-0.0018328837328700429,0.6977447347794259,318.7782093351473,True,0.9769538155452139,False,mua,CTX,186.6515655517578,1.428591850213839
8,phase_reversing_1,632,3.0555555555555554,2.0833333333333335,1.4666666666666666,0.18918918918918912,0.07797879155369204,0.03898939577684602,-6.220392189617076e-05,0.3827572214255623,96.45202971124178,True,0.9722844876267847,False,mua,CTX,218.69528198242188,2.2700803202788724
9,phase_reversing_1,457,2.326388888888889,1.597222222222222,1.4565217391304348,0.1858407079646018,0.0477934443479221,0.02389672217396105,-0.0016206768155452125,0.7704940833682624,154.39076627490658,True,0.9769538155452139,False,mua,CTX,250.51275634765625,2.1213263641225715
10,phase_reversing_1,731,3.854166666666667,2.2569444444444446,1.7076923076923076,0.26136363636363635,0.12462948707557894,0.06231474353778947,0.00251858360089579,0.05846183571573801,342.72144381637827,True,0.878256761634575,False,mua,CTX,305.61083984375,3.4233191027140264
11,phase_reversing_1,538,2.5694444444444446,1.9444444444444444,1.3214285714285716,0.1384615384615385,0.05641655156215851,0.028208275781079255,-0.0010650088072117593,0.6519563012904858,172.43166132936247,True,0.9769538155452139,False,mua,CTX,331.4168395996094,2.361073431757461
13,phase_reversing_1,597,3.4027777777777777,1.7361111111111112,1.96,0.3243243243243243,0.13551118685089572,0.06775559342544786,0.002920670810301094,0.06446897540649808,341.6923286237052,True,0.878256761634575,False,mua,CTX,385.3935546875,2.588556210453932
12,phase_reversing_1,737,3.5416666666666665,2.5,1.4166666666666665,0.17241379310344826,0.05748077410474786,0.02874038705237393,-0.0005315635082646278,0.5441762793984531,174.10799019831782,True,0.9769538155452139,False,mua,CTX,388.285888671875,3.331139124563978
14,phase_reversing_1,3881,18.26388888888889,14.20138888888889,1.2860635696821516,0.12513368983957218,0.04193440467797762,0.02096720233898881,0.000182004920206037,0.18156405002826606,0.9282988186372927,True,0.9336876700885711,False,mua,CTX,424.4336242675781,14.317172657820166
16,phase_reversing_1,278,1.3541666666666667,0.763888888888889,1.7727272727272727,0.2786885245901639,0.10551956035234568,0.05275978017617284,-0.0008164648217393991,0.4616324310164867,328.0688809732153,True,0.9722844876267847,False,mua,CTX,424.6138000488281,1.240275671675543
17,phase_reversing_1,263,1.3194444444444444,0.8680555555555556,1.52,0.20634920634920634,0.05166390886620641,0.025831954433103203,-0.0031469571153957213,0.8392947323544335,196.45603873834395,True,0.9783083583503205,False,mua,CTX,462.4216613769531,1.0749055821188038
18,phase_reversing_1,970,4.722222222222222,3.298611111111111,1.431578947368421,0.17748917748917747,0.01886675050962141,0.009433375254810705,-0.00094291133989976,0.9173406819854231,127.70472960426271,True,0.9930091819394169,False,mua,CTX,463.1156005859375,3.9332761492179418
19,phase_reversing_1,5509,24.72222222222222,20.13888888888889,1.2275862068965517,0.10216718266253867,0.037953533745778235,0.018976766872889118,0.0001786289586678344,0.13753362398652288,82.44977800766131,True,0.8802151935137466,False,mua,CTX,464.17071533203125,20.402238082394817
21,phase_reversing_1,1849,8.368055555555555,7.048611111111112,1.187192118226601,0.08558558558558553,0.008364567466419595,0.004182283733209798,-0.0005236245788045688,0.9681839523909315,50.16704110185437,True,0.9930091819394169,False,mua,CTX,488.3040771484375,6.508776826285816
22,phase_reversing_1,121,0.7986111111111112,0.2777777777777778,2.875,0.48387096774193555,0.09713681337420535,0.048568406687102675,-0.005954785787475169,0.7524523840712719,0.5157750740826567,False,0.9769538155452139,False,mua,CTX,503.4034729003906,0.5598054467052291
24,phase_reversing_1,2818,13.125,10.381944444444445,1.2642140468227425,0.11669128508124077,0.047524783952029345,0.023762391976014673,0.00020986414117306982,0.20369539343238535,6.367841703186849,True,0.9336876700885711,False,mua,CTX,505.1506652832031,10.605444953941397
28,phase_reversing_1,2043,9.479166666666668,7.291666666666666,1.3000000000000003,0.13043478260869573,0.04707404843426663,0.023537024217133315,6.454684274375658e-05,0.3224895953353383,246.09172083813218,True,0.9722844876267847,False,mua,CTX,512.4619750976562,7.116848184297078
26,phase_reversing_1,183,0.9722222222222223,0.5902777777777777,1.6470588235294121,0.24444444444444458,0.10457013473370345,0.05228506736685173,-0.0027457567399517095,0.6069865111741114,352.3022552886027,False,0.9769538155452139,False,mua,CTX,548.7279663085938,0.7591990475104838
33,phase_reversing_1,5842,26.354166666666664,22.22222222222222,1.1859374999999999,0.08506075768406002,0.0063838941287104305,0.0031919470643552153,-0.00016101329066048017,0.9422200556188318,237.14629445732163,True,0.9930091819394169,False,mua,CTX,553.48486328125,22.320214623473934
31,phase_reversing_1,2837,12.63888888888889,10.694444444444445,1.1818181818181819,0.08333333333333333,0.006804879796397368,0.003402439898198684,-0.0003410286296089409,0.9676961707626337,43.958125788159684,True,0.9930091819394169,False,mua,CTX,584.6793823242188,10.041683284997967
29,phase_reversing_1,164,0.8680555555555556,0.4513888888888889,1.9230769230769231,0.31578947368421056,0.13056974868520635,0.06528487434260317,-0.001846706563555609,0.4977776252996074,174.42989583260953,False,0.9769538155452139,False,mua,CTX,588.9581298828125,0.6401167581406789
34,phase_reversing_1,5010,22.53472222222222,19.34027777777778,1.1651705565529622,0.0762852404643449,0.0288205819630923,0.01441029098154615,8.05729601235375e-06,0.35334541893161364,213.31296035606954,True,0.9722844876267847,False,mua,CTX,612.848876953125,18.62272931965268
37,phase_reversing_1,6473,29.96527777777778,24.27083333333333,1.2346208869814024,0.10499359795134454,0.04363351360177333,0.021816756800886666,0.00032153267750639395,0.04590927393499629,244.09591185613388,True,0.878256761634575,False,mua,CTX,626.8199462890625,25.036556812221708
36,phase_reversing_1,5829,26.5625,21.59722222222222,1.229903536977492,0.10310021629416008,0.028051333781208294,0.014025666890604147,2.516763634728172e-05,0.3177040411331841,59.68898204096194,True,0.9722844876267847,False,mua,CTX,626.8485717773438,21.47200057560396
38,phase_reversing_1,852,4.444444444444445,2.8125,1.580246913580247,0.22488038277511962,0.08823885739174826,0.04411942869587413,0.0007737231940771731,0.19046779392422777,191.25456474413716,True,0.9336876700885711,False,mua,CTX,649.0108642578125,3.854151704453952
39,phase_reversing_1,6662,29.02777777777778,24.375,1.190883190883191,0.08712613784135242,0.02159017132896271,0.010795085664481355,-3.357623901182162e-05,0.46009926314419086,125.87231499742026,True,0.9722844876267847,False,mua,CTX,654.4733276367188,26.821999908321143
40,phase_reversing_1,756,3.7152777777777777,2.5,1.4861111111111112,0.19553072625698323,0.11089634206317497,0.05544817103158749,0.0017540685444842677,0.09782537755332142,88.87088334640285,True,0.878256761634575,False,mua,CTX,700.1046752929688,3.5578306588128092
42,phase_reversing_1,1434,7.534722222222221,5.034722222222222,1.496551724137931,0.19889502762430936,0.052071168393026786,0.026035584196513393,-1.9512031998143656e-05,0.37837668491129617,78.58179334040082,True,0.9722844876267847,False,mua,CTX,702.7573852539062,6.617177315612482
41,phase_reversing_1,775,3.7152777777777777,2.7777777777777777,1.3375,0.1443850267379679,0.018409231801116612,0.009204615900558306,-0.0012071552464411777,0.9364858260279643,287.43909997737853,True,0.9930091819394169,False,mua,CTX,707.9666137695312,4.056314660825946
48,phase_reversing_1,3837,18.09027777777778,13.854166666666668,1.3057644110275688,0.1326086956521739,0.03880561091488562,0.01940280545744281,0.00011587878372250587,0.2358737133144322,341.48742012458104,True,0.9336876700885711,False,mua,CTX,727.296875,13.284203031426276
46,phase_reversing_1,567,2.708333333333333,2.013888888888889,1.3448275862068964,0.14705882352941174,0.031240727186782353,0.015620363593391176,-0.001522357605594023,0.8708965135923377,155.70481074369823,True,0.9783083583503205,False,mua,CTX,730.2316284179688,2.675593099694321
47,phase_reversing_1,2208,10.625,8.333333333333334,1.275,0.12087912087912084,0.06256052740282567,0.03128026370141283,0.0005257944780623809,0.11527119996453795,219.37014894116658,True,0.878256761634575,False,mua,CTX,742.1814575195312,6.9206195612823835
44,phase_reversing_1,585,2.8819444444444446,2.013888888888889,1.4310344827586208,0.17730496453900713,0.03136704821750046,0.01568352410875023,-0.0014659346521321858,0.8660781702043087,264.002569029854,True,0.9783083583503205,False,mua,CTX,743.8521728515625,2.5394990547002583
43,phase_reversing_1,1614,7.847222222222222,5.798611111111111,1.3532934131736527,0.15012722646310436,0.02950425373469586,0.01475212686734793,-0.00040220263556350243,0.70387291027359,39.95784148851062,True,0.9769538155452139,False,mua,CTX,749.934326171875,7.295273807239876
52,phase_reversing_1,3193,14.54861111111111,12.222222222222221,1.1903409090909092,0.08690012970168615,0.002840917571303924,0.001420458785651962,-0.00031126487274579497,0.9935791813700582,192.89169519367726,True,0.999595805176083,False,mua,CTX,765.3553466796875,12.685230984562873
51,phase_reversing_1,353,1.6666666666666667,1.25,1.3333333333333335,0.14285714285714288,0.022883861381419467,0.011441930690709734,-0.0027096193874725995,0.9548986062973454,162.80340054694457,True,0.9930091819394169,False,mua,CTX,770.325439453125,1.7019668068734244
54,phase_reversing_1,432,2.013888888888889,1.4583333333333333,1.380952380952381,0.16,0.049084592110228975,0.024542296055114488,-0.0017164638150260424,0.7710960462626651,355.61844896038053,True,0.9769538155452139,False,mua,CTX,809.6605224609375,2.1735484976668045
53,phase_reversing_1,3191,14.131944444444445,12.638888888888888,1.1181318681318684,0.05577172503242548,0.02199850970516713,0.010999254852583564,-0.00019245809061665923,0.6797638092285659,219.38272863341328,True,0.9769538155452139,False,mua,CTX,810.2553100585938,12.138085449019883
61,phase_reversing_1,1519,7.291666666666666,5.381944444444445,1.3548387096774193,0.15068493150684925,0.0427432998762984,0.0213716499381492,-0.00020171321961878386,0.4997485551721588,68.55497114227924,True,0.9769538155452139,False,mua,CTX,847.1752319335938,7.789801587014813
59,phase_reversing_1,331,1.5972222222222223,1.0069444444444444,1.5862068965517242,0.22666666666666668,0.07160101215860486,0.03580050607930243,-0.0017447429273884539,0.6546003595064963,202.08816382749686,True,0.9769538155452139,False,mua,CTX,851.4287719726562,1.57892829526542
60,phase_reversing_1,583,3.2638888888888884,1.9791666666666665,1.6491228070175437,0.2450331125827814,0.07162519814587379,0.03581259907293689,-0.000433467125214346,0.4736338636964467,102.8089829243162,True,0.9769538155452139,False,mua,CTX,855.4642944335938,2.9335387896249285
62,phase_reversing_1,45,0.3125,0.10416666666666667,3.0,0.49999999999999994,0.148731057031578,0.074365528515789,-0.017071353808762086,0.7815630524361711,149.69762965218519,False,0.9769538155452139,False,mua,CTX,877.8511352539062,0.22748277869647118
63,phase_reversing_1,1252,5.902777777777778,4.513888888888889,1.3076923076923075,0.13333333333333328,0.05048833036460499,0.025244165182302495,-0.00016158322906417285,0.45037807850640893,344.43313770310334,True,0.9722844876267847,False,mua,CTX,891.9421997070312,7.175400273422431
68,phase_reversing_1,256,1.2847222222222223,0.6944444444444444,1.8500000000000003,0.29824561403508776,0.083949785586602,0.041974892793301,-0.0021527676235202635,0.6373969168056415,308.76791361701623,True,0.9769538155452139,False,mua,CTX,932.6470336914062,1.1904272714742292
69,phase_reversing_1,3029,13.402777777777779,11.597222222222221,1.1556886227544911,0.07222222222222228,0.015268713832481098,0.007634356916240549,-0.00027194833707600344,0.8381871537654035,80.44156531651213,True,0.9783083583503205,False,mua,CTX,933.3778076171875,10.307937041628794
70,phase_reversing_1,1399,6.597222222222222,4.965277777777778,1.3286713286713288,0.14114114114114115,0.0010753206426298216,0.0005376603213149108,-0.0007150182968591259,0.999595805176083,219.341590745442,True,0.999595805176083,False,mua,CTX,967.37646484375,6.150343091504941
71,phase_reversing_1,763,3.7847222222222223,2.673611111111111,1.4155844155844155,0.17204301075268816,0.10487378413367615,0.052436892066838076,0.0014409001268597106,0.12269750181342753,30.01936809855185,True,0.8802151935137466,False,mua,CTX,967.621337890625,3.0834796124526895
73,phase_reversing_1,853,4.270833333333333,3.020833333333333,1.4137931034482758,0.17142857142857143,0.036579675779652585,0.018289837889826292,-0.0008387981231915316,0.7518633678761766,355.14838549847167,True,0.9769538155452139,False,mua,CTX,983.28515625,3.9127037935793045
74,phase_reversing_1,847,4.201388888888889,2.4305555555555554,1.7285714285714289,0.2670157068062828,0.08130209258547409,0.040651046292737046,0.00047242778640192696,0.2467385912186425,176.61595475503856,True,0.9336876700885711,False,mua,CTX,1005.5782470703125,3.369514480274513
75,phase_reversing_1,499,2.638888888888889,1.4583333333333333,1.8095238095238095,0.288135593220339,0.1368688264959848,0.0684344132479924,0.0026846409425339405,0.09658360941797203,310.9872795966391,True,0.878256761634575,False,mua,CTX,1006.634033203125,2.170383519876245
76,phase_reversing_1,1094,5.034722222222222,4.097222222222222,1.228813559322034,0.10266159695817491,0.013324636926253922,0.006662318463126961,-0.0008704859861750138,0.9526219276726301,133.5355886652982,True,0.9930091819394169,False,mua,HPC,1066.022705078125,4.6683422410754085
80,phase_reversing_1,952,4.791666666666667,2.708333333333333,1.7692307692307696,0.27777777777777785,0.044539306106671485,0.022269653053335742,-0.0005550657732340898,0.6237890239138454,170.96850894878816,True,0.9769538155452139,False,mua,HPC,1105.8084716796875,3.7702797930041223
78,phase_reversing_1,266,1.4930555555555556,0.625,2.388888888888889,0.40983606557377056,0.2385528739002211,0.11927643695011055,0.010506969801745824,0.02257918434918605,136.23479516187547,True,0.878256761634575,False,mua,HPC,1107.63916015625,1.1338532934679764
82,phase_reversing_1,392,2.048611111111111,1.2847222222222223,1.5945945945945945,0.22916666666666663,0.05200831724269505,0.026004158621347525,-0.0018795990380643286,0.7673718723471824,252.94456682728017,True,0.9769538155452139,False,mua,HPC,1147.5198974609375,1.555190961836223
81,phase_reversing_1,673,3.125,2.326388888888889,1.3432835820895523,0.1464968152866242,0.08120139676584523,0.040600698382922615,0.00016277447214114627,0.32988294845022453,79.55947247800486,True,0.9722844876267847,False,mua,HPC,1149.5631103515625,2.717924677643056
84,phase_reversing_1,368,2.013888888888889,1.1458333333333335,1.7575757575757573,0.27472527472527464,0.1324400228623393,0.06622001143116965,0.0016722427474972206,0.1992312120049491,256.64737461190333,True,0.9336876700885711,False,mua,HPC,1173.6036376953125,1.4697365614911138
83,phase_reversing_1,910,4.618055555555555,3.1249999999999996,1.4777777777777779,0.19282511210762335,0.12346344178340417,0.061731720891702084,0.0027148876583810966,0.031140900752071075,211.40428763077603,True,0.878256761634575,False,mua,HPC,1176.2711181640625,3.6278557924289405
88,phase_reversing_1,1978,9.618055555555555,7.569444444444444,1.2706422018348624,0.11919191919191922,0.031242131602474653,0.015621065801237326,-0.00026167576924415384,0.6171924123196982,167.8330671648634,True,0.9769538155452139,False,mua,HPC,1212.61376953125,8.199666210892282
91,phase_reversing_1,486,2.326388888888889,1.597222222222222,1.4565217391304348,0.1858407079646018,0.05429277376344673,0.027146386881723366,-0.0013234099136580405,0.6991822016918265,51.153345813612894,True,0.9769538155452139,False,mua,HPC,1268.5537109375,2.0916546973360752
92,phase_reversing_1,2421,11.38888888888889,8.958333333333332,1.2713178294573646,0.11945392491467585,0.0821507116991894,0.0410753558495947,0.0012746589015006562,0.016813814983008782,282.61440274457135,True,0.878256761634575,False,mua,HPC,1271.423828125,9.851388995340573
95,phase_reversing_1,828,4.097222222222222,2.638888888888889,1.5526315789473686,0.21649484536082478,0.1078258218580265,0.05391291092901325,0.0017009267556073583,0.09008855188882524,28.023051870298485,True,0.878256761634575,False,mua,HPC,1286.162841796875,3.543983880979111
94,phase_reversing_1,780,3.7847222222222223,2.8472222222222223,1.329268292682927,0.1413612565445026,0.06908266808941,0.034541334044705,-8.906170613792132e-05,0.39443458296703765,305.9314229534578,True,0.9722844876267847,False,mua,HPC,1306.9345703125,3.0122676121650986
93,phase_reversing_1,6352,28.055555555555557,24.6875,1.1364275668073136,0.06385780118499015,0.01383382093148029,0.006916910465740145,-0.00010960433517807458,0.7379475100345186,110.7886246265847,True,0.9769538155452139,False,mua,HPC,1309.1307373046875,26.173970705704065
99,phase_reversing_1,3516,15.45138888888889,13.854166666666666,1.1152882205513786,0.054502369668246474,0.014048509628708575,0.007024254814354288,-0.00023514082861149943,0.8407529161284565,243.63886157847844,True,0.9783083583503205,False,mua,HPC,1343.5479736328125,13.857855255965205
96,phase_reversing_1,539,2.881944444444444,1.8402777777777777,1.5660377358490565,0.22058823529411764,0.07963573795073667,0.039817868975368334,-0.00027032641306757563,0.4256616744197033,181.31804949327986,True,0.9722844876267847,False,mua,HPC,1344.404052734375,2.0236076748390435
102,phase_reversing_1,1518,7.048611111111112,5.3125,1.3267973856209152,0.14044943820224723,0.023123470969791275,0.011561735484895638,-0.0005254339365671385,0.816395240206284,189.28307754818485,True,0.9783083583503205,False,mua,HPC,1346.02197265625,6.199400247258614
100,phase_reversing_1,195,1.0069444444444444,0.5902777777777778,1.7058823529411764,0.26086956521739124,0.022059805926851837,0.011029902963425918,-0.0050323533088680135,0.9766142848500381,289.78550211446526,False,0.9952757043057714,False,mua,HPC,1348.2078857421875,0.773837069791822
106,phase_reversing_1,819,4.0625,2.6041666666666665,1.56,0.21875000000000006,0.0464451186957003,0.02322255934785015,-0.0006825473494839095,0.643092798704417,24.285885055534706,True,0.9769538155452139,False,mua,HPC,1364.9876708984375,3.545961992098211
107,phase_reversing_1,5243,23.645833333333332,20.520833333333336,1.1522842639593907,0.07075471698113199,0.026149956227067294,0.013074978113533647,-1.9779217637241553e-05,0.40808892635244437,255.32757811372213,True,0.9722844876267847,False,mua,HPC,1366.1378173828125,23.43151745018417
104,phase_reversing_1,394,2.048611111111111,1.2152777777777777,1.685714285714286,0.25531914893617025,0.11183890827147526,0.05591945413573763,0.0005904127944796753,0.2918744030940055,2.2075826377213734,True,0.9722844876267847,False,mua,HPC,1370.7872314453125,1.6635914511628893
112,phase_reversing_1,1100,5.243055555555555,3.958333333333333,1.324561403508772,0.13962264150943396,0.034206346158911174,0.017103173079455587,-0.0006171334100778928,0.7249535523988878,167.4885414692397,True,0.9769538155452139,False,mua,HPC,1395.1429443359375,4.780698952640274
111,phase_reversing_1,347,1.9097222222222223,1.1111111111111112,1.71875,0.26436781609195403,0.04966517321308433,0.024832586606542164,-0.002271733806135024,0.807586528127464,280.2787227984681,True,0.9783083583503205,False,mua,HPC,1396.742431640625,2.2692890758312325
115,phase_reversing_1,7845,34.09722222222223,31.145833333333332,1.0947603121516167,0.04523682810005333,0.026551192296063477,0.013275596148031739,4.8777944856808724e-05,0.2509285613363035,115.04558858527346,True,0.9336876700885711,False,mua,HPC,1410.151611328125,27.26034933231365
110,phase_reversing_1,657,3.368055555555556,2.1527777777777777,1.5645161290322582,0.22012578616352205,0.05835762557738356,0.02917881278869178,-0.0006716892575416272,0.5717432162399306,92.0611416106815,True,0.9769538155452139,False,mua,HPC,1414.1494140625,2.6475039218031045
114,phase_reversing_1,2603,11.840277777777779,9.479166666666666,1.2490842490842493,0.11074918566775252,0.0010005402205211374,0.0005002701102605687,-0.00038406938766836205,0.9993488838512605,310.6431248316342,True,0.999595805176083,False,mua,HPC,1418.731201171875,10.58289448718366
113,phase_reversing_1,2537,11.631944444444445,9.756944444444445,1.1921708185053381,0.08766233766233766,0.01566381358831017,0.007831906794155085,-0.00033295881531938975,0.8559116112954792,322.47669505481724,True,0.9783083583503205,False,mua,HPC,1419.045654296875,10.331278752834171
118,phase_reversing_1,2112,10.416666666666666,7.951388888888889,1.3100436681222707,0.1342155009451795,0.03148225784338978,0.01574112892169489,-0.00022580862571836398,0.592605402543978,303.21789696076615,True,0.9769538155452139,False,mua,HPC,1436.7525634765625,8.014515010144544
120,phase_reversing_1,1489,6.631944444444444,5.798611111111111,1.1437125748502994,0.06703910614525138,0.04210975324260733,0.021054876621303665,-0.00022843725928591534,0.516883961001423,212.7969001080204,True,0.9769538155452139,False,mua,HPC,1439.46923828125,6.3972113591685895
122,phase_reversing_1,1757,8.26388888888889,6.666666666666666,1.2395833333333335,0.10697674418604658,0.05955337487075156,0.02977668743537578,0.0003176799592223712,0.21060983430826968,108.06450843535103,True,0.9336876700885711,False,mua,HPC,1446.6519775390625,7.386266918718464
123,phase_reversing_1,1468,6.770833333333333,5.347222222222222,1.2662337662337662,0.11747851002865327,0.039037189362887595,0.019518594681443797,-0.0003004280229850732,0.5717034361305463,146.56598848369734,True,0.9769538155452139,False,mua,HPC,1458.62841796875,6.303844514347081
119,phase_reversing_1,1024,4.895833333333334,3.645833333333333,1.3428571428571432,0.14634146341463422,0.059855878352957914,0.029927939176478957,-8.09600191676945e-05,0.3997421981552752,249.71043118093598,True,0.9722844876267847,False,mua,HPC,1459.12548828125,3.6448675480531985
121,phase_reversing_1,1392,6.493055555555555,4.861111111111112,1.3357142857142856,0.14373088685015284,0.032586452078167946,0.016293226039083973,-0.000453247198456598,0.6911316435154564,255.59605754089174,True,0.9769538155452139,False,mua,HPC,1463.572265625,5.902287957169833
116,phase_reversing_1,397,1.979166666666667,1.25,1.5833333333333335,0.2258064516129033,0.06866966632342425,0.034334833161712125,-0.0013433947853729424,0.6265263410781315,82.21311869991086,True,0.9769538155452139,False,mua,HPC,1466.636474609375,1.435713050242598
127,phase_reversing_1,629,3.125,2.083333333333333,1.5000000000000002,0.20000000000000007,0.023300410605431386,0.011650205302715693,-0.0014564132780549009,0.918229846927562,67.76554839318813,True,0.9930091819394169,False,mua,HPC,1473.04736328125,2.76223436671089
125,phase_reversing_1,785,4.0625,2.638888888888889,1.5394736842105263,0.21243523316062177,0.0755838564608483,0.03779192823042415,0.00015454135702579156,0.32600368190412254,282.77092083383474,True,0.9722844876267847,False,mua,HPC,1475.7177734375,3.31531423561118
124,phase_reversing_1,1588,7.430555555555555,5.520833333333334,1.3459119496855345,0.1474530831099195,0.07596043219086529,0.037980216095432645,0.0008132860376013538,0.10118651193168628,326.9121275544164,True,0.878256761634575,False,mua,HPC,1490.3388671875,6.540822226415232
126,phase_reversing_1,2778,12.569444444444443,10.208333333333334,1.2312925170068025,0.10365853658536575,0.01936963596139018,0.00968481798069509,-0.00026627135300370054,0.770647914736792,81.23204435025261,True,0.9769538155452139,False,mua,HPC,1491.674072265625,11.910602670323412
130,phase_reversing_1,3885,17.673611111111114,15.208333333333332,1.162100456621005,0.0749736008447731,0.016427579548493863,0.008213789774246931,-0.00018998281657062082,0.7694514420847568,124.9425573589649,True,0.9769538155452139,False,mua,HPC,1537.6485595703125,16.922345001674536
129,phase_reversing_1,2074,9.479166666666666,7.916666666666666,1.1973684210526316,0.08982035928143713,0.01609337167575677,0.008046685837878384,-0.0004176122801413097,0.874363095275599,335.1583235116654,True,0.9783083583503205,False,mua,HPC,1544.405517578125,7.7035559422220645
131,phase_reversing_1,959,4.548611111111111,3.472222222222222,1.31,0.1341991341991342,0.05337727542923049,0.026688637714615247,-0.0003308144422166576,0.5051775648153465,230.2978755618005,True,0.9769538155452139,False,mua,HPC,1566.087158203125,3.873537193421129
132,phase_reversing_1,1936,9.0625,7.361111111111111,1.2311320754716981,0.1035940803382664,0.045943765775436365,0.022971882887718183,1.1184254778309274e-05,0.3600499667897414,321.39214950502316,True,0.9722844876267847,False,mua,HPC,1567.6287841796875,7.793362187029193
133,phase_reversing_1,1370,6.909722222222221,5.034722222222222,1.3724137931034481,0.15697674418604646,0.042701154240971505,0.021350577120485752,-0.0002742800683509136,0.5356073969466285,195.66698386193823,True,0.9769538155452139,False,mua,HPC,1582.4456787109375,5.329031354854725
134,phase_reversing_1,1492,7.083333333333333,5.138888888888889,1.3783783783783783,0.15909090909090903,0.06638005024062271,0.033190025120311356,0.0004316257740378625,0.19331083439945757,11.256002966005418,True,0.9336876700885711,False,mua,HPC,1609.666259765625,5.927607779494309
135,phase_reversing_1,1022,4.965277777777778,3.645833333333333,1.361904761904762,0.15322580645161293,0.014698323769747765,0.007349161884873882,-0.0009253688497756074,0.9463222181805346,335.37244467314474,True,0.9930091819394169,False,mua,HPC,1611.0538330078125,3.8767021712116887
140,phase_reversing_1,592,3.0902777777777777,1.909722222222222,1.6181818181818182,0.2361111111111111,0.12796013201648165,0.06398006600824083,0.0024083277784770914,0.08858830303465264,96.75517761597277,True,0.878256761634575,False,mua,HPC,1646.671142578125,2.181460942143204
139,phase_reversing_1,1120,5.555555555555555,4.131944444444445,1.3445378151260503,0.14695340501792112,0.09335823302999605,0.04667911651499802,0.0012872320901298057,0.08710397391294558,150.02648940120918,True,0.878256761634575,False,mua,HPC,1667.00732421875,4.516818929352368
144,phase_reversing_1,534,2.8125,1.8055555555555554,1.557692307692308,0.21804511278195493,0.06847911438946104,0.03423955719473052,-0.0007016258051408764,0.5349238410461202,165.88864621236488,True,0.9769538155452139,False,mua,HPC,1693.172119140625,2.234869942358897
141,phase_reversing_1,1478,6.944444444444444,4.652777777777778,1.4925373134328357,0.19760479041916165,0.07721790666753307,0.03860895333376654,0.0008146124496870726,0.1104427118105178,268.17620144475586,True,0.878256761634575,False,mua,HPC,1694.698974609375,6.066075557831292
145,phase_reversing_1,1707,7.638888888888889,6.388888888888889,1.1956521739130435,0.0891089108910891,0.04966643882399931,0.024833219411999653,3.088379737645336e-05,0.349049439321932,271.5185881314641,True,0.9722844876267847,False,mua,HPC,1745.724365234375,7.191620784599049
146,phase_reversing_1,678,3.506944444444444,2.2916666666666665,1.5303030303030303,0.20958083832335328,0.04418927230081108,0.02209463615040554,-0.0009882108451882549,0.7183648683498605,175.45149900291705,True,0.9769538155452139,False,mua,HPC,1746.5018310546875,3.210474346298893
147,phase_reversing_1,808,3.75,2.7083333333333335,1.3846153846153846,0.16129032258064513,0.06786474891634808,0.03393237445817404,-8.632456333735858e-05,0.3945425895133503,242.56690395946666,True,0.9722844876267847,False,mua,HPC,1748.5361328125,3.5582262810366294
148,phase_reversing_1,1776,8.472222222222223,6.631944444444445,1.2774869109947644,0.12183908045977015,0.02474611071389201,0.012373055356946005,-0.0004102015335289548,0.7619867198549716,117.08551914065241,True,0.9769538155452139,False,mua,HPC,1756.7283935546875,7.349474051903209
149,phase_reversing_1,1172,5.659722222222221,4.0625,1.3931623931623929,0.16428571428571423,0.0341937809655372,0.0170968904827686,-0.0005614176819652381,0.7100223639727764,255.154924258423,True,0.9769538155452139,False,mua,HPC,1772.805419921875,4.721355619067282
150,phase_reversing_1,1716,8.020833333333334,6.284722222222222,1.2762430939226521,0.12135922330097089,0.06572289414569696,0.03286144707284848,0.0004974139892631507,0.15676219336615194,191.33830086197383,True,0.8957839620922968,False,mua,HPC,1812.88720703125,7.116848184297078
151,phase_reversing_1,1380,6.319444444444445,4.965277777777778,1.2727272727272727,0.12000000000000004,0.04750181536529341,0.023750907682646705,-0.00016064847734992274,0.45918895131854426,319.60313217199746,True,0.9722844876267847,False,mua,HPC,1814.18701171875,5.795074334514626
152,phase_reversing_1,1198,5.902777777777777,4.340277777777778,1.3599999999999999,0.1525423728813559,0.058779235878436926,0.029389617939218463,2.9049349917002043e-05,0.3553814213273785,72.38345933687685,True,0.9722844876267847,False,mua,HPC,1855.1988525390625,5.168408731983825
153,phase_reversing_1,2312,11.215277777777779,8.57638888888889,1.3076923076923077,0.13333333333333333,0.059003035370561965,0.029501517685280983,0.0004380030418603187,0.13369052161716477,185.84620713563996,True,0.8802151935137466,False,mua,HPC,1856.607421875,9.578805283128627
154,phase_reversing_1,3066,13.993055555555555,11.840277777777777,1.1818181818181819,0.08333333333333337,0.03258835301382083,0.016294176506910413,-6.067746279752535e-05,0.44310662045249194,116.21934350226077,True,0.9722844876267847,False,mua,HPC,1891.9034423828125,12.459330694761682
155,phase_reversing_1,2350,11.11111111111111,8.4375,1.316872427983539,0.13676731793960922,0.0377644355251872,0.0188822177625936,-6.902313880804075e-05,0.4326781784654781,297.68936864903094,True,0.9722844876267847,False,mua,HPC,1893.3917236328125,9.824486684120815
159,phase_reversing_1,1451,6.840277777777779,5.208333333333334,1.3133333333333332,0.13544668587896252,0.05376898447454694,0.02688449223727347,3.361921659591827e-05,0.35043642396636326,161.96940128380783,True,0.9722844876267847,False,mua,HPC,1928.7998046875,6.060141224473992
157,phase_reversing_1,3555,17.118055555555557,13.541666666666668,1.264102564102564,0.11664779161947905,0.034276283286788604,0.017138141643394302,1.2425442010708578e-05,0.35201206298720517,268.5454112583394,True,0.9722844876267847,False,mua,HPC,1935.87744140625,14.61151559234221
162,phase_reversing_1,4086,18.40277777777778,15.624999999999998,1.177777777777778,0.08163265306122457,0.034795138259035054,0.017397569129517527,5.7951464348683116e-05,0.2903483196351646,191.3862641537234,True,0.9722844876267847,False,mua,HPC,1953.154052734375,18.08270498413845
161,phase_reversing_1,631,3.0902777777777777,2.0833333333333335,1.4833333333333332,0.19463087248322145,0.07288708961609404,0.03644354480804702,-0.00025706148316009754,0.43271952468324293,132.78675204183082,True,0.9722844876267847,False,mua,HPC,1969.720458984375,2.792697277945026
160,phase_reversing_1,4492,20.069444444444443,16.805555555555557,1.1942148760330575,0.08851224105461385,0.011049156504660151,0.005524578252330076,-0.0001921397964420833,0.8718952737738108,223.47905229284547,True,0.9783083583503205,False,mua,HPC,1973.4671630859375,19.27313225561268
163,phase_reversing_1,1293,6.284722222222222,4.479166666666666,1.4031007751937987,0.16774193548387104,0.0692256981641145,0.03461284908205725,0.0004249827962843746,0.21247250497251416,223.13032257924814,True,0.9336876700885711,False,mua,HPC,1993.0799560546875,5.831075956882241
168,phase_reversing_1,2572,11.458333333333334,9.375,1.2222222222222223,0.10000000000000002,0.02565052337159054,0.01282526168579527,-0.0002244023992380095,0.6550808654762053,195.3509727884862,True,0.9769538155452139,False,mua,HPC,1994.9326171875,10.583290109407478
169,phase_reversing_1,2478,11.284722222222221,9.270833333333334,1.2172284644194755,0.0979729729729729,0.01787740275471542,0.00893870137735771,-0.0003237815311372455,0.8204050002270632,290.83315535712137,True,0.9783083583503205,False,mua,HPC,1997.716796875,10.65727146526181
166,phase_reversing_1,978,4.6875,3.333333333333333,1.4062500000000002,0.1688311688311689,0.08801910168298595,0.044009550841492974,0.0009152815484483277,0.1504418219660313,175.29146650096698,True,0.8957839620922968,False,mua,HPC,2027.255126953125,4.067392083092905
167,phase_reversing_1,276,1.4236111111111112,0.6597222222222223,2.157894736842105,0.36666666666666664,0.19127692224126952,0.09563846112063476,0.005543612391870524,0.0800026053047716,207.72054351528908,True,0.878256761634575,False,mua,HPC,2027.8082275390625,1.2687604717905794
164,phase_reversing_1,1466,6.874999999999999,5.243055555555555,1.3112582781456952,0.13467048710601714,0.05568989470023944,0.02784494735011972,9.327647934249612e-05,0.3209459061348206,123.13256870265703,True,0.9722844876267847,False,mua,HPC,2031.1707763671875,6.851781294337712
171,phase_reversing_1,734,3.8888888888888893,2.4652777777777777,1.5774647887323945,0.2240437158469946,0.15855780658196764,0.07927890329098382,0.004929462575925696,0.009878323758233144,201.24840501867027,True,0.878256761634575,False,mua,HPC,2033.68896484375,3.294346257748723
173,phase_reversing_1,1374,6.284722222222222,5.0,1.2569444444444444,0.11384615384615386,0.011237874943071758,0.005618937471535879,-0.0006967366659019613,0.9575617020025997,101.55048421071365,True,0.9930091819394169,False,mua,HPC,2037.5264892578125,5.936707090642168
172,phase_reversing_1,2734,12.1875,10.069444444444445,1.210344827586207,0.09516380655226209,0.030043608613195893,0.015021804306597946,-0.00014016110902058867,0.5396353361169381,117.15009710254411,True,0.9769538155452139,False,mua,HPC,2055.85498046875,11.730594558485334
177,phase_reversing_1,324,1.7361111111111112,1.0416666666666667,1.6666666666666665,0.25,0.05223010905261816,0.02611505452630908,-0.0024118677163358537,0.8019862880236994,192.17943075984948,True,0.9783083583503205,False,mua,HPC,2073.6142578125,1.4024807834417223
176,phase_reversing_1,663,3.1944444444444446,2.361111111111111,1.3529411764705883,0.15000000000000002,0.05011193676348377,0.025055968381741886,-0.0008818241258677328,0.6596908484437068,37.58703516790536,True,0.9769538155452139,False,mua,HPC,2078.0791015625,2.6949785886614985
180,phase_reversing_1,1129,5.347222222222221,3.958333333333333,1.3508771929824561,0.14925373134328357,0.015141464680639675,0.007570732340319838,-0.0008291580224800219,0.9373654688234069,302.3451766773797,True,0.9930091819394169,False,mua,HPC,2091.478271484375,4.554007418391443
181,phase_reversing_1,1113,5.555555555555555,3.923611111111111,1.415929203539823,0.17216117216117213,0.07149089424908213,0.035745447124541065,0.0003796054586496681,0.24124635667148298,161.04527945755893,True,0.9336876700885711,False,mua,HPC,2092.29345703125,4.804040663845652
179,phase_reversing_1,6586,28.819444444444443,25.208333333333332,1.143250688705234,0.06683804627249357,0.012379734208139625,0.006189867104069813,-0.00011354001532434679,0.7769943036351956,116.76577861369984,True,0.9769538155452139,False,mua,HPC,2093.244873046875,28.42189618144902
178,phase_reversing_1,28,0.2777777777777778,0.0,inf,1.0,0.6575273400802079,0.32876367004010393,0.07505168224706199,0.04711428662930666,130.02122694808696,False,0.878256761634575,False,mua,HPC,2103.47509765625,0.21126226751985325
183,phase_reversing_1,2966,13.57638888888889,11.006944444444445,1.2334384858044165,0.10451977401129943,0.06156729646570003,0.030783648232850014,0.0006106844767695575,0.06015254124924479,192.5016445574458,True,0.878256761634575,False,mua,HPC,2115.36962890625,12.54043325064477
182,phase_reversing_1,1415,7.222222222222221,4.965277777777778,1.4545454545454544,0.18518518518518512,0.10500452216625214,0.05250226108312607,0.002051223265671597,0.02020670762202216,173.42879193195373,True,0.878256761634575,False,mua,HPC,2136.575927734375,5.68430011184504
185,phase_reversing_1,2212,10.17361111111111,8.506944444444445,1.1959183673469387,0.08921933085501854,0.04564448729039144,0.02282224364519572,6.880634493961832e-05,0.3159976757377137,4.6631844212738995,True,0.9722844876267847,False,mua,HPC,2179.346923828125,8.918511791573131
184,phase_reversing_1,2255,10.76388888888889,8.229166666666668,1.3080168776371306,0.1334552102376599,0.02338217087573129,0.011691085437865645,-0.0003069136049230727,0.7347985238845354,181.0142362686616,True,0.9769538155452139,False,mua,HPC,2179.62841796875,8.91257745821583
187,phase_reversing_1,1134,5.416666666666667,4.305555555555555,1.2580645161290325,0.11428571428571435,0.03819802728201701,0.019099013641008505,-0.0005175182584153641,0.6613267816507411,180.8031156980771,True,0.9769538155452139,False,mua,HPC,2219.548583984375,4.806810019412391
186,phase_reversing_1,1018,4.826388888888889,3.645833333333333,1.323809523809524,0.13934426229508207,0.02656376697813485,0.013281883489067425,-0.0008067022804921624,0.835685001899507,125.75437437160622,True,0.9783083583503205,False,mua,HPC,2220.048583984375,4.302391684041955
189,phase_reversing_1,1122,5.347222222222222,4.131944444444445,1.2941176470588236,0.12820512820512817,0.03221221333160306,0.01610610666580153,-0.0006324225817077092,0.7475579191314682,212.91950959802705,True,0.9769538155452139,False,mua,HPC,2232.44677734375,4.65884730770373
188,phase_reversing_1,1493,7.013888888888889,5.520833333333334,1.270440251572327,0.11911357340720219,0.056850200504879156,0.028425100252439578,0.0001382865832917776,0.2993435850988767,261.53142370481834,True,0.9722844876267847,False,mua,HPC,2233.57275390625,6.1859490916487365
190,phase_reversing_1,1726,8.194444444444445,6.354166666666667,1.2896174863387977,0.12649164677804295,0.05413879894473253,0.027069399472366265,0.00015346702685993107,0.2823533668900682,206.9253131015913,True,0.9722844876267847,False,mua,HPC,2294.13427734375,6.9265538946396825
191,phase_reversing_1,1390,6.631944444444445,4.6875,1.4148148148148147,0.17177914110429449,0.06562380740836729,0.032811903704183645,0.00035745372521435757,0.22394211374281775,132.2539173356533,True,0.9336876700885711,False,mua,HPC,2294.20751953125,5.542667355717498
194,phase_reversing_1,1568,7.256944444444445,5.381944444444445,1.3483870967741935,0.14835164835164835,0.04119063794080456,0.02059531897040228,-0.00021372424227414434,0.5142979194225478,191.79295862473748,True,0.9769538155452139,False,mua,HPC,2334.79296875,6.192279047229856
193,phase_reversing_1,1470,6.944444444444444,5.381944444444445,1.290322580645161,0.1267605633802816,0.017286589855453515,0.008643294927726758,-0.000605977791425956,0.8960282541543896,104.20011792167759,True,0.9930091819394169,False,mua,HPC,2349.2587890625,5.6645190006540425
192,phase_reversing_1,2019,9.583333333333334,7.118055555555555,1.3463414634146342,0.14760914760914765,0.06598684709831763,0.03299342354915882,0.0005935652868883869,0.11103957623956213,146.74204811474243,True,0.878256761634575,False,mua,HPC,2349.681640625,8.056450965869459
196,phase_reversing_1,8202,42.88194444444444,27.951388888888886,1.53416149068323,0.21078431372549022,0.013078181868026456,0.006539090934013228,-7.917142501944918e-05,0.7041967317326365,300.28082923593513,True,0.9769538155452139,False,mua,HPC,2384.36865234375,30.691976501727893
195,phase_reversing_1,6483,34.34027777777778,21.979166666666668,1.5624012638230647,0.21948212083847102,0.00986659907437988,0.00493329953718994,-0.00012993217347267075,0.8540475192897726,150.63640657637708,True,0.9783083583503205,False,mua,HPC,2384.6845703125,23.959277496759984
197,phase_reversing_1,415,2.1527777777777777,1.2847222222222223,1.6756756756756754,0.2525252525252525,0.11657868836003484,0.05828934418001742,0.000990395586107875,0.24425991572009847,15.787657651778296,True,0.9336876700885711,False,mua,HPC,2423.4501953125,1.6394584955098723
198,phase_reversing_1,604,3.020833333333333,1.9791666666666667,1.526315789473684,0.20833333333333326,0.05324374925799805,0.026621874628999027,-0.0009484752535782192,0.6519476330999551,141.7443838583462,True,0.9769538155452139,False,mua,HPC,2449.637939453125,2.3895582318724973
199,phase_reversing_1,865,4.131944444444445,2.6388888888888884,1.5657894736842108,0.22051282051282062,0.09326095466433743,0.04663047733216871,0.00101951067712431,0.15246923728749626,152.81425416438609,True,0.8957839620922968,False,mua,HPC,2478.93896484375,3.5036304141494763
202,phase_reversing_1,1437,6.875,5.173611111111111,1.3288590604026846,0.1412103746397695,0.03166689174910001,0.015833445874550003,-0.00044550624103556296,0.6975714798807018,277.5257561890796,True,0.9769538155452139,False,mua,HPC,2495.99462890625,5.84136213470156
201,phase_reversing_1,492,2.708333333333333,1.4583333333333335,1.8571428571428568,0.29999999999999993,0.14405686491499603,0.07202843245749802,0.0031620015895802486,0.07782748952631087,353.6394590590529,True,0.878256761634575,False,mua,HPC,2508.2275390625,2.116183275212912
203,phase_reversing_1,1409,6.770833333333333,5.104166666666667,1.3265306122448979,0.1403508771929824,0.06324907178134873,0.03162453589067436,0.00029059430387320733,0.24438534145480514,205.23875599998573,True,0.9336876700885711,False,mua,HPC,2514.4150390625,6.854155027680632
204,phase_reversing_1,1690,7.986111111111112,6.388888888888889,1.25,0.11111111111111112,0.024742187554231666,0.012371093777115833,-0.00043893173801106685,0.7721490457749939,335.5045955549596,True,0.9769538155452139,False,mua,HPC,2524.290771484375,7.50297547474535
205,phase_reversing_1,9682,42.951388888888886,39.270833333333336,1.0937223695844385,0.044763513513513445,0.017865570164981835,0.008932785082490917,-2.349222241371848e-05,0.4618351316227227,148.57267229454158,True,0.9722844876267847,False,mua,HPC,2536.6416015625,37.20945701693775
206,phase_reversing_1,9623,41.52777777777777,38.854166666666664,1.068811438784629,0.03326133909287253,0.011751319834032528,0.005875659917016264,-6.940152977055362e-05,0.7173409081869062,193.38459719497118,True,0.9769538155452139,False,mua,HPC,2538.06640625,37.26286601715344
200,phase_reversing_1,14,0.10416666666666667,0.0,inf,1.0,0.5103576801998793,0.25517884009993963,-0.0067978949164224645,0.40902828208490066,324.38480180093575,False,0.9722844876267847,False,mua,HPC,2553.99560546875,0.08901500035948873
