unit,region,depth_um,fr_pre,fr_stim,pct_change,log2_ratio,mod_index,p_raw,z_pct,z_log2,p_fdr,responder_z2sd,responder_wilcoxon,condition
39,CTX,654.4733276367188,28.316666666666666,28.3375,0.07357268981753555,0.0010610392777214812,0.0003677281753327731,0.8452880153408278,-0.656500212103204,-0.7160534266067295,0.9326340954495339,False,False,flicker_40Hz
37,CTX,626.8199462890625,18.883333333333333,24.5375,29.942630185348644,0.3778748123668117,0.1302178293829767,0.5658145870840301,1.000845839296409,1.1333668754106303,0.8694676802120125,False,False,flicker_40Hz
33,CTX,553.48486328125,23.925,22.3,-6.792058516196447,-0.10147521456572074,-0.03515413737155219,0.009236051246379893,-1.0374538719686242,-1.2193063411599154,0.18472102492759784,False,False,flicker_40Hz
36,CTX,626.8485717773438,15.3,20.666666666666668,35.07625272331155,0.43377406186042955,0.14921223354958296,0.43085531168779434,1.285695438047285,1.4077231072264669,0.8630329153233374,False,False,flicker_40Hz
19,CTX,464.17071533203125,22.558333333333334,21.279166666666665,-5.670483930550433,-0.08421882850254789,-0.02917973576656216,0.08828236650899297,-0.9752210006720092,-1.134611160134418,0.48083667339072944,False,False,flicker_40Hz
34,CTX,612.848876953125,20.441666666666666,20.625,0.8968609865470863,0.012881291296732362,0.00446428571428572,0.5630687019712608,-0.6108183686787042,-0.6580390555297151,0.8694676802120125,False,False,flicker_40Hz
3,CTX,79.40536499023438,13.6,15.9,16.91176470588236,0.22542011403401604,0.07796610169491527,0.3789832922883649,0.2778014830443184,0.3851118105196179,0.8337522956847251,False,False,flicker_40Hz
14,CTX,424.4336242675781,15.975,14.725,-7.82472613458529,-0.11754829711653375,-0.04071661237785017,0.11172467299394055,-1.0947535574374763,-1.2981938110678863,0.5197623114549409,False,False,flicker_40Hz
48,CTX,727.296875,17.183333333333334,15.516666666666667,-9.69932104752667,-0.14719125980931455,-0.05096839959225278,0.007595119914651861,-1.1987693094377538,-1.4436829118683774,0.17360274090632827,False,False,flicker_40Hz
52,CTX,765.3553466796875,12.925,13.05,0.9671179883945841,0.013885526254950004,0.004812319538017324,0.5338125572237992,-0.6069200145169585,-0.6531102215741574,0.8694676802120125,False,False,flicker_40Hz
53,CTX,810.2553100585938,13.241666666666667,12.375,-6.544996853366901,-0.09765619366039102,-0.033832140533506846,0.24766402739801618,-1.0237451477678678,-1.2005624010479505,0.7425295544921782,False,False,flicker_40Hz
24,CTX,505.1506652832031,10.208333333333334,12.1,18.53061224489795,0.2452597041058178,0.08479641389615236,0.011073714494455444,0.3676265663100655,0.4824854822983752,0.19686603545698567,False,False,flicker_40Hz
69,CTX,933.3778076171875,10.791666666666666,11.520833333333334,6.756756756756768,0.09432738254815341,0.032679738562091554,0.6746696448328653,-0.28567000677195964,-0.25829768343097403,0.877619050189093,False,False,flicker_40Hz
31,CTX,584.6793823242188,11.208333333333334,11.4125,1.8215613382899543,0.026043093261391453,0.009025603241849285,0.9383179398300396,-0.5595094689279113,-0.5934402921537877,0.9678691260722332,False,False,flicker_40Hz
61,CTX,847.1752319335938,5.683333333333334,6.15,8.211143695014664,0.11384907703622349,0.03943661971830987,0.17183771739469078,-0.20497035799028865,-0.162484258618922,0.6100529056212476,False,False,flicker_40Hz
1,CTX,72.90603637695312,6.875,8.220833333333333,19.575757575757574,0.2579249315903806,0.08915263593706872,0.4593158010692321,0.42561860330346923,0.544647034004928,0.8645944490714956,False,False,flicker_40Hz
43,CTX,749.934326171875,5.875,7.895833333333333,34.39716312056737,0.42650268577229816,0.14674735249621784,0.0024723453445689987,1.24801475556097,1.3720348401794598,0.07189694827646313,False,False,flicker_40Hz
63,CTX,891.9421997070312,5.95,6.358333333333333,6.8627450980392135,0.09575898280543074,0.033175355450236955,0.06947509050751807,-0.2797890257954043,-0.2512713198283995,0.46316727005012054,False,False,flicker_40Hz
28,CTX,512.4619750976562,7.766666666666667,7.545833333333333,-2.843347639484977,-0.04161531370411223,-0.014421768707482985,0.720933998960436,-0.8183515323445633,-0.9255110400416867,0.8976330314289496,False,False,flicker_40Hz
47,CTX,742.1814575195312,7.083333333333333,7.975,12.588235294117647,0.17105608346096157,0.05921416712783619,0.25524453435668626,0.037901566558154645,0.11829050773903134,0.7425295544921782,False,False,flicker_40Hz
42,CTX,702.7573852539062,5.15,5.941666666666666,15.37216828478963,0.20629523853951326,0.07137490608564984,0.06554849018148043,0.19237381095828837,0.291245992603442,0.46316727005012054,False,False,flicker_40Hz
21,CTX,488.3040771484375,7.083333333333333,6.8375,-3.4705882352941084,-0.05095950751135114,-0.017659383418138233,0.655770154610426,-0.8531552661047377,-0.9713727971410131,0.8708036779231405,False,False,flicker_40Hz
70,CTX,967.37646484375,5.8,5.820833333333334,0.3591954022988608,0.005172809560734811,0.0017927572606669566,0.8394606486460333,-0.6406518487997487,-0.6958726583288177,0.9326340954495339,False,False,flicker_40Hz
5,CTX,125.89278411865234,4.95,5.295833333333333,6.9865319865319835,0.09742919420419309,0.0337535583570557,0.6585942460306724,-0.2729204558417246,-0.24307384115290112,0.8708036779231405,False,False,flicker_40Hz
2,CTX,81.89913940429688,3.7916666666666665,4.620833333333334,21.86813186813188,0.28532091507565144,0.0985636453689946,0.3631659582086548,0.5528157029228652,0.6791078517081414,0.8337522956847251,False,False,flicker_40Hz
76,CTX,1066.022705078125,4.075,4.7625,16.87116564417178,0.22491903326224438,0.07779349363507779,0.8193641336949882,0.275548760653375,0.3826524817518079,0.9326340954495339,False,False,flicker_40Hz
41,CTX,707.9666137695312,2.9,3.6666666666666665,26.4367816091954,0.33841621767593133,0.11675126903553298,0.0023984994358204562,0.8063166247283945,0.9397021759699998,0.07189694827646313,False,False,flicker_40Hz
18,CTX,463.1156005859375,3.875,3.220833333333333,-16.88172043010753,-0.26676230207054635,-0.09219025249559602,0.016125325262797374,-1.5972995027013477,-2.030543395439434,0.258005204204758,False,False,flicker_40Hz
73,CTX,983.28515625,3.2416666666666667,3.7125,14.524421593830331,0.19565527653573012,0.06770521270221688,0.443222267988157,0.14533484325538396,0.2390245422536497,0.8644185175971396,False,False,flicker_40Hz
38,CTX,649.0108642578125,3.2666666666666666,3.6041666666666665,10.331632653061222,0.14184647840887882,0.04912067919951484,0.56774978652058,-0.08731066945874559,-0.025071652710604138,0.8694676802120125,False,False,flicker_40Hz
6,CTX,125.71984100341797,3.4166666666666665,3.8666666666666667,13.170731707317078,0.17850089562212623,0.06178489702517165,0.5832779499249199,0.07022257737394465,0.15483000745712774,0.8708036779231405,False,False,flicker_40Hz
40,CTX,700.1046752929688,3.191666666666667,3.2916666666666665,3.1331592689294925,0.04450826113950809,0.015424164524421538,0.7179740278328266,-0.48673276173872143,-0.5028123512640749,0.8976330314289496,False,False,flicker_40Hz
10,CTX,305.61083984375,3.1166666666666667,3.433333333333333,10.160427807486624,0.13960606729558167,0.04834605597964373,0.4369104133824395,-0.096810322229376,-0.036067699282440614,0.8630329153233374,False,False,flicker_40Hz
74,CTX,1005.5782470703125,2.441666666666667,3.2625,33.617747440273035,0.4181116428687928,0.1439006574141709,0.3968395614068936,1.204767274440147,1.3308511940148797,0.8465910643347063,False,False,flicker_40Hz
12,CTX,388.285888671875,2.8666666666666667,2.925,2.0348837209302255,0.02906246560246282,0.01007194244604313,0.24258700613532092,-0.5476728380400131,-0.5786210660380618,0.7425295544921782,False,False,flicker_40Hz
0,CTX,73.41268920898438,2.5166666666666666,3.3833333333333333,34.437086092715234,0.4269311778600973,0.14689265536723164,0.5680874640316664,1.2502299637328147,1.3741379001603438,0.8694676802120125,False,False,flicker_40Hz
71,CTX,967.621337890625,2.85,3.066666666666667,7.6023391812865535,0.10570944117111493,0.036619718309859176,0.6211453201825374,-0.2387511278405763,-0.20243398682697578,0.8708036779231405,False,False,flicker_40Hz
60,CTX,855.4642944335938,2.566666666666667,3.279166666666667,27.75974025974025,0.35343328481258507,0.12188168210976477,0.0026961355603673676,0.8797237048136473,1.0134066709294205,0.07189694827646313,False,False,flicker_40Hz
46,CTX,730.2316284179688,2.308333333333333,4.558333333333334,97.47292418772567,0.9816548567433685,0.3276699029126214,2.3017874489262818e-08,4.747903011469978,4.096748661773673,3.682859918282051e-06,True,True,flicker_40Hz
13,CTX,385.3935546875,2.05,2.6375,28.658536585365873,0.36354718408910175,0.1253333333333334,0.547819898252635,0.9295952664292414,1.0630461798603381,0.8694676802120125,False,False,flicker_40Hz
44,CTX,743.8521728515625,2.2083333333333335,2.3375,5.849056603773573,0.08200841115823115,0.02841429880843258,0.9471101129689884,-0.3360356155504288,-0.3187597934056714,0.9678691260722332,False,False,flicker_40Hz
4,CTX,130.6201171875,1.8083333333333333,2.529166666666667,39.86175115207374,0.48400147381120273,0.16618635926993278,0.1682373223812903,1.5512286550252463,1.6542416848730086,0.6100529056212476,False,False,flicker_40Hz
11,CTX,331.4168395996094,2.175,2.2291666666666665,2.490421455938699,0.035489084718624796,0.012298959318826875,0.49049711866560064,-0.5223963904489642,-0.5470789072434767,0.8694676802120125,False,False,flicker_40Hz
8,CTX,218.69528198242188,1.6833333333333333,2.9625,75.99009900990099,0.8154942668676206,0.27533632286995513,0.6904597108029389,3.5558842982346195,3.281224415427367,0.8837884298277617,True,False,flicker_40Hz
54,CTX,809.6605224609375,1.7666666666666666,2.025,14.62264150943396,0.19689204904258162,0.06813186813186813,0.11369800563076833,0.1507847771650439,0.2450946817933933,0.5197623114549409,False,False,flicker_40Hz
75,CTX,1006.634033203125,1.8833333333333333,2.283333333333333,21.238938053097343,0.2778531205453389,0.09599999999999999,0.888575838796241,0.5179035907791002,0.6424555534059005,0.9416381608699279,False,False,flicker_40Hz
9,CTX,250.51275634765625,2.075,2.2083333333333335,6.425702811244978,0.08984661738248047,0.031128404669260694,0.49794643025017327,-0.30403921542463697,-0.2802894965168733,0.8694676802120125,False,False,flicker_40Hz
51,CTX,770.325439453125,1.475,1.5,1.694915254237282,0.024247546246677205,0.008403361344537785,0.6821385040913404,-0.5665366872243481,-0.6022529241205447,0.8801787149565682,False,False,flicker_40Hz
59,CTX,851.4287719726562,1.2166666666666666,1.3625,11.986301369863027,0.1633222666180655,0.056542810985460476,0.7763315534197848,0.0045020254873951275,0.08033255900462002,0.9234966660762277,False,False,flicker_40Hz
7,CTX,186.6515655517578,1.2083333333333333,1.5291666666666666,26.551724137931032,0.33972716282827825,0.1171993911719939,0.32853359568582174,0.8126944472012458,0.9461363584567648,0.8337522956847251,False,False,flicker_40Hz
16,CTX,424.6138000488281,1.025,1.1583333333333334,13.008130081300834,0.1764265673842679,0.06106870229007642,0.623377500869773,0.061200291924546124,0.14464910370540615,0.8708036779231405,False,False,flicker_40Hz
68,CTX,932.6470336914062,0.8333333333333334,1.225,47.00000000000001,0.5558161550616397,0.1902834008097166,0.046727628217531444,1.947309065121497,2.0067116288420204,0.41444557355950395,False,False,flicker_40Hz
17,CTX,462.4216613769531,1.025,0.925,-9.756097560975597,-0.1480986389891337,-0.05128205128205122,0.11307529000663678,-1.2019196709913749,-1.4481363729587944,0.5197623114549409,False,False,flicker_40Hz
26,CTX,548.7279663085938,0.6,0.6291666666666667,4.8611111111111125,0.06847973788276661,0.02372881355932204,0.7953061310704471,-0.3908538019464057,-0.38515917899577373,0.9234966660762277,False,False,flicker_40Hz
29,CTX,588.9581298828125,0.4666666666666667,0.6083333333333333,30.357142857142843,0.3824696368224129,0.13178294573643407,0.04267271278167777,1.02384592692743,1.1559184970319174,0.41444557355950395,False,False,flicker_40Hz
22,CTX,503.4034729003906,0.4583333333333333,0.5708333333333333,24.545454545454543,0.316672369435867,0.10931174089068826,0.12206823177183639,0.701372454947841,0.8329823126022358,0.5316889351982462,False,False,flicker_40Hz
62,CTX,877.8511352539062,0.14166666666666666,0.08333333333333333,-41.17647058823529,-0.765534746362977,-0.2592592592592593,0.2549768380333154,-2.9453436534194424,-4.478542779854586,0.7425295544921782,True,False,flicker_40Hz
206,HPC,2538.06640625,29.941666666666666,33.3875,11.508488728082392,0.157153541354102,0.05441147443910788,0.8829468880183179,-0.02201039109228546,0.05005615576379643,0.9416381608699279,False,False,flicker_40Hz
205,HPC,2536.6416015625,29.258333333333333,34.28333333333333,17.174594132725716,0.22865979764417876,0.07908196721311474,0.7909902881823747,0.2923851140422377,0.4010123350456448,0.9234966660762277,False,False,flicker_40Hz
196,HPC,2384.36865234375,24.416666666666668,33.74583333333333,38.20819112627984,0.4668431218554836,0.1603983093344795,0.02225774942641595,1.4594774780786093,1.570027660008892,0.2967699923522127,False,False,flicker_40Hz
179,HPC,2093.244873046875,26.3,27.516666666666666,4.626108998732566,0.06524291489979944,0.02260761845772682,0.7293268380360216,-0.4038933772018159,-0.40104566342457015,0.8976330314289496,False,False,flicker_40Hz
115,HPC,1410.151611328125,30.358333333333334,31.7875,4.70765852319517,0.06636696766848037,0.022996982903117674,0.12295306626459444,-0.39936843421083484,-0.39552875783511915,0.5316889351982462,False,False,flicker_40Hz
93,HPC,1309.1307373046875,24.85,26.3875,6.187122736418502,0.0866088217848697,0.03000731885825807,0.49586626859275906,-0.3172773212810218,-0.2961807545855852,0.8694676802120125,False,False,flicker_40Hz
195,HPC,2384.6845703125,16.908333333333335,25.933333333333334,53.376047313947744,0.6170731952295329,0.21065940478506123,0.01793896044208197,2.301097156389172,2.307364157541414,0.26093033370301044,True,False,flicker_40Hz
107,HPC,1366.1378173828125,24.216666666666665,25.6125,5.763936682725406,0.08084778209956181,0.028012375616690406,0.5533810077400886,-0.3407586693349593,-0.32445621720307566,0.8694676802120125,False,False,flicker_40Hz
160,HPC,1973.4671630859375,17.241666666666667,18.5125,7.370710488158523,0.1026004961499942,0.03554364293205917,0.23587092663458276,-0.25160352199476177,-0.2176928400073691,0.7425295544921782,False,False,flicker_40Hz
162,HPC,1953.154052734375,16.808333333333334,17.883333333333333,6.395637084779371,0.08943899214356037,0.03098726879654094,0.4137752631483179,-0.30570747405809706,-0.2822901409898535,0.8630329153233374,False,False,flicker_40Hz
130,HPC,1537.6485595703125,17.133333333333333,16.591666666666665,-3.161478599221797,-0.046347043473375656,-0.01606127996046458,0.38697119748960207,-0.8360036825681407,-0.9487345995925917,0.836694481058599,False,False,flicker_40Hz
157,HPC,1935.87744140625,13.566666666666666,14.2,4.668304668304665,0.06582463595959105,0.022809123649459768,0.3291426811713032,-0.4015520637418266,-0.3981905482060633,0.8337522956847251,False,False,flicker_40Hz
99,HPC,1343.5479736328125,13.916666666666666,14.3625,3.203592814371267,0.04549319600585489,0.015765433917784046,0.723785864579358,-0.4828246116927596,-0.4979782430969198,0.8976330314289496,False,False,flicker_40Hz
183,HPC,2115.36962890625,11.483333333333333,12.1625,5.914368650217711,0.08289832279797636,0.028722466960352445,0.6639878044163947,-0.3324116424036626,-0.3143920638504218,0.8708036779231405,False,False,flicker_40Hz
154,HPC,1891.9034423828125,12.291666666666666,12.65,2.9152542372881434,0.04145683627890033,0.014366855997327135,0.9618199440342816,-0.4988236703261428,-0.5177888927026338,0.9678691260722332,False,False,flicker_40Hz
126,HPC,1491.674072265625,11.025,11.875,7.709750566893422,0.10714885766078963,0.037117903930130994,0.05649413129694833,-0.23279118632459314,-0.1953692607761221,0.4304314765481778,False,False,flicker_40Hz
172,HPC,2055.85498046875,11.883333333333333,11.533333333333333,-2.9453015427769955,-0.043130038807163325,-0.014946619217081836,0.7264865924013111,-0.8240086542363767,-0.932945384425101,0.8976330314289496,False,False,flicker_40Hz
169,HPC,1997.716796875,9.883333333333333,10.116666666666667,2.3608768971332306,0.03366441170967847,0.011666666666666714,0.9325162937216949,-0.5295844365749148,-0.5560344910047174,0.9678691260722332,False,False,flicker_40Hz
168,HPC,1994.9326171875,9.208333333333334,10.645833333333334,15.610859728506787,0.20927692154618963,0.07240293809024134,0.5170368065047082,0.20561809634649286,0.30588023763520117,0.8694676802120125,False,False,flicker_40Hz
114,HPC,1418.731201171875,11.183333333333334,10.883333333333333,-2.6825633383010494,-0.03922977465375282,-0.013595166163142026,0.1753902103661087,-0.8094300848990221,-0.9138026985051718,0.6100529056212476,False,False,flicker_40Hz
113,HPC,1419.045654296875,10.033333333333333,10.891666666666667,8.554817275747517,0.11842374903573129,0.04101951413779375,0.08021162437618978,-0.18590092293753618,-0.14003154623104502,0.48083667339072944,False,False,flicker_40Hz
92,HPC,1271.423828125,9.458333333333334,10.1625,7.444933920704836,0.10359746061790656,0.035888723720535094,0.4351049213635422,-0.24748508227263927,-0.21279968997139329,0.8630329153233374,False,False,flicker_40Hz
155,HPC,1893.3917236328125,9.275,9.0,-2.9649595687331574,-0.043422280291128684,-0.015047879616963085,0.8539330904087042,-0.8250994202138981,-0.9343797198240076,0.9326340954495339,False,False,flicker_40Hz
153,HPC,1856.607421875,8.641666666666667,9.1,5.303760848601722,0.07455696210662645,0.02583372475340529,0.3272880404225098,-0.3662924713890924,-0.35533186730443395,0.8337522956847251,False,False,flicker_40Hz
185,HPC,2179.346923828125,8.2,9.104166666666666,11.026422764227645,0.15090305904872095,0.05225138454129546,0.6062018781819706,-0.04875881199001048,0.01937848499235434,0.8708036779231405,False,False,flicker_40Hz
184,HPC,2179.62841796875,8.2,8.783333333333333,7.11382113821139,0.09914464629797493,0.034347399411187474,0.3554063798576961,-0.26585755561618407,-0.2346543189486843,0.8337522956847251,False,False,flicker_40Hz
88,HPC,1212.61376953125,8.008333333333333,8.375,4.578563995837675,0.06458716529254056,0.022380467955239094,0.6400187986293977,-0.4065315094168488,-0.4042641143499766,0.8708036779231405,False,False,flicker_40Hz
192,HPC,2349.681640625,7.466666666666667,8.425,12.834821428571438,0.1742123598454107,0.06030414263240696,0.8568575751942593,0.0515839050895271,0.13378166554975723,0.9326340954495339,False,False,flicker_40Hz
118,HPC,1436.7525634765625,8.141666666666667,8.620833333333334,5.885363357215959,0.08250317789162427,0.02858563261247821,0.7711778620370956,-0.33402106070664506,-0.31633145424492715,0.9234966660762277,False,False,flicker_40Hz
132,HPC,1567.6287841796875,7.291666666666667,7.808333333333334,7.0857142857142845,0.0987660309394958,0.034216335540838846,0.30429135798965845,-0.2674171221010093,-0.23651258151930776,0.8337522956847251,False,False,flicker_40Hz
129,HPC,1544.405517578125,7.416666666666667,8.391666666666667,13.146067415730345,0.17818644215302468,0.061676331049024806,0.759937838955294,0.06885402845746288,0.15328665455622753,0.9211367744912654,False,False,flicker_40Hz
204,HPC,2524.290771484375,6.45,6.745833333333334,4.586563307493541,0.06469751415815563,0.022418692769182198,0.8366677243352947,-0.4060876511669275,-0.40372251675735144,0.9326340954495339,False,False,flicker_40Hz
122,HPC,1446.6519775390625,8.233333333333333,7.9,-4.048582995951403,-0.05962398268641829,-0.020661157024793316,0.6217019339893692,-0.8852264934760182,-1.0138984621763671,0.8708036779231405,False,False,flicker_40Hz
148,HPC,1756.7283935546875,6.508333333333334,7.091666666666667,8.96286811779769,0.12383658354398334,0.04289215686274507,0.5533191632629572,-0.16325938321224276,-0.11346509153658063,0.8694676802120125,False,False,flicker_40Hz
145,HPC,1745.724365234375,7.033333333333333,7.120833333333334,1.2440758293838914,0.017837492968954184,0.006181925228142504,0.32006626960015716,-0.5915524394190008,-0.6337137769753871,0.8337522956847251,False,False,flicker_40Hz
150,HPC,1812.88720703125,6.383333333333334,6.879166666666666,7.767624020887719,0.10792382298830067,0.03738611372918626,0.6114288464302786,-0.22957995877003587,-0.19156569330482487,0.8708036779231405,False,False,flicker_40Hz
190,HPC,2294.13427734375,6.3,6.979166666666667,10.780423280423289,0.14770295601142447,0.05114527769061817,0.18498397727497018,-0.06240859900423053,0.003672223840577771,0.6297326885956431,False,False,flicker_40Hz
203,HPC,2514.4150390625,6.066666666666666,5.4625,-9.9587912087912,-0.1513426699769415,-0.052403324900614334,0.16283765781327197,-1.2131665446800153,-1.4640582346254767,0.6059075639563608,False,False,flicker_40Hz
164,HPC,2031.1707763671875,6.075,6.283333333333333,3.429355281207128,0.048645708941727234,0.01685772083614293,0.7965158744907465,-0.4702977171625042,-0.48250555647461785,0.9234966660762277,False,False,flicker_40Hz
124,HPC,1490.3388671875,6.616666666666666,6.725,1.637279596977331,0.02342966613482248,0.008119925046845727,0.7937773989846166,-0.5697347201383057,-0.6062671194379826,0.9234966660762277,False,False,flicker_40Hz
120,HPC,1439.46923828125,5.8,6.379166666666666,9.985632183908045,0.13731507165105952,0.04755388299692097,0.19587611707365082,-0.10650921669845101,-0.04731201719066858,0.6529203902455027,False,False,flicker_40Hz
123,HPC,1458.62841796875,6.016666666666667,6.5625,9.072022160664822,0.1252810863874703,0.04339185160649223,0.1403417078219214,-0.15720274677611776,-0.10637540141414728,0.5752241348997945,False,False,flicker_40Hz
102,HPC,1346.02197265625,6.541666666666667,6.316666666666666,-3.4394904458598807,-0.05049480560789781,-0.01749837977965007,0.5434324054272414,-0.851429741336044,-0.9690920176260098,0.8694676802120125,False,False,flicker_40Hz
194,HPC,2334.79296875,5.0,6.091666666666667,21.833333333333336,0.2849089054565564,0.0984222389181067,0.2956430374510829,0.5508848346906993,0.6770856884842916,0.8298751928451449,False,False,flicker_40Hz
188,HPC,2233.57275390625,5.55,5.845833333333333,5.330330330330332,0.07492092654863691,0.02595978062157222,0.3688188672955359,-0.3648182090814439,-0.3535455121435056,0.8337522956847251,False,False,flicker_40Hz
141,HPC,1694.698974609375,5.383333333333334,5.925,10.061919504643951,0.13831539492549016,0.04789977892409722,0.8251203659215964,-0.10227625789777822,-0.042402381969147335,0.9326340954495339,False,False,flicker_40Hz
159,HPC,1928.7998046875,5.408333333333333,5.725,5.855161787365173,0.08209162081896167,0.02844311377245507,0.2298747051888591,-0.33569685688955975,-0.3183513963489041,0.7425295544921782,False,False,flicker_40Hz
173,HPC,2037.5264892578125,5.725,6.025,5.240174672489096,0.07368554813301785,0.025531914893617082,0.3534309422416657,-0.36982068107296434,-0.35960880941576256,0.8337522956847251,False,False,flicker_40Hz
134,HPC,1609.666259765625,5.541666666666667,6.041666666666667,9.022556390977444,0.12462665451374486,0.043165467625899276,0.6612933711724625,-0.1599474566847945,-0.1095873848393628,0.8708036779231405,False,False,flicker_40Hz
121,HPC,1463.572265625,5.95,5.991666666666666,0.700280112044808,0.010067696410198074,0.003489183531053684,0.6373610180082645,-0.6217260625751647,-0.671848315902951,0.8708036779231405,False,False,flicker_40Hz
202,HPC,2495.99462890625,5.783333333333333,6.633333333333334,14.697406340057647,0.1978327679653881,0.0684563758389262,0.00048490645662469764,0.15493325747234077,0.249711775961867,0.03879251652997581,False,True,flicker_40Hz
163,HPC,1993.0799560546875,4.941666666666666,5.4875,11.045531197301857,0.15115133571051065,0.05233719536556133,0.09585695369923568,-0.04769854130323981,0.020597038908435332,0.48083667339072944,False,False,flicker_40Hz
151,HPC,1814.18701171875,5.05,5.420833333333333,7.343234323432348,0.10223126324484466,0.03541583764424992,0.48862642718347515,-0.25312809347222953,-0.2195050530412991,0.8694676802120125,False,False,flicker_40Hz
182,HPC,2136.575927734375,5.258333333333334,5.895833333333333,12.123613312202838,0.1650901427366955,0.05715353007097491,0.14380603372494863,0.01212106085471287,0.08900938086928405,0.5752241348997945,False,False,flicker_40Hz
193,HPC,2349.2587890625,4.958333333333333,5.25,5.882352941176477,0.08246216019197297,0.028571428571428605,0.8858283287944937,-0.33418809982854747,-0.3165327711072469,0.9416381608699279,False,False,flicker_40Hz
191,HPC,2294.20751953125,5.0,5.8125,16.25,0.21723071622066914,0.07514450867052024,0.4525297927511537,0.24108210807194613,0.344917848252428,0.8644185175971396,False,False,flicker_40Hz
133,HPC,1582.4456787109375,5.108333333333333,5.4125,5.954323001631313,0.0834424517570996,0.028910891089108874,0.9588878915871827,-0.33019469308875793,-0.31172145248802824,0.9678691260722332,False,False,flicker_40Hz
152,HPC,1855.1988525390625,4.25,5.004166666666666,17.74509803921568,0.2356669988467762,0.08149482215218368,0.034524039427138255,0.32404069597248986,0.43540401892217917,0.41444557355950395,False,False,flicker_40Hz
187,HPC,2219.548583984375,4.466666666666667,4.841666666666667,8.395522388059701,0.11630516294675634,0.04028648164726947,0.25201107238780096,-0.1947397272137356,-0.15042966966586824,0.7425295544921782,False,False,flicker_40Hz
181,HPC,2092.29345703125,4.333333333333333,4.858333333333333,12.115384615384624,0.16498426017204196,0.05711695376246604,0.3591208702964537,0.011664474697554314,0.08848970409872811,0.8337522956847251,False,False,flicker_40Hz
112,HPC,1395.1429443359375,4.225,5.395833333333333,27.71203155818541,0.3528944455705757,0.12169770463404071,0.0012182539897741846,0.877076489441982,1.0107620217555695,0.06497354612128985,False,False,flicker_40Hz
149,HPC,1772.805419921875,4.25,4.504166666666666,5.98039215686274,0.08379737087579232,0.029033793431699165,0.6061078502520778,-0.32874819242523373,-0.3099794922133192,0.8708036779231405,False,False,flicker_40Hz
189,HPC,2232.44677734375,4.225,4.595833333333333,8.777120315581861,0.12137513858804225,0.04204062352385454,0.37673808191916014,-0.17356598182536,-0.1255459829448132,0.8337522956847251,False,False,flicker_40Hz
180,HPC,2091.478271484375,4.041666666666667,4.566666666666666,12.98969072164947,0.17619114588603638,0.06098741529525647,0.04921541186019109,0.060177146151931864,0.14349364355650712,0.41444557355950395,False,False,flicker_40Hz
139,HPC,1667.00732421875,4.041666666666667,4.375,8.247422680412363,0.11433267547899487,0.03960396039603956,0.33646448889045355,-0.20295734391354198,-0.16011073397104797,0.8337522956847251,False,False,flicker_40Hz
186,HPC,2220.048583984375,4.0,4.075,1.8750000000000044,0.02680005934371527,0.00928792569659445,0.9794355153124803,-0.5565443149390222,-0.5897250658521811,0.9794355153124803,False,False,flicker_40Hz
166,HPC,2027.255126953125,3.875,4.083333333333333,5.376344086021498,0.07555103300717676,0.026178010471204154,0.5705881651391331,-0.36226504126500947,-0.3504529190376259,0.8694676802120125,False,False,flicker_40Hz
135,HPC,1611.0538330078125,3.6416666666666666,3.7875,4.004576659038905,0.05664701469350879,0.01962983735277624,0.8944876259806889,-0.4383803766380241,-0.4432347591821462,0.9416381608699279,False,False,flicker_40Hz
131,HPC,1566.087158203125,3.4,4.191666666666666,23.284313725490193,0.3019892478340316,0.10428100987925355,0.0666462763813251,0.6313954642597516,0.7609168385490785,0.46316727005012054,False,False,flicker_40Hz
80,HPC,1105.8084716796875,3.4166666666666665,3.9541666666666666,15.731707317073173,0.21078417751566353,0.07292255511588469,0.5004681789326684,0.21232357320198558,0.3132779231482061,0.8694676802120125,False,False,flicker_40Hz
119,HPC,1459.12548828125,4.833333333333333,4.504166666666666,-6.8103448275862055,-0.10175828228028413,-0.035252119589468986,0.14768368027892725,-1.0384685255438506,-1.2206956512529823,0.5763265571860575,False,False,flicker_40Hz
83,HPC,1176.2711181640625,3.25,3.7875,16.53846153846154,0.22080617044449652,0.07637655417406751,0.047424610751625275,0.25708798947015965,0.3624663512603493,0.41444557355950395,False,False,flicker_40Hz
147,HPC,1748.5361328125,3.066666666666667,3.4875,13.722826086956507,0.18552185649333083,0.06420851875397324,0.5680205167114649,0.10085666886585824,0.18928922445556082,0.8694676802120125,False,False,flicker_40Hz
106,HPC,1364.9876708984375,3.7666666666666666,3.8375,1.8805309734513267,0.026878383676147942,0.009315068493150681,0.9530012067268308,-0.5562374175080833,-0.589340646224004,0.9678691260722332,False,False,flicker_40Hz
95,HPC,1286.162841796875,3.283333333333333,3.566666666666667,8.629441624365493,0.11941516694477088,0.04136253041362535,0.09276770422170667,-0.18176023756308893,-0.1351656189754404,0.48083667339072944,False,False,flicker_40Hz
199,HPC,2478.93896484375,3.3833333333333333,3.658333333333333,8.128078817733988,0.1127412123501819,0.03905325443786981,0.8945562528264315,-0.20957938344720908,-0.1679217123124444,0.9416381608699279,False,False,flicker_40Hz
125,HPC,1475.7177734375,3.6166666666666667,3.433333333333333,-5.069124423963141,-0.0750507052612611,-0.02600472813238774,0.3803994849061558,-0.941853332346245,-1.0896135659253972,0.8337522956847251,False,False,flicker_40Hz
171,HPC,2033.68896484375,2.9166666666666665,3.0416666666666665,4.285714285714286,0.060541541935050874,0.02097902097902098,0.5904581153309302,-0.4227808775396675,-0.42412023030433715,0.8708036779231405,False,False,flicker_40Hz
146,HPC,1746.5018310546875,3.15,3.191666666666667,1.3227513227513321,0.01895815770388447,0.006570302233902806,0.511941060629312,-0.5871869679509455,-0.6282135000201576,0.8694676802120125,False,False,flicker_40Hz
94,HPC,1306.9345703125,2.7416666666666667,3.2916666666666665,20.060790273556226,0.2637650693292238,0.09116022099447511,0.28542551884475087,0.45253163953223435,0.5733107137113507,0.8155014824135739,False,False,flicker_40Hz
161,HPC,1969.720458984375,2.1083333333333334,2.4875,17.984189723320146,0.2385935465704947,0.08250226654578417,0.08796541348109993,0.3373071895212838,0.4497676573069896,0.48083667339072944,False,False,flicker_40Hz
127,HPC,1473.04736328125,2.5083333333333333,2.9583333333333335,17.94019933554818,0.23805553763234244,0.08231707317073174,0.08307850922614125,0.33486629243290683,0.44712708330480117,0.48083667339072944,False,False,flicker_40Hz
81,HPC,1149.5631103515625,2.3666666666666667,2.745833333333333,16.02112676056337,0.21438753550336961,0.07416462917685407,0.4932776985993301,0.22838260592970108,0.330963379184667,0.8694676802120125,False,False,flicker_40Hz
176,HPC,2078.0791015625,2.8916666666666666,2.879166666666667,-0.43227665706050955,-0.006249952190002168,-0.002166064981949412,0.84218763826787,-0.6845683028950488,-0.7519361278610889,0.9326340954495339,False,False,flicker_40Hz
110,HPC,1414.1494140625,2.275,2.966666666666667,30.402930402930412,0.3829762900465453,0.1319554848966614,0.04788354321341256,1.026386543022386,1.1584051756665954,0.41444557355950395,False,False,flicker_40Hz
198,HPC,2449.637939453125,2.0166666666666666,2.3583333333333334,16.942148760330586,0.2257950055572878,0.07809523809523812,0.6478781743850213,0.2794874047602217,0.3869517963261586,0.8708036779231405,False,False,flicker_40Hz
111,HPC,1396.742431640625,1.425,1.8666666666666667,30.994152046783622,0.38950240717170614,0.1341772151898734,0.08614144795133677,1.0591916911958328,1.1904356755224539,0.48083667339072944,False,False,flicker_40Hz
144,HPC,1693.172119140625,1.7916666666666667,2.1791666666666667,21.627906976744182,0.2824742866574812,0.09758656873032528,0.15390964759783318,0.5394863310386379,0.6651364611570352,0.5863224670393645,False,False,flicker_40Hz
140,HPC,1646.671142578125,1.775,2.4291666666666667,36.854460093896726,0.4526424529746583,0.15559960356788902,0.6186887455329374,1.3843629291340047,1.5003300873455514,0.8708036779231405,False,False,flicker_40Hz
201,HPC,2508.2275390625,1.5333333333333334,1.825,19.02173913043477,0.25122510354416033,0.08684863523573197,0.5452956964070157,0.39487775107217005,0.5117639525105169,0.8694676802120125,False,False,flicker_40Hz
91,HPC,1268.5537109375,1.9333333333333333,2.2416666666666667,15.948275862068966,0.2134813674290521,0.07385229540918165,0.12798133914127297,0.22434032408071147,0.32651586225888163,0.5388687963843072,False,False,flicker_40Hz
96,HPC,1344.404052734375,1.9,2.225,17.105263157894743,0.2278059175228125,0.07878787878787884,0.4304349116851939,0.2885381423929652,0.396821449932827,0.8630329153233374,False,False,flicker_40Hz
104,HPC,1370.7872314453125,1.5666666666666667,1.9333333333333333,23.40425531914894,0.30339214344993476,0.10476190476190476,0.0961673346781459,0.638050670125509,0.7678023183774633,0.48083667339072944,False,False,flicker_40Hz
197,HPC,2423.4501953125,1.3166666666666667,1.3625,3.4810126582278524,0.049366077320979564,0.01710730948678074,0.7428970261900003,-0.46743140141605766,-0.4789699534774164,0.9073551464916035,False,False,flicker_40Hz
82,HPC,1147.5198974609375,1.5416666666666667,1.675,8.648648648648646,0.11967023066261649,0.041450777202072527,0.8131649220274548,-0.18069449634043458,-0.13391375385855633,0.9326340954495339,False,False,flicker_40Hz
84,HPC,1173.6036376953125,1.4916666666666667,1.4166666666666667,-5.027932960893851,-0.07442484112655467,-0.025787965616045832,0.6449758376545447,-0.9395677393482245,-1.086541794350962,0.8708036779231405,False,False,flicker_40Hz
116,HPC,1466.636474609375,1.4833333333333334,1.4833333333333334,0.0,0.0,0.0,0.9233512592844284,-0.6605825440274097,-0.7212610589216767,0.9655960881405788,False,False,flicker_40Hz
177,HPC,2073.6142578125,1.3583333333333334,1.475,8.588957055214726,0.11887739585191982,0.0411764705882353,0.45381972173849827,-0.18400660709901007,-0.13780502562133723,0.8644185175971396,False,False,flicker_40Hz
167,HPC,2027.8082275390625,1.05,1.2583333333333333,19.84126984126983,0.2611248158251624,0.0902527075812274,0.03976616701932174,0.44035109711954434,0.5603522212633341,0.41444557355950395,False,False,flicker_40Hz
78,HPC,1107.63916015625,0.9416666666666667,1.0875,15.486725663716806,0.20772703415469665,0.07186858316221761,0.3408238317568665,0.19873026260233673,0.298273315032109,0.8337522956847251,False,False,flicker_40Hz
100,HPC,1348.2078857421875,0.7666666666666667,0.8625,12.499999999999998,0.16992500144231237,0.05882352941176469,0.3329883954475441,0.033005649895171636,0.11273910224929083,0.8337522956847251,False,False,flicker_40Hz
178,HPC,2103.47509765625,0.15,0.35833333333333334,138.8888888888889,1.2563397532597855,0.40983606557377056,0.05316003583915764,7.045952944001273,5.444915476671096,0.4252802867132611,True,False,flicker_40Hz
200,HPC,2553.99560546875,0.1,0.10416666666666667,4.166666666666665,0.058893689053568614,0.020408163265306117,0.4153459598001227,-0.4293864793865493,-0.4322079722909618,0.8630329153233374,False,False,flicker_40Hz
39,CTX,654.4733276367188,28.158333333333335,24.179166666666667,-14.131399822432677,-0.21979742161044716,-0.07602897858450762,7.637825284310884e-08,-0.9897209003239965,-1.1587218663846297,7.056140686629162e-07,False,True,flicker_20Hz
37,CTX,626.8199462890625,17.675,25.970833333333335,46.93540782649694,0.5551820918803295,0.19007159904534607,0.05655019230332504,0.2745835294798258,0.45025747440509156,0.09327866771682482,False,False,flicker_20Hz
33,CTX,553.48486328125,22.633333333333333,10.408333333333333,-54.013254786450666,-1.1207100026367742,-0.3699873896595208,1.622409829384734e-11,-1.8154199640392639,-3.0291580592068517,7.776794507530622e-10,False,True,flicker_20Hz
36,CTX,626.8485717773438,13.025,23.3375,79.17466410748558,0.8413666499476936,0.28360261258164315,0.018664363032619546,0.9420530779776518,1.044421621415031,0.04035537952998821,False,True,flicker_20Hz
19,CTX,464.17071533203125,22.45,18.595833333333335,-17.167780252412758,-0.2717360442104478,-0.09389909653842243,7.357384717560669e-07,-1.052584989278231,-1.2665546146027795,5.350825249135032e-06,False,True,flicker_20Hz
34,CTX,612.848876953125,20.625,19.929166666666667,-3.3737373737373715,-0.04951273386802882,-0.017158121853488122,0.331010420266166,-0.7669982656906122,-0.805184076209689,0.372969487623849,False,False,flicker_20Hz
3,CTX,79.40536499023438,12.7,17.745833333333334,39.730971128608935,0.4826518270570155,0.16573149035171755,0.04215832855496695,0.12542555672732864,0.2996732387559919,0.07593399765982539,False,False,flicker_20Hz
14,CTX,424.4336242675781,17.033333333333335,11.545833333333333,-32.21624266144815,-0.5609884854562047,-0.19201049715702007,2.045001108094959e-06,-1.3641427473791368,-1.8670881695364925,1.363334072063306e-05,False,True,flicker_20Hz
48,CTX,727.296875,16.325,4.220833333333333,-74.14497192445124,-1.951483223466449,-0.5891299939160413,1.6221551472086028e-11,-2.2322195338392383,-4.7539739103708865,7.776794507530622e-10,True,True,flicker_20Hz
52,CTX,765.3553466796875,14.383333333333333,7.979166666666667,-44.52491309385863,-0.8500880723666355,-0.28637972796720695,1.1474110031232093e-10,-1.6189768733442047,-2.467304374832688,2.2948220062464188e-09,False,True,flicker_20Hz
53,CTX,810.2553100585938,12.958333333333334,11.408333333333333,-11.961414790996788,-0.18379213376006548,-0.06361149110807117,0.14692156749545998,-0.9447943388501305,-1.0839692267316066,0.19268402294486556,False,False,flicker_20Hz
24,CTX,505.1506652832031,10.425,10.958333333333334,5.115907274180654,0.07198101001384488,0.02494154325798908,0.748712753314557,-0.5912318264568888,-0.5529439581959644,0.7728647776150266,False,False,flicker_20Hz
69,CTX,933.3778076171875,10.425,6.429166666666666,-38.329336530775386,-0.6973437275950852,-0.2370828182941904,5.857322660997812e-07,-1.4907059648839656,-2.1501830950031255,4.462722027426905e-06,False,True,flicker_20Hz
31,CTX,584.6793823242188,11.658333333333333,8.783333333333333,-24.66047176554682,-0.40852109552753874,-0.14064410925397472,2.5603949726989813e-09,-1.207710882311137,-1.5505418915137847,3.724210869380336e-08,False,True,flicker_20Hz
61,CTX,847.1752319335938,5.741666666666666,11.7375,104.42670537010163,1.0315836756706396,0.34302741358760436,4.2867443409982306e-11,1.4648619304308057,1.439342079732836,1.1431318242661948e-09,False,True,flicker_20Hz
1,CTX,72.90603637695312,5.825,8.1125,39.27038626609443,0.4778885233448583,0.16412556053811664,0.049744674347262305,0.1158897793648471,0.2897838711877496,0.08651247712567357,False,False,flicker_20Hz
43,CTX,749.934326171875,4.991666666666666,15.379166666666666,208.0968280467446,1.623383829456823,0.5099202290857026,1.7946045200168288e-11,3.611209518991591,2.66801226357955,7.776794507530622e-10,True,True,flicker_20Hz
63,CTX,891.9421997070312,5.2,15.783333333333333,203.525641025641,1.6018183966061366,0.5043685464654487,2.30615739397377e-11,3.5165693663006494,2.6232390336709943,7.776794507530622e-10,True,True,flicker_20Hz
28,CTX,512.4619750976562,7.925,8.25,4.10094637223975,0.057983184106408486,0.02009273570324576,0.22561068895287983,-0.612245198758561,-0.5820056460328319,0.27346750176106643,False,False,flicker_20Hz
47,CTX,742.1814575195312,6.641666666666667,6.9625,4.8306148055207085,0.06806010407071636,0.02358346094946404,0.36864016885983175,-0.5971384154174589,-0.5610843755229425,0.40398922614776084,False,False,flicker_20Hz
42,CTX,702.7573852539062,6.033333333333333,9.333333333333334,54.696132596685096,0.6294371298617611,0.21475054229934928,1.3134760527982834e-06,0.43525868318763744,0.6044226103627164,9.137224715118494e-06,False,True,flicker_20Hz
21,CTX,488.3040771484375,7.591666666666667,6.204166666666667,-18.276619099890233,-0.29117920521995094,-0.10057384475989128,0.009220131828015008,-1.075541975581885,-1.306921674427402,0.021380015833078282,False,True,flicker_20Hz
70,CTX,967.37646484375,5.916666666666667,5.1125,-13.591549295774655,-0.21075568072913947,-0.07291273139403102,0.3364120574608791,-0.9785440361884169,-1.139949790439978,0.37640509925692767,False,False,flicker_20Hz
5,CTX,125.89278411865234,4.716666666666667,6.254166666666666,32.597173144876315,0.407050018788806,0.1401443220660843,0.004579883690012484,-0.022269938409902726,0.1427119958942574,0.011819054683903185,False,True,flicker_20Hz
2,CTX,81.89913940429688,3.341666666666667,6.3125,88.90274314214463,0.917643651905393,0.3077255071212775,0.0001057921798173313,1.1434596012678324,1.2027846725549318,0.0004836213934506574,False,True,flicker_20Hz
76,CTX,1066.022705078125,3.775,4.733333333333333,25.38631346578367,0.32637987945844693,0.11263467189030364,0.13479857009869448,-0.1715608901718195,-0.0247718992819224,0.1859021826018082,False,False,flicker_20Hz
41,CTX,707.9666137695312,2.675,10.195833333333333,281.15264797507785,1.9303688989570866,0.5843314988669472,2.4302482836033194e-11,5.123729991477122,3.3053615433456387,7.776794507530622e-10,True,True,flicker_20Hz
18,CTX,463.1156005859375,4.216666666666667,3.2041666666666666,-24.011857707509883,-0.3961537867324837,-0.1364402021336328,4.326651644973267e-05,-1.194282218551218,-1.5248654136120918,0.00020977704945324932,False,True,flicker_20Hz
73,CTX,983.28515625,3.308333333333333,4.920833333333333,48.7405541561713,0.5727980522541996,0.19594936708860763,6.544020351152337e-06,0.3119566064248657,0.486830978370451,4.0270894468629765e-05,False,True,flicker_20Hz
38,CTX,649.0108642578125,2.841666666666667,5.929166666666666,108.65102639296185,1.06109201750231,0.3520190023752969,6.795424659845087e-10,1.552320698749264,1.5006060377622037,1.2080754950835712e-08,False,True,flicker_20Hz
6,CTX,125.71984100341797,2.8583333333333334,4.845833333333333,69.53352769679299,0.761570615300406,0.25797728501892914,0.0003123944499727343,0.7424465823760231,0.8787525050197954,0.001315345052516776,False,True,flicker_20Hz
40,CTX,700.1046752929688,3.033333333333333,5.525,82.14285714285717,0.8650704199138917,0.29113924050632917,2.1439906975265657e-09,1.0035054405230668,1.0936343754433973,3.430385116042505e-08,False,True,flicker_20Hz
10,CTX,305.61083984375,3.0416666666666665,4.795833333333333,57.67123287671234,0.6569194643648509,0.22381711855396066,0.00014130140553971765,0.49685405075250744,0.661480258574562,0.0006280062468431895,False,True,flicker_20Hz
74,CTX,1005.5782470703125,2.325,4.0125,72.58064516129032,0.7872706760142718,0.2662721893491124,1.1344419384211398e-05,0.8055329668918854,0.9321098725705748,6.576545971436261e-05,False,True,flicker_20Hz
12,CTX,388.285888671875,2.525,5.3,109.9009900990099,1.0697089718114046,0.3546325878594249,4.628738844267254e-08,1.5781994815364015,1.5184961899823723,4.937321433885071e-07,False,True,flicker_20Hz
0,CTX,73.41268920898438,1.9416666666666667,3.716666666666667,91.41630901287554,0.9367137552660245,0.3136966126656849,0.003753525949000096,1.1954995324074864,1.242377206034652,0.010009402530666922,False,True,flicker_20Hz
71,CTX,967.621337890625,3.4833333333333334,3.691666666666667,5.9808612440191435,0.08380375647413575,0.02903600464576076,0.2638994144371173,-0.5733241417793129,-0.5283980773373614,0.3082036956929837,False,False,flicker_20Hz
60,CTX,855.4642944335938,2.5166666666666666,3.129166666666667,24.337748344370873,0.31426435818919307,0.10848708487084874,0.0024542633631169427,-0.19326999171125814,-0.04992562668475641,0.007139675238158379,False,True,flicker_20Hz
46,CTX,730.2316284179688,2.341666666666667,4.8875,108.71886120996442,1.0615609778075823,0.3521613832853026,3.620692115034065e-08,1.553725125522714,1.5015796731031366,4.137933845753217e-07,False,True,flicker_20Hz
13,CTX,385.3935546875,2.0083333333333333,3.5458333333333334,76.55601659751038,0.820125985456001,0.2768192048012003,1.1508955450013458e-05,0.8878375757364039,1.0003226616917738,6.576545971436261e-05,False,True,flicker_20Hz
44,CTX,743.8521728515625,2.0833333333333335,3.808333333333333,82.79999999999998,0.8702660703959826,0.29278642149929274,1.1563000911926983e-08,1.017110681361527,1.1044213628954829,1.4641416824931698e-07,False,True,flicker_20Hz
4,CTX,130.6201171875,1.85,3.3875,83.1081081081081,0.8726956757249218,0.2935560859188544,2.5426490906685595e-05,1.0234896368192778,1.1094656056302714,0.00013123350145386112,False,True,flicker_20Hz
11,CTX,331.4168395996094,2.0083333333333333,2.808333333333333,39.834024896265554,0.4837154449518968,0.16608996539792384,0.000836919921610029,0.1275591435312316,0.30188147676689076,0.002795428047933706,False,True,flicker_20Hz
8,CTX,218.69528198242188,1.625,2.5416666666666665,56.4102564102564,0.645335118700638,0.22,0.03948772076354535,0.4707472638776485,0.6374293352587582,0.07346552700194484,False,False,flicker_20Hz
54,CTX,809.6605224609375,1.4833333333333334,4.0375,172.19101123595502,1.4446194244486832,0.4626415094339622,1.1275717119400178e-10,2.86782886758134,2.296869246867938,2.2948220062464188e-09,True,True,flicker_20Hz
75,CTX,1006.634033203125,1.5,2.45,63.33333333333334,0.7078192485066899,0.24050632911392408,2.6383867357967904e-05,0.6140800686975548,0.7671562147891773,0.00013191933678983952,False,True,flicker_20Hz
9,CTX,250.51275634765625,1.6916666666666667,2.65,56.65024630541872,0.647547038099179,0.2207293666026871,0.011140069477131262,0.4757159252379446,0.6420216277694517,0.0254630159477286,False,True,flicker_20Hz
51,CTX,770.325439453125,1.4166666666666667,2.725,92.3529411764706,0.9437558893603808,0.3158953722334004,4.5449367621919003e-07,1.214891215698642,1.2569977838378679,3.63594940975352e-06,False,True,flicker_20Hz
59,CTX,851.4287719726562,1.075,2.120833333333333,97.28682170542635,0.9802945906524412,0.3272490221642764,3.127280226281376e-07,1.3170404396230881,1.3328578736786962,2.633499137921159e-06,False,True,flicker_20Hz
7,CTX,186.6515655517578,1.2166666666666666,1.9291666666666667,58.56164383561646,0.6650438243802194,0.22649006622516563,0.0009400110678690917,0.5152887874454788,0.6783477075771627,0.0030080354171810935,False,True,flicker_20Hz
16,CTX,424.6138000488281,0.9166666666666666,1.7125,86.81818181818181,0.9016348701570233,0.30269413629160064,1.5746587560326878e-05,1.1003016204014444,1.1695479241558466,8.687772447076898e-05,False,True,flicker_20Hz
68,CTX,932.6470336914062,0.75,1.8666666666666667,148.88888888888889,1.3155018257279294,0.4267515923566879,6.073364067085854e-08,2.385390409743553,2.0288008073058355,6.073364067085853e-07,True,True,flicker_20Hz
17,CTX,462.4216613769531,0.9416666666666667,1.9291666666666667,104.86725663716814,1.0346894208450486,0.3439767779390421,7.938158272457808e-08,1.4739829396983932,1.4457900951143947,7.056140686629162e-07,False,True,flicker_20Hz
26,CTX,548.7279663085938,0.6083333333333333,1.575,158.90410958904113,1.3724178653410555,0.4427480916030535,1.1896151170257004e-08,2.59274180707646,2.146967455975806,1.4641416824931698e-07,True,True,flicker_20Hz
29,CTX,588.9581298828125,0.6083333333333333,0.9416666666666667,54.79452054794521,0.6303544035351707,0.21505376344086027,0.0003633474980704979,0.4372956706675236,0.606327014756219,0.0014906564023405044,False,True,flicker_20Hz
22,CTX,503.4034729003906,0.5416666666666666,1.0583333333333333,95.3846153846154,0.9663168737437114,0.3229166666666667,3.780710325102877e-06,1.2776578687897122,1.3038379352854204,2.4196546080658415e-05,False,True,flicker_20Hz
62,CTX,877.8511352539062,0.125,0.3625,190.0,1.5360529002402097,0.48717948717948717,2.2528952054190948e-05,3.23653953466176,2.4866995211451357,0.00012015441095568505,True,True,flicker_20Hz
206,HPC,2538.06640625,24.383333333333333,37.9,55.43403964456596,0.6363024847537609,0.217018999197217,0.20940922314475785,0.4505360357354022,0.618676166742112,0.25576699010046755,False,False,flicker_20Hz
205,HPC,2536.6416015625,24.608333333333334,38.99583333333333,58.46596681341007,0.6641730310170025,0.2262037340320995,0.18512690189912628,0.5133079260305282,0.6765398036169641,0.23696243443088164,False,False,flicker_20Hz
196,HPC,2384.36865234375,22.341666666666665,32.525,45.58000745990303,0.5418122434563905,0.18560145808019443,0.0013284231667831314,0.24652182536236084,0.4224995665776816,0.004087455897794251,False,True,flicker_20Hz
179,HPC,2093.244873046875,25.258333333333333,29.65,17.38700098977235,0.2312726584828308,0.0799817878281985,0.0068885572748986655,-0.33717567483435723,-0.22222944628262825,0.01669953278763313,False,True,flicker_20Hz
115,HPC,1410.151611328125,29.65,32.0875,8.220910623946038,0.1139792860294146,0.03948167645272323,0.0025362448635091587,-0.5269469941428666,-0.46574893267398937,0.007246413895740453,False,True,flicker_20Hz
93,HPC,1309.1307373046875,23.075,25.795833333333334,11.791260382809686,0.1608074055762323,0.055673970500468954,0.0197951698732883,-0.45302780318022196,-0.36852639245550173,0.041339869936751844,False,True,flicker_20Hz
195,HPC,2384.6845703125,15.358333333333333,26.316666666666666,71.35105805751493,0.7769551002295239,0.26294741051789644,0.0004900585423667671,0.7800760536851227,0.9106931150472062,0.0019124235799678716,False,True,flicker_20Hz
107,HPC,1366.1378173828125,24.65,24.854166666666668,0.8282623394185367,0.011900085483522702,0.004124231967006197,0.9237463290866831,-0.6800016294505233,-0.6776814056536452,0.9413306050503388,False,False,flicker_20Hz
160,HPC,1973.4671630859375,17.291666666666668,19.108333333333334,10.50602409638554,0.1441250184591441,0.04990842490842489,0.060426771230470716,-0.4796368563275932,-0.4031616515290578,0.09765942825126579,False,False,flicker_20Hz
162,HPC,1953.154052734375,15.525,18.091666666666665,16.53247450348898,0.2207320516735066,0.07635101636093201,0.0023307757127177912,-0.3548674727780753,-0.24411340360067155,0.00695469730570902,False,True,flicker_20Hz
130,HPC,1537.6485595703125,16.708333333333332,18.579166666666666,11.197007481296762,0.15311796297162172,0.05301688511040266,0.0032279813580416,-0.46533099381245296,-0.3844908845196574,0.008904776160114758,False,True,flicker_20Hz
157,HPC,1935.87744140625,12.825,15.241666666666667,18.8434048083171,0.24906184342050636,0.08610451306413305,0.0028968696302293065,-0.3070228328853381,-0.1852963008820714,0.008131563874327877,False,True,flicker_20Hz
99,HPC,1343.5479736328125,12.491666666666667,13.895833333333334,11.240827218145432,0.15368637812408778,0.05321332701721143,0.0493100542717756,-0.4644237663095988,-0.3833107652760013,0.08651247712567357,False,False,flicker_20Hz
183,HPC,2115.36962890625,11.066666666666666,12.675,14.533132530120492,0.1957650063775721,0.06774306774306778,0.037865972570710185,-0.3962611039656523,-0.29594891587218125,0.07299464591944131,False,False,flicker_20Hz
154,HPC,1891.9034423828125,11.7,12.883333333333333,10.113960113960117,0.1389973836202866,0.048135593220338994,0.12653348624725,-0.48775400292213394,-0.41380742780986984,0.1775908578908772,False,False,flicker_20Hz
126,HPC,1491.674072265625,10.791666666666666,11.8125,9.459459459459467,0.13039663725567513,0.04516129032258068,0.054164049534480986,-0.5013045405816734,-0.4316639297884823,0.09104985928366888,False,False,flicker_20Hz
172,HPC,2055.85498046875,11.65,12.241666666666667,5.0786838340486415,0.07147003518084338,0.024764562260202308,0.25832687133145793,-0.5920024866905462,-0.5540048223035325,0.30391396627230344,False,False,flicker_20Hz
169,HPC,1997.716796875,9.425,11.55,22.546419098143236,0.29332832814739324,0.10131108462455303,0.0005606151545968665,-0.2303570049093754,-0.09339211738420354,0.002013765992154602,False,True,flicker_20Hz
168,HPC,1994.9326171875,8.55,10.045833333333333,17.495126705653,0.23260091999547194,0.08043916647994614,0.14590934721645907,-0.33493708030442015,-0.21947176650425673,0.19268402294486556,False,False,flicker_20Hz
114,HPC,1418.731201171875,11.125,10.891666666666667,-2.0973782771535507,-0.03058060077948295,-0.010598031794095346,0.5531792467858239,-0.7405730025737247,-0.7658779907115795,0.5861501952697471,False,False,flicker_20Hz
113,HPC,1419.045654296875,10.3,10.291666666666666,-0.08090614886732655,-0.0011677014323346667,-0.0004046944556860203,0.7126851032257235,-0.6988247150420626,-0.7048121862890575,0.740452055299453,False,False,flicker_20Hz
92,HPC,1271.423828125,8.4,9.9875,18.898809523809526,0.24973427014921662,0.08633582596872877,0.016210854011949223,-0.30587575430163677,-0.18390023724960675,0.03602412002655383,False,True,flicker_20Hz
155,HPC,1893.3917236328125,9.508333333333333,10.508333333333333,10.5170902716915,0.14426948403953818,0.04995836802664447,0.05792971060298288,-0.47940774635772626,-0.4028617182659677,0.0945791193518088,False,False,flicker_20Hz
153,HPC,1856.607421875,8.95,10.358333333333333,15.73556797020484,0.21083230306707226,0.07293914544669833,0.0010871215276044832,-0.37136632868623093,-0.264666838510218,0.003410577341504261,False,True,flicker_20Hz
185,HPC,2179.346923828125,7.883333333333334,9.370833333333334,18.868921775898514,0.24937157243842156,0.08621106013040328,0.0047447172768128034,-0.30649453909710195,-0.1846532547338914,0.012050075623651565,False,True,flicker_20Hz
184,HPC,2179.62841796875,8.491666666666667,9.65,13.640824337585865,0.18448120182342276,0.06384933394579696,0.0388601778904547,-0.41473512027673,-0.3193758685813658,0.07314857014673826,False,False,flicker_20Hz
88,HPC,1212.61376953125,7.633333333333334,8.283333333333333,8.515283842794751,0.11789825346534227,0.0408376963350785,0.05310746509651566,-0.5208524007142127,-0.45761253999280355,0.09104985928366888,False,False,flicker_20Hz
192,HPC,2349.681640625,5.983333333333333,8.204166666666667,37.11699164345405,0.4554073620785025,0.15653450807635835,0.1838572351413139,0.07130669953248124,0.24310944508376323,0.23696243443088164,False,False,flicker_20Hz
118,HPC,1436.7525634765625,7.125,8.266666666666667,16.02339181286551,0.21441570061361526,0.07417433676231733,0.026908412377890958,-0.3654073311016336,-0.2572271416900351,0.05449805038560194,False,False,flicker_20Hz
132,HPC,1567.6287841796875,6.341666666666667,8.341666666666667,31.537450722733244,0.395473615332448,0.1362088535754824,0.0008862869128981877,-0.044210036546036516,0.11867756185092658,0.002893998082932858,False,True,flicker_20Hz
129,HPC,1544.405517578125,6.408333333333333,7.758333333333334,21.0663198959688,0.27579756959696744,0.09529411764705885,0.04211442838573093,-0.261000427251284,-0.12978872896552834,0.07593399765982539,False,False,flicker_20Hz
204,HPC,2524.290771484375,4.866666666666666,7.695833333333334,58.133561643835634,0.661143592102421,0.22520729684908797,0.054629915570201325,0.5064259332661657,0.670250212030484,0.09104985928366888,False,False,flicker_20Hz
122,HPC,1446.6519775390625,7.558333333333334,8.054166666666667,6.560088202866596,0.09166718168271337,0.03175874032559382,0.20922091363053086,-0.5613320426648037,-0.512072370027426,0.25576699010046755,False,False,flicker_20Hz
148,HPC,1756.7283935546875,5.866666666666666,7.195833333333334,22.656250000000014,0.29462074889162726,0.10175438596491235,0.08352346126331618,-0.22808310684440417,-0.09070884867724904,0.12727384573457703,False,False,flicker_20Hz
145,HPC,1745.724365234375,6.475,6.675,3.0888030888030915,0.04388764400099996,0.015209125475285187,0.8683514265928965,-0.6332002361366706,-0.6112702039109095,0.8906168477875861,False,False,flicker_20Hz
150,HPC,1812.88720703125,6.058333333333334,7.45,22.971114167812928,0.2983194672637233,0.10302282541640963,0.05415671019091581,-0.22156427644408375,-0.08302972768823623,0.09104985928366888,False,False,flicker_20Hz
190,HPC,2294.13427734375,6.566666666666666,7.083333333333333,7.868020304568526,0.10926721156868778,0.03785103785103785,0.35708830733978647,-0.5342531038152247,-0.4755319402601151,0.394028477064592,False,False,flicker_20Hz
203,HPC,2514.4150390625,5.183333333333334,5.754166666666666,11.012861736334395,0.15072683412744828,0.05219047619047615,0.27257088184701206,-0.4691434786966129,-0.3894552440213841,0.3160242108371154,False,False,flicker_20Hz
164,HPC,2031.1707763671875,6.516666666666667,5.958333333333333,-8.567774936061385,-0.12922536564160064,-0.04475617902471612,0.12920852075933137,-0.8745336838897458,-0.9706800351234234,0.17976837670863496,False,False,flicker_20Hz
124,HPC,1490.3388671875,5.8,6.570833333333334,13.290229885057483,0.18002344894178207,0.06231054227012467,0.10596222592600922,-0.42199369717736884,-0.32863086457551616,0.1527383436771304,False,False,flicker_20Hz
120,HPC,1439.46923828125,6.166666666666667,6.366666666666666,3.2432432432432314,0.04604736751943641,0.01595744680851058,0.23829175478280507,-0.6300027647292771,-0.6067862782554693,0.28452746839737914,False,False,flicker_20Hz
123,HPC,1458.62841796875,6.166666666666667,6.358333333333333,3.1081081081081043,0.04415778631821836,0.015302727877578158,0.13761630022082497,-0.6328005522107465,-0.6107093459786531,0.1865983731807796,False,False,flicker_20Hz
102,HPC,1346.02197265625,6.541666666666667,6.291666666666667,-3.821656050955414,-0.05621600956654809,-0.01948051948051948,0.5506994092231533,-0.7762718070726066,-0.8191011306953669,0.5861501952697471,False,False,flicker_20Hz
194,HPC,2334.79296875,5.233333333333333,6.375,21.815286624203818,0.2846951886883871,0.0983488872936109,0.14279128362164756,-0.24549409920271428,-0.11131587252081299,0.19038837816219675,False,False,flicker_20Hz
188,HPC,2233.57275390625,5.633333333333334,6.625,17.60355029585798,0.23393161388953335,0.0808973487423521,0.00884471041280675,-0.33269231869547117,-0.2167090367195483,0.020811083324251176,False,True,flicker_20Hz
141,HPC,1694.698974609375,5.283333333333333,5.491666666666666,3.9432176656151365,0.05579562486864446,0.01933488012374321,0.9295639724872096,-0.6155107551249452,-0.5865473630189517,0.9413306050503388,False,False,flicker_20Hz
159,HPC,1928.7998046875,5.05,6.570833333333334,30.11551155115513,0.37979296131755946,0.13087128002868417,0.0008386284143801118,-0.0736493352870654,0.08612205822685903,0.002795428047933706,False,True,flicker_20Hz
173,HPC,2037.5264892578125,5.933333333333334,5.55,-6.460674157303377,-0.09635506389513576,-0.03338171262699568,0.5048687464464326,-0.8309090545503156,-0.9024361196199515,0.5421409357814042,False,False,flicker_20Hz
134,HPC,1609.666259765625,5.116666666666666,6.479166666666667,26.62866449511402,0.34060401964778575,0.11749910168882507,0.038534629382349146,-0.14583971740667934,0.00475965259362964,0.07314857014673826,False,False,flicker_20Hz
121,HPC,1463.572265625,6.383333333333334,5.933333333333334,-7.049608355091386,-0.10546715095855937,-0.03653585926928283,0.08476915854767574,-0.8431021287225725,-0.9213542453010897,0.1278316865429152,False,False,flicker_20Hz
202,HPC,2495.99462890625,6.1,5.108333333333333,-16.25683060109289,-0.25595657459326077,-0.08847583643122674,0.0005416583842469944,-1.0337250271509635,-1.2337939542489167,0.002013765992154602,False,True,flicker_20Hz
163,HPC,1993.0799560546875,5.15,6.175,19.90291262135921,0.26186670440145915,0.09050772626931564,0.019894812407061823,-0.28508717793605926,-0.15871139583440702,0.041339869936751844,False,True,flicker_20Hz
151,HPC,1814.18701171875,5.116666666666666,6.1,19.21824104234528,0.2536049929138632,0.08766716196136703,0.0054262157574585254,-0.29926236317391514,-0.1758640080928022,0.013565539393646313,False,True,flicker_20Hz
182,HPC,2136.575927734375,5.383333333333334,6.095833333333333,13.235294117647047,0.17932369944456192,0.06206896551724133,0.03484850370823496,-0.4231310668347281,-0.33008365457209793,0.06799708040631211,False,False,flicker_20Hz
193,HPC,2349.2587890625,4.691666666666666,5.975,27.353463587921844,0.34883819662167526,0.12031249999999999,0.13594097102757224,-0.13083374707623607,0.02185509887158124,0.1859021826018082,False,False,flicker_20Hz
191,HPC,2294.20751953125,4.791666666666667,5.7375,19.7391304347826,0.25989469830322637,0.08982983775227538,0.01720818856667565,-0.28847806329561837,-0.16280559060566746,0.037716577680384986,False,True,flicker_20Hz
133,HPC,1582.4456787109375,4.633333333333334,5.55,19.78417266187049,0.2604372943477546,0.09001636661211124,0.048412979703085716,-0.28754552581039666,-0.16167907589032005,0.08606751947215238,False,False,flicker_20Hz
152,HPC,1855.1988525390625,4.441666666666666,5.645833333333333,27.110694183864915,0.346085413482058,0.11937216026435359,0.0004733274358278178,-0.13585995435293804,0.016139888179923227,0.0018933097433112712,False,True,flicker_20Hz
187,HPC,2219.548583984375,4.391666666666667,5.754166666666666,31.0246679316888,0.38983845262083633,0.13429158110882958,0.0005663716852934818,-0.054826500369915834,0.10697807789407783,0.002013765992154602,False,True,flicker_20Hz
181,HPC,2092.29345703125,3.966666666666667,5.129166666666666,29.306722689075624,0.37079728317651367,0.12780577187356845,0.003669774406305632,-0.09039419850280345,0.06744561577466947,0.009951930593371206,False,True,flicker_20Hz
112,HPC,1395.1429443359375,4.575,4.9375,7.92349726775956,0.11000900478042279,0.03810775295663599,0.18716734672457958,-0.5331045294420936,-0.4739918609005413,0.23767282123756137,False,False,flicker_20Hz
149,HPC,1772.805419921875,3.966666666666667,4.579166666666667,15.441176470588232,0.20715790764128747,0.07167235494880543,0.232729979274098,-0.37746130059309124,-0.2722954612377404,0.2799759149162081,False,False,flicker_20Hz
189,HPC,2232.44677734375,4.275,5.029166666666667,17.64132553606237,0.23439494514796733,0.08105687416032241,0.10594565295757348,-0.33191023419873633,-0.21574708816505758,0.1527383436771304,False,False,flicker_20Hz
180,HPC,2091.478271484375,4.025,5.495833333333334,36.54244306418219,0.44934947041577156,0.1544857768052516,4.7951112363482114e-05,0.05941145984536718,0.23053230934739719,0.00022565229347520994,False,True,flicker_20Hz
139,HPC,1667.00732421875,3.7916666666666665,4.329166666666667,14.175824175824179,0.1912572038181531,0.06618778860954337,0.1091061886170457,-0.40365868298664537,-0.3053078228680506,0.15586598373863672,False,False,flicker_20Hz
186,HPC,2220.048583984375,3.591666666666667,4.7625,32.59860788863109,0.4070656291253801,0.1401496259351621,0.0059394424762425095,-0.022240234009842583,0.1427444054078165,0.014620166095366177,False,True,flicker_20Hz
166,HPC,2027.255126953125,3.933333333333333,4.779166666666667,21.504237288135602,0.2810066266539838,0.09708273553323772,0.014314020699271646,-0.2519339487481404,-0.11897390735562269,0.032256948054696664,False,True,flicker_20Hz
135,HPC,1611.0538330078125,3.1416666666666666,4.1,30.50397877984084,0.3840937920705754,0.13233601841196774,0.007995872290463769,-0.06560665454166761,0.09505125920491578,0.019094620395137357,False,True,flicker_20Hz
131,HPC,1566.087158203125,3.283333333333333,4.2125,28.299492385786817,0.35951546244663857,0.12395775430794892,0.0023472103406767942,-0.11124751937069079,0.04402278179664807,0.00695469730570902,False,True,flicker_20Hz
80,HPC,1105.8084716796875,2.8,4.091666666666667,46.130952380952394,0.5472617915359329,0.1874244256348247,0.08548744037557454,0.25792838370523563,0.4338136853691953,0.1278316865429152,False,False,flicker_20Hz
119,HPC,1459.12548828125,4.766666666666667,4.325,-9.265734265734261,-0.14028060842050852,-0.04857928505957834,0.19089254578473658,-0.8889839737657352,-0.9936324576443177,0.24040221501932538,False,False,flicker_20Hz
83,HPC,1176.2711181640625,3.216666666666667,3.533333333333333,9.84455958549222,0.13546341729511863,0.04691358024691355,0.37875224955536313,-0.493331571074895,-0.4211444976410835,0.412247346454817,False,False,flicker_20Hz
147,HPC,1748.5361328125,2.783333333333333,3.533333333333333,26.94610778443114,0.34421616208914696,0.1187335092348285,0.06381473432174653,-0.1392674898358123,0.012259028335784796,0.10109264843048957,False,False,flicker_20Hz
106,HPC,1364.9876708984375,3.908333333333333,3.8583333333333334,-1.2793176972281406,-0.018575729255140137,-0.006437768240343325,0.9911815769761684,-0.7236361811666912,-0.7409539895796033,0.9911815769761685,False,False,flicker_20Hz
95,HPC,1286.162841796875,3.0833333333333335,3.933333333333333,27.567567567567558,0.35126158884552894,0.12114014251781467,0.00411560654439993,-0.12640101806474258,0.02688644222315932,0.010795033559081782,False,True,flicker_20Hz
199,HPC,2478.93896484375,3.075,3.6875,19.918699186991866,0.2620566389099638,0.09057301293900182,0.3421265700448265,-0.2847603387638612,-0.1583170619262622,0.3801406333831405,False,False,flicker_20Hz
125,HPC,1475.7177734375,3.2666666666666666,3.433333333333333,5.102040816326526,0.07179068306801009,0.024875621890547244,0.31769733312603965,-0.5915189124331436,-0.5533391068657202,0.36308266642975956,False,False,flicker_20Hz
171,HPC,2033.68896484375,3.2333333333333334,3.370833333333333,4.252577319587621,0.060083050242849684,0.02082018927444791,0.3251674538165935,-0.6091058881279909,-0.5776459937153929,0.36898434475641817,False,False,flicker_20Hz
146,HPC,1746.5018310546875,2.575,2.816666666666667,9.385113268608416,0.1294164083778099,0.04482225656877898,0.6033973489280275,-0.5028437764129029,-0.43369903908656754,0.6310037635848654,False,False,flicker_20Hz
94,HPC,1306.9345703125,2.8,3.245833333333333,15.922619047619047,0.2131620952829089,0.0737422467263956,0.1923217720154603,-0.36749369288162287,-0.2598298234945192,0.24040221501932538,False,False,flicker_20Hz
161,HPC,1969.720458984375,2.3333333333333335,2.875,23.214285714285705,0.30116953472056474,0.10399999999999995,0.04223828619827787,-0.21652974336065728,-0.07711253945540238,0.07593399765982539,False,False,flicker_20Hz
127,HPC,1473.04736328125,2.4916666666666667,2.9625,18.89632107023411,0.24970407542131023,0.08632543926661572,0.062098648779060704,-0.30592727431717204,-0.1839629262530661,0.09935783804649713,False,False,flicker_20Hz
81,HPC,1149.5631103515625,2.1,2.7083333333333335,28.968253968253972,0.3670159844159005,0.12651646447140383,0.09893497646527954,-0.097401728772684,0.05959504491276915,0.14522565352701586,False,False,flicker_20Hz
176,HPC,2078.0791015625,2.433333333333333,2.8333333333333335,16.438356164383578,0.2195663772576848,0.07594936708860767,0.09294296424620432,-0.35681606379892633,-0.24653352699812278,0.13769328036474715,False,False,flicker_20Hz
110,HPC,1414.1494140625,2.4,2.9125,21.354166666666675,0.27922364393312415,0.09647058823529416,0.027851713198909306,-0.25504095497314816,-0.12267565987024881,0.05570342639781861,False,False,flicker_20Hz
198,HPC,2449.637939453125,2.05,2.4833333333333334,21.138211382113834,0.27665401512292176,0.0955882352941177,0.5957359137080939,-0.25951201271157387,-0.12801061337178152,0.6270904354822041,False,False,flicker_20Hz
111,HPC,1396.742431640625,1.3416666666666666,1.6041666666666667,19.565217391304362,0.257797757467647,0.08910891089108917,0.030474828916814262,-0.2920786941413353,-0.1671591695384939,0.060197192922102245,False,False,flicker_20Hz
144,HPC,1693.172119140625,1.75,2.15,22.857142857142854,0.2969817377571313,0.10256410256410255,0.2063958355472172,-0.22392389599025544,-0.08580706451095596,0.25576699010046755,False,False,flicker_20Hz
140,HPC,1646.671142578125,1.4666666666666666,1.9333333333333333,31.818181818181827,0.39854937649027505,0.13725490196078435,0.08339678088775634,-0.038397884556697265,0.1250633256988713,0.12727384573457703,False,False,flicker_20Hz
201,HPC,2508.2275390625,1.4916666666666667,2.7875,86.87150837988827,0.9020466233772044,0.3028237585199611,0.00019285799271288268,1.1014056736635582,1.1704027885919284,0.0008339805090286818,False,True,flicker_20Hz
91,HPC,1268.5537109375,1.925,2.441666666666667,26.83982683982685,0.3430078130061903,0.11832061068702293,0.019306853240419,-0.1414678909086739,0.009750305618480894,0.04118795357956053,False,True,flicker_20Hz
96,HPC,1344.404052734375,1.7833333333333334,2.1,17.75700934579439,0.2358129370987694,0.08154506437768239,0.07156649523109417,-0.32951515971012685,-0.21280311388634418,0.11226116898995163,False,False,flicker_20Hz
104,HPC,1370.7872314453125,1.5333333333333334,1.8,17.391304347826082,0.23132554610645553,0.07999999999999997,0.15575044361790952,-0.33708657971280376,-0.22211964325904593,0.20260220308020752,False,False,flicker_20Hz
197,HPC,2423.4501953125,1.125,1.95,73.33333333333333,0.7935491225325737,0.26829268292682923,0.0005106512749660639,0.8211163423263076,0.9451449148708525,0.0019453381903469101,False,True,flicker_20Hz
82,HPC,1147.5198974609375,1.425,1.7875,25.438596491228076,0.3269813226136479,0.11284046692607004,0.11649776086678565,-0.17047844189561476,-0.023523208710711296,0.16495258175828056,False,False,flicker_20Hz
84,HPC,1173.6036376953125,1.1083333333333334,1.6625,50.0,0.5849625007211562,0.2,0.0008181505845702205,0.3380317038592172,0.5120862863298495,0.002795428047933706,False,True,flicker_20Hz
116,HPC,1466.636474609375,1.5333333333333334,1.4125,-7.880434782608696,-0.11842049292066892,-0.04101838755304102,0.4572288146816763,-0.8603032494811198,-0.9482474202152765,0.49430142127748794,False,False,flicker_20Hz
177,HPC,2073.6142578125,1.4333333333333333,1.3708333333333333,-4.3604651162790695,-0.06432098096685641,-0.022288261515601784,0.9705480061982963,-0.7874271091808068,-0.8359283258841116,0.9766520817089773,False,False,flicker_20Hz
167,HPC,2027.8082275390625,1.2083333333333333,1.3333333333333333,10.344827586206897,0.14201900487242786,0.049180327868852465,0.2463760874878108,-0.4829742088065277,-0.40753406691999605,0.2920012888744425,False,False,flicker_20Hz
78,HPC,1107.63916015625,1.0333333333333334,1.375,33.06451612903225,0.4121259038589405,0.1418685121107266,0.026243433580892428,-0.01259424341528413,0.1532503315171985,0.053832684268497286,False,False,flicker_20Hz
100,HPC,1348.2078857421875,0.7166666666666667,0.8583333333333333,19.76744186046511,0.26023577248112034,0.08994708994708991,0.0752826228883528,-0.28789191408817594,-0.1620974669761326,0.11694388021491697,False,False,flicker_20Hz
178,HPC,2103.47509765625,0.18333333333333332,0.24166666666666667,31.818181818181827,0.39854937649027505,0.13725490196078435,0.14099775168964707,-0.038397884556697265,0.1250633256988713,0.18957680899448343,False,False,flicker_20Hz
200,HPC,2553.99560546875,0.03333333333333333,0.058333333333333334,75.0,0.8073549220576041,0.2727272727272727,0.3040248055516289,0.8556223879310999,0.9738079257403943,0.34995661070691103,False,False,flicker_20Hz
39,CTX,654.4733276367188,28.191666666666666,27.7625,-1.52231746970145,-0.022131283525851416,-0.007669967979745336,0.6242762584896718,-0.33670649435439437,-0.21270514669556437,0.9828794418876431,False,False,phase_reversing_1
37,CTX,626.8199462890625,26.825,26.970833333333335,0.5436470953712421,0.007821927057940275,0.0027108667028116,0.7627771266369896,-0.17615879839980603,-0.07990034619627845,0.9828794418876431,False,False,phase_reversing_1
33,CTX,553.48486328125,24.741666666666667,24.345833333333335,-1.599865274503195,-0.023267804041616918,-0.008063831593243333,0.6374762222742008,-0.3427327939326827,-0.21774418516315547,0.9828794418876431,False,False,phase_reversing_1
36,CTX,626.8485717773438,22.833333333333332,24.3,6.423357664233586,0.08981482647904816,0.031117397454031158,0.5242521665366248,0.28075803389711035,0.2836349956835847,0.949486717014005,False,False,phase_reversing_1
19,CTX,464.17071533203125,21.166666666666668,22.966666666666665,8.503937007874002,0.11774739104476288,0.04078549848942592,0.0124210772041975,0.4424414555391584,0.40748077355791035,0.33122872544526666,False,False,phase_reversing_1
34,CTX,612.848876953125,21.6,20.8875,-3.298611111111121,-0.048391484102280675,-0.01676963812886148,0.0822018682446113,-0.47474363995135865,-0.3291360945189363,0.7731441367606791,False,False,phase_reversing_1
3,CTX,79.40536499023438,15.65,15.266666666666667,-2.4494142705005295,-0.0357775595568305,-0.012398921832884081,0.7712042368569987,-0.408751900075051,-0.27320921055151154,0.9828794418876431,False,False,phase_reversing_1
14,CTX,424.4336242675781,15.141666666666667,16.179166666666667,6.851953769950465,0.09561328767436178,0.03312491685512837,0.12381259165415741,0.3140645670445136,0.30934387520727674,0.7731441367606791,False,False,phase_reversing_1
48,CTX,727.296875,17.283333333333335,15.991666666666667,-7.473481195756999,-0.11206118261784546,-0.03881793137991488,0.006086242570947591,-0.7991760064745711,-0.6114310954356256,0.23505746202594727,False,False,phase_reversing_1
52,CTX,765.3553466796875,14.083333333333334,13.308333333333334,-5.502958579881659,-0.08165893375831404,-0.028293276543961073,0.4570864952910393,-0.6460451778274385,-0.47663537518303517,0.945442890428055,False,False,phase_reversing_1
53,CTX,810.2553100585938,13.4,13.295833333333333,-0.7773631840796108,-0.0112587978996168,-0.003901982206961181,0.8539443477651307,-0.2788155236329898,-0.16449935318023495,0.9933511726389843,False,False,phase_reversing_1
24,CTX,505.1506652832031,10.25,11.741666666666667,14.55284552845529,0.19601329608303433,0.06782872300113682,0.048452564757584075,0.9125067908491243,0.7544915848172602,0.7731441367606791,False,False,phase_reversing_1
69,CTX,933.3778076171875,12.066666666666666,12.625,4.627071823204422,0.06525619127710806,0.022612217347283168,0.6855042581687154,0.14116727908523632,0.1747483493120848,0.9828794418876431,False,False,phase_reversing_1
31,CTX,584.6793823242188,11.375,11.829166666666667,3.992673992674,0.05648189791717695,0.019572634225175113,0.17050969869588783,0.0918677355537794,0.13584539846051857,0.7889281285990672,False,False,phase_reversing_1
61,CTX,847.1752319335938,5.9,6.333333333333333,7.344632768361571,0.10225005824795023,0.03542234332425063,0.4242704705389948,0.35235103109010296,0.3387696020260868,0.9051103371498556,False,False,phase_reversing_1
1,CTX,72.90603637695312,7.691666666666666,7.975,3.6836403033586116,0.05218827684025136,0.018085106382978715,0.7487407294168316,0.06785248977913276,0.11680859140621282,0.9828794418876431,False,False,phase_reversing_1
43,CTX,749.934326171875,6.45,6.725,4.26356589147286,0.060235107133369825,0.020872865275142274,0.42426732965756764,0.11291895344017631,0.15248615888231773,0.9051103371498556,False,False,phase_reversing_1
63,CTX,891.9421997070312,6.483333333333333,5.220833333333333,-19.473007712082264,-0.31245564566433154,-0.1078675685297259,0.007345545688310852,-1.7316684447823039,-1.4999283939673278,0.23505746202594727,False,False,phase_reversing_1
28,CTX,512.4619750976562,7.158333333333333,8.5125,18.9173457508731,0.24995916759476364,0.08641318798191967,0.00043590432346625213,1.2516754612845793,0.9936736479164345,0.03487234587730017,False,True,phase_reversing_1
47,CTX,742.1814575195312,7.891666666666667,9.208333333333334,16.6842661034847,0.22261003881040908,0.07699805068226125,0.10836500302495318,1.0781411237008764,0.8724146736280193,0.7731441367606791,False,False,phase_reversing_1
42,CTX,702.7573852539062,5.708333333333333,5.979166666666667,4.744525547445266,0.06687484371516124,0.023172905525846752,0.3364579356076457,0.15029469836771064,0.1819250362155467,0.8878374847334186,False,False,phase_reversing_1
21,CTX,488.3040771484375,7.925,7.704166666666667,-2.7865404837013656,-0.04077202145636746,-0.014129565449213536,0.21175107184049669,-0.4349502374958989,-0.2953533648255181,0.8066707498685588,False,False,phase_reversing_1
70,CTX,967.37646484375,6.133333333333334,5.829166666666667,-4.95923913043479,-0.07338170889225964,-0.02542668059909443,0.6452741702590445,-0.6037923210601104,-0.4399362976684894,0.9828794418876431,False,False,phase_reversing_1
5,CTX,125.89278411865234,5.15,5.25,1.941747572815527,0.027744990482904245,0.009615384615384581,0.7153374735587912,-0.0675113345655016,0.008433372023520664,0.9828794418876431,False,False,phase_reversing_1
2,CTX,81.89913940429688,4.85,4.841666666666667,-0.17182130584191466,-0.002480989503754828,-0.0008598452278589365,0.8108755395573055,-0.23175839835666376,-0.1255808175670874,0.9828794418876431,False,False,phase_reversing_1
76,CTX,1066.022705078125,4.558333333333334,4.5625,0.09140767824496737,0.0013181316959790038,0.0004568296025582198,0.6800181217549053,-0.2113026714685654,-0.10873649526675015,0.9828794418876431,False,False,phase_reversing_1
41,CTX,707.9666137695312,3.0083333333333333,3.2291666666666665,7.340720221606644,0.10219747327442873,0.03540414161656645,0.3607198809463604,0.35204698407137014,0.3385364538332329,0.887925860791041,False,False,phase_reversing_1
18,CTX,463.1156005859375,3.6666666666666665,4.041666666666667,10.227272727272739,0.14048122354983045,0.0486486486486487,0.0727912891294507,0.5763632002695551,0.5082767160153581,0.7731441367606791,False,False,phase_reversing_1
73,CTX,983.28515625,3.716666666666667,3.5541666666666667,-4.372197309417042,-0.06449796860201465,-0.022349570200573075,0.516715590024448,-0.5581728494647352,-0.4005480873918965,0.949486717014005,False,False,phase_reversing_1
38,CTX,649.0108642578125,3.2416666666666667,3.55,9.51156812339331,0.13108327523964622,0.04539877300613494,0.26598518576310226,0.5207452448217613,0.4666086401693589,0.8258358562291305,False,False,phase_reversing_1
6,CTX,125.71984100341797,4.466666666666667,3.5,-21.641791044776124,-0.3518436727916499,-0.12133891213389122,0.1936715541425832,-1.900206266279964,-1.6745647345382626,0.7889281285990672,False,False,phase_reversing_1
40,CTX,700.1046752929688,3.15,3.154166666666667,0.13227513227513885,0.0019070657646590942,0.0006609385327164902,0.8049922036566359,-0.20812683017147945,-0.10612531369476151,0.9828794418876431,False,False,phase_reversing_1
10,CTX,305.61083984375,3.2666666666666666,3.05,-6.632653061224493,-0.09901000583116579,-0.03430079155672825,0.9882450804078039,-0.733834605186675,-0.553565547948245,1.0,False,False,phase_reversing_1
74,CTX,1005.5782470703125,3.4,3.529166666666667,3.7990196078431433,0.053792817360703155,0.018641010222489506,0.77950087246776,0.0768187043062356,0.12392270971134464,0.9828794418876431,False,False,phase_reversing_1
12,CTX,388.285888671875,3.066666666666667,3.0708333333333333,0.13586956521738358,0.0019588530380567058,0.0006788866259334305,0.6504450812478053,-0.20784750402189453,-0.10589570229825586,0.9828794418876431,False,False,phase_reversing_1
0,CTX,73.41268920898438,3.308333333333333,3.4125,3.1486146095717977,0.044724444498050825,0.015499070055796697,0.33097599804430855,0.026275231453331934,0.08371588628890439,0.8878374847334186,False,False,phase_reversing_1
71,CTX,967.621337890625,3.058333333333333,3.1708333333333334,3.6784741144414257,0.05211639066033273,0.018060200668896364,0.16010353032702296,0.06745102126338832,0.11648986664860986,0.7889281285990672,False,False,phase_reversing_1
60,CTX,855.4642944335938,2.533333333333333,2.4291666666666667,-4.111842105263152,-0.06057544024308898,-0.020990764063811892,0.9970595244230632,-0.537940446226385,-0.38315660961682957,1.0,False,False,phase_reversing_1
46,CTX,730.2316284179688,2.2416666666666667,2.3625,5.390334572490697,0.07574256238560455,0.026244343891402674,0.4609034090836768,0.20048101460497617,0.221242210767422,0.945442890428055,False,False,phase_reversing_1
13,CTX,385.3935546875,2.3666666666666667,2.4875,5.105633802816892,0.07184000176012294,0.024892703862660903,0.5779589414698307,0.1783566987380102,0.2039392647659037,0.9828794418876431,False,False,phase_reversing_1
44,CTX,743.8521728515625,2.15,2.4375,13.372093023255818,0.18106555904751276,0.06267029972752045,0.1144784065051908,0.8207496051707179,0.6882171789613342,0.7731441367606791,False,False,phase_reversing_1
4,CTX,130.6201171875,2.691666666666667,2.466666666666667,-8.359133126934987,-0.12593698906497525,-0.043618739903069484,0.40725840793697043,-0.868000699488294,-0.6729528378819908,0.9051103371498556,False,False,phase_reversing_1
11,CTX,331.4168395996094,2.441666666666667,2.245833333333333,-8.020477815699675,-0.12061539166974271,-0.041777777777777865,0.7962547702275251,-0.8416835346826623,-0.6493582493007654,0.9828794418876431,False,False,phase_reversing_1
8,CTX,218.69528198242188,2.4916666666666667,2.6333333333333333,5.685618729096988,0.07977907397899785,0.027642276422764216,0.5141705514425359,0.22342777361357796,0.23913906076866126,0.949486717014005,False,False,phase_reversing_1
54,CTX,809.6605224609375,1.875,1.8,-3.999999999999998,-0.0588936890535684,-0.02040816326530611,0.8106147280489904,-0.5292491101723814,-0.37570015914421895,0.9828794418876431,False,False,phase_reversing_1
75,CTX,1006.634033203125,2.3833333333333333,2.0791666666666666,-12.762237762237765,-0.19697533144112886,-0.06816059757236229,0.11475927363752193,-1.2101693485522027,-0.9879185027703521,0.7731441367606791,False,False,phase_reversing_1
9,CTX,250.51275634765625,2.1083333333333334,1.9041666666666666,-9.68379446640317,-0.1469432196362406,-0.05088265835929391,0.947133409370984,-0.9709411514046377,-0.7660890395073511,1.0,False,False,phase_reversing_1
51,CTX,770.325439453125,1.4333333333333333,1.4708333333333334,2.616279069767448,0.037259618569082414,0.01291248206599716,0.7876675875979599,-0.015092972936622482,0.050618775864454776,0.9828794418876431,False,False,phase_reversing_1
59,CTX,851.4287719726562,1.3416666666666666,1.3833333333333333,3.105590062111807,0.0441225532323077,0.01529051987767587,0.5128593642185499,0.022931760766095204,0.08104725585125334,0.949486717014005,False,False,phase_reversing_1
7,CTX,186.6515655517578,1.5666666666666667,1.4625,-6.648936170212771,-0.09926163137307675,-0.034387895460797825,0.9941172708554986,-0.7350999781147696,-0.5546811906203563,1.0,False,False,phase_reversing_1
16,CTX,424.6138000488281,1.15,1.1583333333333334,0.724637681159437,0.010416615945338742,0.0036101083032491804,0.836252033066847,-0.1620938807196988,-0.0683961657317265,0.9875571481773455,False,False,phase_reversing_1
68,CTX,932.6470336914062,1.2416666666666667,1.0666666666666667,-14.093959731543627,-0.2191685204621616,-0.07581227436823106,0.4877156590432341,-1.313658487445851,-1.0863173716373868,0.949486717014005,False,False,phase_reversing_1
17,CTX,462.4216613769531,0.9,1.1,22.22222222222223,0.289506617194985,0.10000000000000003,0.11227465335159022,1.508499954724506,1.169016826562365,0.7731441367606791,False,False,phase_reversing_1
26,CTX,548.7279663085938,0.4166666666666667,0.7625,82.99999999999999,0.8718436485093176,0.293286219081272,3.3506173587666276e-05,6.23158782971856,3.75094883851487,0.005360987774026604,True,True,phase_reversing_1
29,CTX,588.9581298828125,0.6416666666666667,0.6833333333333333,6.493506493506486,0.0907654639231822,0.03144654088050311,0.6786693870690228,0.28620935339410264,0.28784987661470224,0.9828794418876431,False,False,phase_reversing_1
22,CTX,503.4034729003906,0.4083333333333333,0.5041666666666667,23.469387755102037,0.3041533931593862,0.1050228310502283,0.09095651294512629,1.605418147883731,1.2339568487502572,0.7731441367606791,False,False,phase_reversing_1
62,CTX,877.8511352539062,0.11666666666666667,0.1875,60.71428571428571,0.6844981742720707,0.23287671232876708,0.12166016775803273,4.4997478254115215,2.920307386543609,0.7731441367606791,True,False,phase_reversing_1
206,HPC,2538.06640625,39.25,40.104166666666664,2.176220806794049,0.031059480856842785,0.010763980047256469,0.9501045130025845,-0.04929023914368911,0.02312896639516048,1.0,False,False,phase_reversing_1
205,HPC,2536.6416015625,38.99166666666667,40.34583333333333,3.4729643086129456,0.0492538657630981,0.017068431279869723,0.967702876195035,0.05148069612827334,0.1037981704834183,1.0,False,False,phase_reversing_1
196,HPC,2384.36865234375,30.575,34.175,11.774325429272274,0.16058883907867336,0.05559845559845557,0.18029327396529593,0.6965858560814694,0.5974286906043301,0.7889281285990672,False,False,phase_reversing_1
179,HPC,2093.244873046875,26.383333333333333,27.433333333333334,3.9797852179406217,0.0563030802844446,0.019510684422421817,0.5387280391539525,0.09086613895231553,0.1350525672555183,0.949486717014005,False,False,phase_reversing_1
115,HPC,1410.151611328125,31.783333333333335,32.6875,2.844782380702669,0.040468603542703645,0.014024429651651238,0.2583575281822693,0.0026641951720927865,0.06484658653719724,0.8258358562291305,False,False,phase_reversing_1
93,HPC,1309.1307373046875,24.925,26.470833333333335,6.2019391507856945,0.0868101086814361,0.030077016619375778,0.1596592236624057,0.26355143085234894,0.2703128529185466,0.7889281285990672,False,False,phase_reversing_1
195,HPC,2384.6845703125,23.325,27.016666666666666,15.827081100392997,0.21197260394462658,0.07333222976328421,0.12479576250631592,1.0115286175718776,0.8252510344841462,0.7731441367606791,False,False,phase_reversing_1
107,HPC,1366.1378173828125,23.008333333333333,21.8625,-4.980079681274895,-0.07369809794526039,-0.025536261491317644,0.2492035555752149,-0.6054118563011156,-0.4413390850240011,0.8258358562291305,False,False,phase_reversing_1
160,HPC,1973.4671630859375,18.275,18.725,2.462380300957608,0.03509431250631383,0.01216216216216224,0.6828031772173305,-0.02705256467424662,0.04101836795888345,0.9828794418876431,False,False,phase_reversing_1
162,HPC,1953.154052734375,16.525,17.0375,3.1013615733736937,0.044063385297517924,0.015270018621974014,0.4934887059338138,0.022603161652755548,0.08078492050814447,0.949486717014005,False,False,phase_reversing_1
130,HPC,1537.6485595703125,15.083333333333334,16.1875,7.320441988950272,0.10192490132450473,0.0353097934710193,0.12563592222361036,0.3504711470090838,0.3373279401972707,0.7731441367606791,False,False,phase_reversing_1
157,HPC,1935.87744140625,13.633333333333333,14.808333333333334,8.61858190709047,0.11927093308692929,0.041312628186346345,0.10927194215964418,0.45135059886781087,0.41423576552767516,0.7731441367606791,False,False,phase_reversing_1
99,HPC,1343.5479736328125,13.108333333333333,14.666666666666666,11.888111888111892,0.16205675810897305,0.05610561056105612,0.11509912157915397,0.7054282893479324,0.6039370645037727,0.7731441367606791,False,False,phase_reversing_1
183,HPC,2115.36962890625,11.975,12.366666666666667,3.2707028531663256,0.046431030163467016,0.016090380006847003,0.9882506974363157,0.035762802800691565,0.09128244641428807,1.0,False,False,phase_reversing_1
154,HPC,1891.9034423828125,12.208333333333334,12.779166666666667,4.6757679180887335,0.06592750195740914,0.022844755711188908,0.4095605890004843,0.14495149008664193,0.17772476750675628,0.9051103371498556,False,False,phase_reversing_1
126,HPC,1491.674072265625,10.3,11.579166666666667,12.419093851132686,0.16888709129618737,0.05846505427537611,0.003455287266572248,0.7466913062445621,0.6342209979650658,0.18428198755051986,False,False,phase_reversing_1
172,HPC,2055.85498046875,11.258333333333333,11.395833333333334,1.2213175425610754,0.01751315835423449,0.0060695236343572285,0.5288833813973051,-0.12349650653275498,-0.036931929328363984,0.949486717014005,False,False,phase_reversing_1
169,HPC,1997.716796875,9.258333333333333,10.325,11.52115211521152,0.15731737075150953,0.05446808510638297,0.056993426951018854,0.6769115630481758,0.582923844877915,0.7731441367606791,False,False,phase_reversing_1
168,HPC,1994.9326171875,9.416666666666666,10.716666666666667,13.805309734513282,0.18656787002539738,0.0645695364238411,0.13398561331893716,0.8544152091298851,0.7126130048998869,0.7871188111672373,False,False,phase_reversing_1
114,HPC,1418.731201171875,10.475,10.85,3.579952267303103,0.05074479874512767,0.017584994138335287,0.22288893964325796,0.059794812717192204,0.11040858230162205,0.8105052350663926,False,False,phase_reversing_1
113,HPC,1419.045654296875,10.091666666666667,10.575,4.789430222956226,0.0674932041467772,0.02338709677419351,0.18132747996109155,0.1537842752524039,0.18466668668161887,0.7889281285990672,False,False,phase_reversing_1
92,HPC,1271.423828125,10.75,10.091666666666667,-6.124031007751936,-0.09117220061628775,-0.0315873650539784,0.40746669607418917,-0.6943091940652906,-0.5188147436896394,0.9051103371498556,False,False,phase_reversing_1
155,HPC,1893.3917236328125,9.908333333333333,9.7875,-1.2195121951219536,-0.017702001733458983,-0.0061349693251533865,0.6935618641489008,-0.3131752634811658,-0.1930668550624097,0.9828794418876431,False,False,phase_reversing_1
153,HPC,1856.607421875,9.025,9.633333333333333,6.740535549399806,0.09410815489235137,0.03260384100044659,0.1924529284675145,0.3054061713976652,0.3026705051429674,0.7889281285990672,False,False,phase_reversing_1
185,HPC,2179.346923828125,8.825,9.216666666666667,4.438149197356006,0.06264879624237077,0.021709006928406514,0.9237326742423345,0.12648595646894709,0.16318783307151552,1.0,False,False,phase_reversing_1
184,HPC,2179.62841796875,9.008333333333333,9.391666666666667,4.255319148936185,0.06012099243757093,0.020833333333333405,0.7459052042493786,0.11227809273240942,0.15198020379055172,0.9828794418876431,False,False,phase_reversing_1
88,HPC,1212.61376953125,8.258333333333333,8.241666666666667,-0.2018163471241056,-0.0029145364273772093,-0.0010101010101009526,0.7320050708238888,-0.23408933609360846,-0.12750305266564824,0.9828794418876431,False,False,phase_reversing_1
192,HPC,2349.681640625,8.941666666666666,8.4125,-5.917986952469713,-0.08800916542504865,-0.03049219687875151,0.967701126665448,-0.6782973519940608,-0.5047906624857355,1.0,False,False,phase_reversing_1
118,HPC,1436.7525634765625,8.175,8.795833333333333,7.594291539245648,0.10560153712791694,0.03658237171617963,0.3130249631915909,0.3717522062689632,0.3536291938814052,0.8878374847334186,False,False,phase_reversing_1
132,HPC,1567.6287841796875,7.841666666666667,8.066666666666666,2.8692879914984015,0.040812324546057564,0.014143530644316374,0.8858171842793539,0.004568545042235081,0.06637055670226971,1.0,False,False,phase_reversing_1
129,HPC,1544.405517578125,8.416666666666666,8.641666666666667,2.6732673267326903,0.038060601174068946,0.013190034196385036,0.6559873793969474,-0.010664371639718936,0.05417012588621826,0.9828794418876431,False,False,phase_reversing_1
204,HPC,2524.290771484375,8.066666666666666,7.041666666666667,-12.706611570247928,-0.19605570610504774,-0.06784335355763924,0.8366699066885186,-1.2058465943725434,-0.9838411215176583,0.9875571481773455,False,False,phase_reversing_1
122,HPC,1446.6519775390625,7.033333333333333,7.320833333333334,4.087677725118491,0.05779928730119103,0.020029027576197424,0.4136454903311446,0.09925054870019584,0.14168636278167016,0.9051103371498556,False,False,phase_reversing_1
148,HPC,1756.7283935546875,7.091666666666667,7.408333333333333,4.465334900117505,0.06302428714380735,0.021839080459770097,0.45038768609588187,0.12859857834787625,0.1648526627603091,0.945442890428055,False,False,phase_reversing_1
145,HPC,1745.724365234375,6.958333333333333,7.1125,2.215568862275451,0.03161495566632357,0.01095647023985787,0.6532593353684111,-0.046232471476889817,0.025591798252503788,0.9828794418876431,False,False,phase_reversing_1
150,HPC,1812.88720703125,6.308333333333334,7.154166666666667,13.40819022457067,0.18152483401640246,0.06282884555865056,0.10925753014514879,0.8235547464589493,0.6902534855685036,0.7731441367606791,False,False,phase_reversing_1
190,HPC,2294.13427734375,6.733333333333333,7.191666666666666,6.806930693069302,0.0950052664271602,0.032914422501496086,0.3592430438444252,0.31056578909824095,0.30664806601486827,0.887925860791041,False,False,phase_reversing_1
203,HPC,2514.4150390625,5.858333333333333,5.875,0.28449502133712556,0.004098568213620483,0.0014204545454545403,0.9559536011285441,-0.1962977054708314,-0.09640875777786415,1.0,False,False,phase_reversing_1
164,HPC,2031.1707763671875,6.033333333333333,6.116666666666666,1.3812154696132548,0.01979036576000728,0.006858710562414242,0.6009903955295214,-0.11107071559222209,-0.0268353797657338,0.9828794418876431,False,False,phase_reversing_1
124,HPC,1490.3388671875,6.241666666666666,6.616666666666666,6.008010680907877,0.0841732886842068,0.029163966299416724,0.20249590782416182,0.2484811002449182,0.25862187399310027,0.790227932972339,False,False,phase_reversing_1
120,HPC,1439.46923828125,6.475,6.208333333333333,-4.118404118404118,-0.06067417305818614,-0.021024967148488824,0.4220740646726324,-0.5384503853165401,-0.38359436542183856,0.9051103371498556,False,False,phase_reversing_1
123,HPC,1458.62841796875,6.083333333333333,6.1125,0.4794520547945225,0.006900501906010269,0.002391527160915623,0.9794246338695811,-0.18114744439622998,-0.08398570736765504,1.0,False,False,phase_reversing_1
102,HPC,1346.02197265625,6.075,6.325,4.11522633744856,0.05818107108852927,0.020161290322580645,0.5680992750506256,0.10139137256092991,0.14337909350145328,0.9773750968612913,False,False,phase_reversing_1
194,HPC,2334.79296875,6.541666666666667,6.5375,-0.06369426751593352,-0.0009192068108919589,-0.0003185727938834522,0.8829071116899418,-0.22335576301280977,-0.11865627642754337,1.0,False,False,phase_reversing_1
188,HPC,2233.57275390625,6.05,6.220833333333333,2.8236914600550973,0.04017271213879064,0.013921901528013588,0.7823437291446019,0.0010252035007087582,0.06353468046435093,0.9828794418876431,False,False,phase_reversing_1
141,HPC,1694.698974609375,5.416666666666667,6.158333333333333,13.692307692307685,0.1851346462303341,0.06407487401007916,0.13774579195426653,0.8456337334836009,0.7062584607136552,0.7871188111672373,False,False,phase_reversing_1
159,HPC,1928.7998046875,5.833333333333333,6.045833333333333,3.642857142857149,0.051620692234415705,0.017888460189407256,0.3767914767058864,0.06468319899702023,0.11429206783911117,0.8998005413871915,False,False,phase_reversing_1
173,HPC,2037.5264892578125,5.716666666666667,5.725,0.1457725947521783,0.002101522645287549,0.0007283321194464262,0.7964888636574439,-0.2070779319771167,-0.10526314210332785,0.9828794418876431,False,False,phase_reversing_1
134,HPC,1609.666259765625,5.716666666666667,6.220833333333333,8.819241982507284,0.12193368396172878,0.04223385689354274,0.34009678110130503,0.46694404772113624,0.42604171526778073,0.8878374847334186,False,False,phase_reversing_1
121,HPC,1463.572265625,6.091666666666667,5.8,-4.787961696306434,-0.07078410010370907,-0.024526979677645437,0.3307792029911002,-0.5904822198690215,-0.4284191711162753,0.8878374847334186,False,False,phase_reversing_1
202,HPC,2495.99462890625,6.383333333333334,5.9875,-6.201044386422986,-0.09235623546762076,-0.03199730549006404,0.27228309398506956,-0.7002939629777624,-0.5240644484508569,0.8258358562291305,False,False,phase_reversing_1
163,HPC,1993.0799560546875,5.2,5.3875,3.605769230769231,0.05110434094800595,0.017709563164108617,0.5336960731374711,0.06180106881233719,0.11200269957965975,0.949486717014005,False,False,phase_reversing_1
151,HPC,1814.18701171875,5.25,5.745833333333334,9.444444444444448,0.1301987231267017,0.04509283819628649,0.3382634250420834,0.5155290120840734,0.4626867645306123,0.8878374847334186,False,False,phase_reversing_1
182,HPC,2136.575927734375,5.491666666666666,5.891666666666667,7.283763277693482,0.1014317498013473,0.035139092240117166,0.25507376094008594,0.34762081613583673,0.33514143369688637,0.8258358562291305,False,False,phase_reversing_1
193,HPC,2349.2587890625,6.075,6.125,0.823045267489709,0.011825435396789602,0.00409836065573769,0.7683285622078818,-0.1544465514688113,-0.06214982410280317,0.9828794418876431,False,False,phase_reversing_1
191,HPC,2294.20751953125,5.65,5.791666666666667,2.5073746312684353,0.035727704474525994,0.012381646030589943,0.8108302584207513,-0.02355602064607312,0.0438266643764229,0.9828794418876431,False,False,phase_reversing_1
133,HPC,1582.4456787109375,5.458333333333333,5.708333333333333,4.580152671755726,0.06460908142307654,0.02238805970149254,0.9266342795427495,0.13752115572543536,0.17187923133138053,1.0,False,False,phase_reversing_1
152,HPC,1855.1988525390625,4.866666666666666,4.995833333333334,2.6541095890411097,0.03779138453420657,0.013096746937051184,0.24588114915834358,-0.012153134176155477,0.05297648882858152,0.8258358562291305,False,False,phase_reversing_1
187,HPC,2219.548583984375,5.033333333333333,4.725,-6.125827814569541,-0.09119981438285013,-0.031596925704526074,0.3495860096137836,-0.694448825305593,-0.5189371759994945,0.8878374847334186,False,False,phase_reversing_1
181,HPC,2092.29345703125,4.391666666666667,4.645833333333333,5.787476280834909,0.08116884317045245,0.02812355924389117,0.56561177096635,0.23134320233078012,0.24530093846437165,0.9773750968612913,False,False,phase_reversing_1
112,HPC,1395.1429443359375,4.383333333333334,4.583333333333333,4.562737642585534,0.06436881911971921,0.022304832713754566,0.1845787101864218,0.1361678204090778,0.17081397032453088,0.7889281285990672,False,False,phase_reversing_1
149,HPC,1772.805419921875,4.4,4.883333333333334,10.984848484848486,0.15036273506379447,0.05206463195691203,0.07407384670350546,0.6352349952877618,0.5520887862297447,0.7731441367606791,False,False,phase_reversing_1
189,HPC,2232.44677734375,4.291666666666667,4.675,8.932038834951445,0.12342833853821189,0.04275092936802968,0.3198758661060801,0.4757095779131812,0.4326686276747131,0.8878374847334186,False,False,phase_reversing_1
180,HPC,2091.478271484375,4.341666666666667,4.708333333333333,8.445297504798456,0.11696749502404169,0.040515653775322236,0.28377576805789595,0.43788453463651467,0.404022916005301,0.8408170905419139,False,False,phase_reversing_1
139,HPC,1667.00732421875,4.85,4.666666666666667,-3.780068728522324,-0.0555923259633172,-0.019264448336252123,0.693460233068476,-0.5121580818454454,-0.36106276775840995,0.9828794418876431,False,False,phase_reversing_1
186,HPC,2220.048583984375,4.325,4.241666666666666,-1.9267822736030964,-0.028068882282185778,-0.009727626459144038,0.9588743802370295,-0.3681377654705322,-0.23903092623341765,1.0,False,False,phase_reversing_1
166,HPC,2027.255126953125,4.241666666666666,4.079166666666667,-3.831041257367379,-0.05635679647200008,-0.019529293940911324,0.6479182516636016,-0.5161191962814834,-0.3644522325741835,0.9828794418876431,False,False,phase_reversing_1
135,HPC,1611.0538330078125,3.8333333333333335,4.258333333333334,11.086956521739138,0.1516894299932463,0.052523171987641636,0.17403168486717235,0.643169889398912,0.5579710089362684,0.7889281285990672,False,False,phase_reversing_1
131,HPC,1566.087158203125,3.95,3.995833333333333,1.1603375527426063,0.016643756119871594,0.005768222338751918,0.8222178466653097,-0.12823530846101797,-0.040786634317841006,0.9875571481773455,False,False,phase_reversing_1
80,HPC,1105.8084716796875,3.7416666666666667,3.966666666666667,6.013363028953231,0.08424612856679663,0.0291891891891892,0.524169236206964,0.24889703532974786,0.2589448272220596,0.949486717014005,False,False,phase_reversing_1
119,HPC,1459.12548828125,4.45,4.2625,-4.213483146067415,-0.06210550194222536,-0.02152080344332855,0.4154643081706173,-0.5458390497123439,-0.3899405080619385,0.9051103371498556,False,False,phase_reversing_1
83,HPC,1176.2711181640625,3.316666666666667,3.7916666666666665,14.321608040200994,0.19309811454240966,0.06682297772567404,0.07821135296998406,0.8945371477172022,0.7415664226935259,0.7731441367606791,False,False,phase_reversing_1
147,HPC,1748.5361328125,3.533333333333333,3.3666666666666667,-4.7169811320754675,-0.06970897181140442,-0.024154589371980655,0.8394235759507437,-0.5849662656084811,-0.42365232991335194,0.9875571481773455,False,False,phase_reversing_1
106,HPC,1364.9876708984375,3.1166666666666667,3.4125,9.49197860962567,0.13082518175337202,0.04530950861518827,0.1728182677453738,0.5192229286342354,0.46546432030224727,0.7889281285990672,False,False,phase_reversing_1
95,HPC,1286.162841796875,3.3333333333333335,3.45,3.500000000000001,0.04963076772460043,0.017199017199017202,0.3475940159055432,0.053581660507872136,0.10546925644814596,0.8878374847334186,False,False,phase_reversing_1
199,HPC,2478.93896484375,3.825,3.6041666666666665,-5.77342047930284,-0.08579402088972106,-0.029725182277061175,0.9735639204588903,-0.6670629801313442,-0.4949692836633113,1.0,False,False,phase_reversing_1
125,HPC,1475.7177734375,3.0833333333333335,3.2666666666666666,5.945945945945939,0.08332838359889587,0.028871391076115454,0.27355812737589946,0.24365800193692727,0.25487578303628416,0.8258358562291305,False,False,phase_reversing_1
171,HPC,2033.68896484375,3.2416666666666667,3.058333333333333,-5.655526992287925,-0.08399009214297934,-0.02910052910052914,0.9354003283274591,-0.6579013865453329,-0.48697112945357196,1.0,False,False,phase_reversing_1
146,HPC,1746.5018310546875,3.2666666666666666,2.825,-13.5204081632653,-0.20956838097886415,-0.07250341997264018,0.1972320321497668,-1.2690873537705807,-1.0437528323444092,0.7889281285990672,False,False,phase_reversing_1
94,HPC,1306.9345703125,2.933333333333333,3.254166666666667,10.937500000000014,0.14974711950468236,0.05185185185185192,0.2488296216705259,0.6315555080991248,0.5493593058195084,0.8258358562291305,False,False,phase_reversing_1
161,HPC,1969.720458984375,2.3,2.629166666666667,14.311594202898569,0.19297173820438004,0.06677937447168224,0.08999226233644042,0.8937589647155435,0.7410061026466013,0.7731441367606791,False,False,phase_reversing_1
127,HPC,1473.04736328125,2.408333333333333,2.620833333333333,8.823529411764703,0.12199052437861026,0.04225352112676054,0.0957667997362236,0.46727722714758135,0.42629373099755113,0.7731441367606791,False,False,phase_reversing_1
81,HPC,1149.5631103515625,2.675,2.8041666666666667,4.8286604361370795,0.06803320748801403,0.023574144486692056,0.23996290932361386,0.15683288530335687,0.18706092204417835,0.8258358562291305,False,False,phase_reversing_1
176,HPC,2078.0791015625,2.7416666666666667,2.7583333333333333,0.6079027355623079,0.00874363307197614,0.0030303030303030195,0.7513349036698312,-0.1711654431607244,-0.07581373975485538,0.9828794418876431,False,False,phase_reversing_1
110,HPC,1414.1494140625,2.7083333333333335,2.7375,1.0769230769230649,0.015453652406512555,0.005355776587605144,0.8567653864011239,-0.134717511558057,-0.046063246846036285,0.9933511726389843,False,False,phase_reversing_1
198,HPC,2449.637939453125,2.466666666666667,2.5166666666666666,2.0270270270270196,0.02895137369612899,0.010033444816053476,0.7179877774079912,-0.06088420256266483,0.013782163650041484,0.9828794418876431,False,False,phase_reversing_1
111,HPC,1396.742431640625,1.2416666666666667,1.4458333333333333,16.442953020134222,0.21962333211609938,0.07596899224806199,0.15621255792836944,1.0593884983216248,0.8591723874437691,0.7889281285990672,False,False,phase_reversing_1
144,HPC,1693.172119140625,2.3916666666666666,2.225,-6.968641114982572,-0.10421099498813384,-0.03610108303249094,1.0,-0.759944495361499,-0.576625390747329,1.0,False,False,phase_reversing_1
140,HPC,1646.671142578125,2.2583333333333333,2.466666666666667,9.225092250922517,0.12730432427507832,0.04409171075837746,0.9295150817107055,0.4984829843506346,0.44985374748291035,1.0,False,False,phase_reversing_1
201,HPC,2508.2275390625,1.875,2.05,9.333333333333323,0.12873331412220274,0.04458598726114645,0.9676622356934248,0.5068944821480686,0.45618951943737174,1.0,False,False,phase_reversing_1
91,HPC,1268.5537109375,1.9916666666666667,2.029166666666667,1.8828451882845232,0.026911154101593632,0.009326424870466341,0.7792687715630705,-0.0720886841883162,0.004736356841818415,0.9828794418876431,False,False,phase_reversing_1
96,HPC,1344.404052734375,2.0166666666666666,2.245833333333333,11.363636363636356,0.15527822547791081,0.05376344086021503,0.2211886466950731,0.6646708927968648,0.5738828013312883,0.8105052350663926,False,False,phase_reversing_1
104,HPC,1370.7872314453125,1.725,1.6416666666666666,-4.830917874396143,-0.07143513804294913,-0.024752475247524795,0.9324289752980321,-0.5938203775198887,-0.4313057052123907,1.0,False,False,phase_reversing_1
197,HPC,2423.4501953125,1.8833333333333333,1.7291666666666667,-8.185840707964596,-0.12321143618090054,-0.04267589388696653,0.6317979536189089,-0.8545340122747529,-0.6608684402509849,0.9828794418876431,False,False,phase_reversing_1
82,HPC,1147.5198974609375,1.775,1.6333333333333333,-7.981220657276992,-0.11999977611062992,-0.0415647921760391,0.6875829314087001,-0.8386328306962345,-0.646628768890526,0.9828794418876431,False,False,phase_reversing_1
84,HPC,1173.6036376953125,1.3666666666666667,1.5333333333333334,12.195121951219518,0.16600995143892933,0.05747126436781611,0.3702321191603174,0.7292862775729472,0.6214645028413525,0.8975324100856179,False,False,phase_reversing_1
116,HPC,1466.636474609375,1.6166666666666667,1.6541666666666666,2.319587628865971,0.03308235495582999,0.011464968152866203,0.5276801716621302,-0.0381490930906015,0.03209786775548877,0.949486717014005,False,False,phase_reversing_1
177,HPC,2073.6142578125,1.3666666666666667,1.35,-1.2195121951219468,-0.017702001733458983,-0.006134969325153352,1.0,-0.3131752634811653,-0.1930668550624097,1.0,False,False,phase_reversing_1
167,HPC,2027.8082275390625,1.1166666666666667,1.15,2.985074626865661,0.04243526632039643,0.014705882352941124,0.7313668735777681,0.013566413565644876,0.07356626141512812,0.9828794418876431,False,False,phase_reversing_1
78,HPC,1107.63916015625,1.1333333333333333,1.1083333333333334,-2.2058823529411686,-0.03218040574914969,-0.011152416356877283,0.5400205703017154,-0.3898268473822027,-0.2572603595107219,0.949486717014005,False,False,phase_reversing_1
100,HPC,1348.2078857421875,0.7916666666666666,0.8125,2.6315789473684257,0.03747470541866296,0.01298701298701301,0.5040354596639545,-0.013904007676156955,0.051572415410661605,0.949486717014005,False,False,phase_reversing_1
178,HPC,2103.47509765625,0.18333333333333332,0.11666666666666667,-36.36363636363636,-0.6520766965796929,-0.22222222222222218,0.6509260535723926,-3.044252193350203,-3.0057204287143056,0.9828794418876431,True,False,phase_reversing_1
200,HPC,2553.99560546875,0.25833333333333336,0.058333333333333334,-77.41935483870967,-2.146841388329271,-0.631578947368421,0.7059347193160073,-6.234723665304672,-9.633121058301517,0.9828794418876431,True,False,phase_reversing_1
39,CTX,654.4733276367188,28.283333333333335,27.708333333333332,-2.0329994107248184,-0.02963222426674928,-0.010269385325197253,0.40315286650511084,-0.38617989891574284,-0.2517557581446352,0.888313835741091,False,False,phase_reversing_2
37,CTX,626.8199462890625,26.841666666666665,26.975,0.49674014281280254,0.007148704826358445,0.0024775472282440956,0.7909847555697862,-0.18688163772027655,-0.08787725743637265,0.9721838544778104,False,False,phase_reversing_2
33,CTX,553.48486328125,24.733333333333334,24.345833333333335,-1.566711590296493,-0.022781802675764618,-0.007895407080397304,0.6666585923559325,-0.3494447529209569,-0.22123350524808058,0.9721838544778104,False,False,phase_reversing_2
36,CTX,626.8485717773438,22.841666666666665,24.266666666666666,6.238599051441083,0.08730802737292118,0.030249425084026196,0.5290509363070235,0.26547421643042074,0.26927493856898377,0.9598646954614081,False,False,phase_reversing_2
19,CTX,464.17071533203125,21.25,22.933333333333334,7.9215686274509824,0.10998322295587781,0.03809883062995097,0.016205435128003157,0.39806213824814235,0.37030493283571037,0.43214493674675086,False,False,phase_reversing_2
34,CTX,612.848876953125,21.575,20.891666666666666,-3.16724604094245,-0.04643296906617198,-0.016091051805337524,0.08151898471356407,-0.4755382602747511,-0.3266119658696179,0.7387421825170364,False,False,phase_reversing_2
3,CTX,79.40536499023438,15.583333333333334,15.2625,-2.058823529411773,-0.030012569066439666,-0.010401188707280875,0.7238047099675304,-0.3882143778975882,-0.2534503954760539,0.9721838544778104,False,False,phase_reversing_2
14,CTX,424.4336242675781,15.125,16.1875,7.024793388429752,0.09794505041195951,0.033932135728542916,0.12024133615418199,0.3274122780401429,0.3166685044907184,0.7387421825170364,False,False,phase_reversing_2
48,CTX,727.296875,17.291666666666668,15.9875,-7.5421686746987975,-0.11313257151885638,-0.03918868160761238,0.008294489824521849,-0.8202039680757907,-0.6237939870228392,0.30833215185126484,False,False,phase_reversing_2
52,CTX,765.3553466796875,14.116666666666667,13.283333333333333,-5.903187721369544,-0.08778224534172686,-0.030413625304136275,0.3930724251826523,-0.6910815634890332,-0.5108448704886437,0.888313835741091,False,False,phase_reversing_2
53,CTX,810.2553100585938,13.4,13.304166666666667,-0.7151741293532329,-0.010354853608835047,-0.003588703385863625,0.8280355426145398,-0.28235882106229204,-0.16586487178286513,0.9721838544778104,False,False,phase_reversing_2
24,CTX,505.1506652832031,10.316666666666666,11.7125,13.529886914378036,0.18307213916607853,0.06336296576508418,0.061414439869738324,0.839897378264156,0.6959547275050895,0.7387421825170364,False,False,phase_reversing_2
69,CTX,933.3778076171875,12.05,12.608333333333333,4.633471645919766,0.06534443526561913,0.02264278472456905,0.6909027372365689,0.1390188663252142,0.17141551431134688,0.9721838544778104,False,False,phase_reversing_2
31,CTX,584.6793823242188,11.391666666666667,11.829166666666667,3.8405267008046815,0.05436960611833161,0.018840839763143727,0.20777123883291648,0.07654897745298783,0.12251684343672123,0.7387421825170364,False,False,phase_reversing_2
61,CTX,847.1752319335938,5.908333333333333,6.316666666666666,6.911142454160788,0.09641222093157543,0.03340149965916836,0.45030324152214596,0.31845861577425066,0.30983893810181934,0.9236989569685046,False,False,phase_reversing_2
1,CTX,72.90603637695312,7.683333333333334,7.958333333333333,3.579175704989147,0.0507339824937731,0.0175812466702184,0.7796297440357983,0.0559591902731571,0.10631821650089887,0.9721838544778104,False,False,phase_reversing_2
43,CTX,749.934326171875,6.441666666666666,6.716666666666667,4.269081500646836,0.060311424603120146,0.020899303356554808,0.4032740303436473,0.11031143585155052,0.14899078873328667,0.888313835741091,False,False,phase_reversing_2
63,CTX,891.9421997070312,6.441666666666666,5.216666666666667,-19.016817593790424,-0.304305756992229,-0.1050750536097212,0.009635379745352026,-1.724201209295899,-1.4755716822434197,0.30833215185126484,False,False,phase_reversing_2
28,CTX,512.4619750976562,7.158333333333333,8.529166666666667,19.15017462165309,0.2527810658849472,0.08738379814077027,0.000430378518285073,1.2826755946666273,1.0065448805638118,0.03443028146280584,False,True,phase_reversing_2
47,CTX,742.1814575195312,7.941666666666666,9.2,15.844700944386144,0.21219205286822712,0.07340787554691296,0.13783254577273055,1.0222633497043163,0.825699351034905,0.7387421825170364,False,False,phase_reversing_2
42,CTX,702.7573852539062,5.725,5.970833333333333,4.294032023289669,0.060656605444045504,0.02101888136800857,0.37076015095846027,0.1122770910794498,0.15052875202238328,0.888313835741091,False,False,phase_reversing_2
21,CTX,488.3040771484375,7.925,7.695833333333334,-2.89169295478443,-0.04233337987812517,-0.0146705788210189,0.19222978173541028,-0.4538296022188098,-0.3083461268540719,0.7387421825170364,False,False,phase_reversing_2
70,CTX,967.37646484375,6.116666666666666,5.825,-4.768392370572197,-0.07048760746777616,-0.024424284717376087,0.6665460318516585,-0.6016799727559707,-0.43378810778695126,0.9721838544778104,False,False,phase_reversing_2
5,CTX,125.89278411865234,5.133333333333334,5.279166666666667,2.840909090909085,0.040414268445907994,0.014005602240896328,0.6745718985256222,-0.0022030234136490366,0.06033843003000641,0.9721838544778104,False,False,phase_reversing_2
2,CTX,81.89913940429688,4.816666666666666,4.85,0.6920415224913471,0.009949660407604878,0.0034482758620689533,0.7018136418302972,-0.17149537974578316,-0.07539751827472327,0.9721838544778104,False,False,phase_reversing_2
76,CTX,1066.022705078125,4.558333333333334,4.575,0.36563071297988897,0.005265316212641941,0.0018248175182481688,0.6719251043209591,-0.19721071738995571,-0.09626875025281457,0.9721838544778104,False,False,phase_reversing_2
41,CTX,707.9666137695312,3.0,3.225,7.500000000000003,0.10433665981473553,0.03614457831325303,0.3925202077355443,0.36485006536575887,0.34514650632118454,0.888313835741091,False,False,phase_reversing_2
18,CTX,463.1156005859375,3.683333333333333,4.033333333333333,9.502262443438916,0.1309606778831631,0.04535637149028079,0.10421754028930608,0.5225925582150042,0.4637705941695035,0.7387421825170364,False,False,phase_reversing_2
73,CTX,983.28515625,3.716666666666667,3.5708333333333333,-3.9237668161435018,-0.05774850580780498,-0.02001143510577475,0.5191247640475751,-0.5351385755898089,-0.37702866935293367,0.9598646954614081,False,False,phase_reversing_2
38,CTX,649.0108642578125,3.2416666666666667,3.55,9.51156812339331,0.13108327523964622,0.04539877300613494,0.27075865016678613,0.5233256794691502,0.4643168302615933,0.8319027884981227,False,False,phase_reversing_2
6,CTX,125.71984100341797,4.491666666666666,3.5,-22.07792207792207,-0.3598959450863828,-0.12408759124087587,0.16964841258320518,-1.9653615296031608,-1.7232553841939322,0.7387421825170364,False,False,phase_reversing_2
40,CTX,700.1046752929688,3.1416666666666666,3.1625,0.6631299734748057,0.009535362146801962,0.00330469266358231,0.7541349174293589,-0.1737730930540194,-0.07724343624092128,0.9721838544778104,False,False,phase_reversing_2
10,CTX,305.61083984375,3.275,3.0625,-6.488549618320609,-0.09678506253487963,-0.03353057199211044,0.9647460420666095,-0.7371976184280824,-0.5509571846727056,0.9911893464080602,False,False,phase_reversing_2
74,CTX,1005.5782470703125,3.4,3.5208333333333335,3.553921568627458,0.050382189198051215,0.017459361830222793,0.7879983145101368,0.05396961571089062,0.10475079122688846,0.9721838544778104,False,False,phase_reversing_2
12,CTX,388.285888671875,3.075,3.0625,-0.40650406504065617,-0.005876566336669425,-0.002036659877800436,0.5906964187415398,-0.2580411370483142,-0.14591173242508532,0.9721838544778104,False,False,phase_reversing_2
0,CTX,73.41268920898438,3.35,3.3916666666666666,1.2437810945273586,0.017833293087318423,0.00618046971569837,0.4503001700893863,-0.12802816305711762,-0.040271763283172106,0.9236989569685046,False,False,phase_reversing_2
71,CTX,967.621337890625,3.033333333333333,3.183333333333333,4.945054945054943,0.06963418783705248,0.024128686327077733,0.1326340093769071,0.16356606117313793,0.19052863181950805,0.7387421825170364,False,False,phase_reversing_2
60,CTX,855.4642944335938,2.525,2.4291666666666667,-3.795379537953791,-0.05582191027245442,-0.019343986543313686,0.9119491380410605,-0.5250239528148888,-0.36844466683887955,0.9911893464080602,False,False,phase_reversing_2
46,CTX,730.2316284179688,2.225,2.3625,6.179775280898864,0.08650899325467465,0.02997275204359667,0.4047320017672873,0.2608399547058764,0.26571481878567116,0.888313835741091,False,False,phase_reversing_2
13,CTX,385.3935546875,2.375,2.4833333333333334,4.5614035087719325,0.06435041141005744,0.022298456260720422,0.6085616050102842,0.13334118523702707,0.16698661207493706,0.9721838544778104,False,False,phase_reversing_2
44,CTX,743.8521728515625,2.158333333333333,2.4541666666666666,13.70656370656371,0.1853155361439069,0.06413730803974708,0.1039671775394019,0.8538163516331566,0.7059502480719925,0.7387421825170364,False,False,phase_reversing_2
4,CTX,130.6201171875,2.691666666666667,2.4791666666666665,-7.894736842105276,-0.11864449649861925,-0.04109589041095897,0.42409921915899185,-0.8479800379952107,-0.6483525292884075,0.9169712846680905,False,False,phase_reversing_2
11,CTX,331.4168395996094,2.425,2.254166666666667,-7.044673539518884,-0.10539055908146838,-0.03650934995547632,0.8478960628812487,-0.7810102434665093,-0.5892992251452329,0.9721838544778104,False,False,phase_reversing_2
8,CTX,218.69528198242188,2.4833333333333334,2.629166666666667,5.872483221476516,0.08232767452038743,0.028524857375713145,0.44342508720429497,0.23663083284730196,0.24708483139672396,0.9236989569685046,False,False,phase_reversing_2
54,CTX,809.6605224609375,1.8833333333333333,1.8083333333333333,-3.98230088495575,-0.058627729970708316,-0.020316027088036107,0.8220551516690713,-0.5397500139960525,-0.38094607821550847,0.9721838544778104,False,False,phase_reversing_2
75,CTX,1006.634033203125,2.3833333333333333,2.0875,-12.412587412587415,-0.1912045435831811,-0.06616961789375583,0.121666938508716,-1.2039059125694944,-0.9716459321667801,0.7387421825170364,False,False,phase_reversing_2
9,CTX,250.51275634765625,2.075,1.9,-8.433734939759049,-0.1271119179033395,-0.04402515723270447,0.9706152928225834,-0.8904434542389268,-0.6860793719453165,0.9911893464080602,False,False,phase_reversing_2
51,CTX,770.325439453125,1.4333333333333333,1.4791666666666667,3.197674418604655,0.04541045968994655,0.015736766809728204,0.7509971533685575,0.025903707718070382,0.08259910561686142,0.9721838544778104,False,False,phase_reversing_2
59,CTX,851.4287719726562,1.3333333333333333,1.3916666666666666,4.375000000000002,0.06177619758668981,0.021406727828746187,0.49417328752397427,0.11865592045274176,0.15551712741868834,0.9598646954614081,False,False,phase_reversing_2
7,CTX,186.6515655517578,1.5666666666666667,1.4625,-6.648936170212771,-0.09926163137307675,-0.034387895460797825,0.9529643766938044,-0.7498332120276465,-0.5619916092539107,0.9911893464080602,False,False,phase_reversing_2
16,CTX,424.6138000488281,1.15,1.1625,1.086956521739146,0.015596855051018587,0.005405405405405482,0.8276140936896218,-0.14038313636877947,-0.050236278083436524,0.9721838544778104,False,False,phase_reversing_2
68,CTX,932.6470336914062,1.225,1.075,-12.244897959183684,-0.1884450894131105,-0.0652173913043479,0.5647380200459916,-1.1906949808601623,-0.9593511037512283,0.9715922925522437,False,False,phase_reversing_2
17,CTX,462.4216613769531,0.9166666666666666,1.1,20.000000000000014,0.26303440583379406,0.09090909090909098,0.16379682919669758,1.349626645017828,1.0522289353035825,0.7387421825170364,False,False,phase_reversing_2
26,CTX,548.7279663085938,0.425,0.7625,79.41176470588235,0.8432744963125467,0.28421052631578947,3.30036705463981e-05,6.03021180007001,3.6375055561789105,0.005280587287423696,True,True,phase_reversing_2
29,CTX,588.9581298828125,0.65,0.6791666666666667,4.487179487179488,0.0633259353688293,0.021943573667711606,0.7559744710157172,0.12749365898808077,0.16242202923846205,0.9721838544778104,False,False,phase_reversing_2
22,CTX,503.4034729003906,0.4083333333333333,0.5083333333333333,24.489795918367342,0.3160274934476781,0.10909090909090907,0.07157703676373933,1.7033423144438757,1.288341180431514,0.7387421825170364,False,False,phase_reversing_2
62,CTX,877.8511352539062,0.11666666666666667,0.1875,60.71428571428571,0.6844981742720707,0.23287671232876708,0.12166016775803273,4.557184647313134,2.9300730294447965,0.7387421825170364,True,False,phase_reversing_2
206,HPC,2538.06640625,39.31666666666667,40.06666666666667,1.9075879610004238,0.02726147747172301,0.009447826999790047,0.955968955023001,-0.07573204661592545,0.0017357868090523098,0.9911893464080602,False,False,phase_reversing_2
205,HPC,2536.6416015625,39.166666666666664,40.2625,2.7978723404255454,0.039810404651609094,0.013796359439752465,0.9911893464080603,-0.0055935501288906075,0.05764789730879111,0.9911893464080602,False,False,phase_reversing_2
196,HPC,2384.36865234375,30.575,34.170833333333334,11.760697737803222,0.16041293283680585,0.05553767938734799,0.17673042986770027,0.7005168929789715,0.5949959738237907,0.7387421825170364,False,False,phase_reversing_2
179,HPC,2093.244873046875,26.308333333333334,27.4375,4.2920494140006324,0.06062917983089163,0.02100938057213737,0.49581954926756533,0.11212089690389426,0.1504065564042877,0.9598646954614081,False,False,phase_reversing_2
115,HPC,1410.151611328125,31.816666666666666,32.69166666666667,2.7501309586170883,0.039140232673158096,0.013564139000129236,0.2188172262229766,-0.009354717703706276,0.05466192654205972,0.7611033955581795,False,False,phase_reversing_2
93,HPC,1309.1307373046875,24.85,26.504166666666666,6.656606304493622,0.09297332889980915,0.03221095334685595,0.13792595590500967,0.2984057166648876,0.29451685450689863,0.7387421825170364,False,False,phase_reversing_2
195,HPC,2384.6845703125,23.358333333333334,27.016666666666666,15.661790938280404,0.20991234648504745,0.07262200165425968,0.13893399027306721,1.0078533104885605,0.815542052855057,0.7387421825170364,False,False,phase_reversing_2
107,HPC,1366.1378173828125,22.891666666666666,21.879166666666666,-4.423006916636328,-0.0652647147476171,-0.02261516984644019,0.287351416609661,-0.5744697722768873,-0.4105173571712428,0.8514116047693661,False,False,phase_reversing_2
160,HPC,1973.4671630859375,18.225,18.733333333333334,2.7892089620484652,0.039688815172832737,0.013754227733934598,0.5858268583657698,-0.006276069499003625,0.05710615184517522,0.9721838544778104,False,False,phase_reversing_2
162,HPC,1953.154052734375,16.558333333333334,17.054166666666667,2.994464016104682,0.0425667941934147,0.014751456551382183,0.5313683308982062,0.009894360108178882,0.06992907118386003,0.9598646954614081,False,False,phase_reversing_2
130,HPC,1537.6485595703125,15.025,16.183333333333334,7.709373266777591,0.10714380398685056,0.03711615487316421,0.10759827782461226,0.381344936527984,0.357653818929673,0.7387421825170364,False,False,phase_reversing_2
157,HPC,1935.87744140625,13.558333333333334,14.841666666666667,9.465273509526735,0.13047326542909096,0.04518779342723005,0.0809825720631716,0.5196784913491631,0.46159891378596357,0.7387421825170364,False,False,phase_reversing_2
99,HPC,1343.5479736328125,13.116666666666667,14.6625,11.785260482846246,0.16072997324217822,0.05564721763911801,0.1256410483909569,0.7024519982629983,0.5964085565827754,0.7387421825170364,False,False,phase_reversing_2
183,HPC,2115.36962890625,11.975,12.366666666666667,3.2707028531663256,0.046431030163467016,0.016090380006847003,0.9794394172624843,0.031657043078469324,0.08714628708267695,0.9911893464080602,False,False,phase_reversing_2
154,HPC,1891.9034423828125,12.208333333333334,12.7625,4.539249146757668,0.06404470228934736,0.022192557984314985,0.36317408796375283,0.13159581748912458,0.16562451618475474,0.888313835741091,False,False,phase_reversing_2
126,HPC,1491.674072265625,10.266666666666667,11.579166666666667,12.784090909090908,0.17356357850566062,0.06008010680907877,0.002488669530118484,0.7811419831277692,0.6535890585743704,0.13272904160631915,False,False,phase_reversing_2
172,HPC,2055.85498046875,11.241666666666667,11.416666666666666,1.556708673091169,0.022285544899621347,0.00772342773078333,0.5216891345690549,-0.10337506301736778,-0.020434625675014976,0.9598646954614081,False,False,phase_reversing_2
169,HPC,1997.716796875,9.208333333333334,10.329166666666667,12.171945701357467,0.1657119018079283,0.05736830880784816,0.04401969163288975,0.7329158820139978,0.6186056843911585,0.7387421825170364,False,False,phase_reversing_2
168,HPC,1994.9326171875,9.45,10.7125,13.359788359788373,0.18090896989142735,0.06261624302541852,0.15525483114147243,0.8264966524407504,0.6863166638060829,0.7387421825170364,False,False,phase_reversing_2
114,HPC,1418.731201171875,10.491666666666667,10.841666666666667,3.3359809372517835,0.04734267899877879,0.01640624999999998,0.2567067020897831,0.03679978934822271,0.0912081650174386,0.8095610232081547,False,False,phase_reversing_2
113,HPC,1419.045654296875,10.066666666666666,10.570833333333333,5.008278145695362,0.07050306473886017,0.024429638602866937,0.1628148503775949,0.16854691935564425,0.19439993815893836,0.7387421825170364,False,False,phase_reversing_2
92,HPC,1271.423828125,10.725,10.1125,-5.710955710955702,-0.08483794506956788,-0.029394121175764797,0.4329247182018706,-0.6759371169518343,-0.49772645488215045,0.9235727321639907,False,False,phase_reversing_2
155,HPC,1893.3917236328125,9.875,9.783333333333333,-0.928270042194094,-0.013454650675569233,-0.004662992793556598,0.6400743506705582,-0.2991469701971127,-0.17967610788596455,0.9721838544778104,False,False,phase_reversing_2
153,HPC,1856.607421875,9.0,9.616666666666667,6.851851851851857,0.09561191159465177,0.0331244404655327,0.18013680639065321,0.3137875760504667,0.3062731365445539,0.7387421825170364,False,False,phase_reversing_2
185,HPC,2179.346923828125,8.766666666666667,9.2125,5.085551330798473,0.07156432052392334,0.024797219003476218,0.8539223200666128,0.17463466518961723,0.1991283942151697,0.9721838544778104,False,False,phase_reversing_2
184,HPC,2179.62841796875,9.0,9.395833333333334,4.398148148148155,0.0620961210919126,0.021517553793884515,0.6881483422503681,0.12047958078543118,0.15694255591301823,0.9721838544778104,False,False,phase_reversing_2
88,HPC,1212.61376953125,8.233333333333333,8.254166666666666,0.2530364372469708,0.0036459333048088284,0.0012635835228708978,0.5959117589362779,-0.2060811338495289,-0.10348395795832102,0.9721838544778104,False,False,phase_reversing_2
192,HPC,2349.681640625,8.958333333333334,8.4125,-6.093023255813963,-0.09069574914534959,-0.03142240345406578,0.9882520904871563,-0.706037210553561,-0.523826071532719,0.9911893464080602,False,False,phase_reversing_2
118,HPC,1436.7525634765625,8.166666666666666,8.8,7.755102040816343,0.10775618035588323,0.0373280943025541,0.30433560685491023,0.3849475465831491,0.36038227967551784,0.8853399472142843,False,False,phase_reversing_2
132,HPC,1567.6287841796875,7.825,8.079166666666667,3.248136315228975,0.04611574045301807,0.015981137018601033,0.8539399430225829,0.02987920323490671,0.08574150459590726,0.9721838544778104,False,False,phase_reversing_2
129,HPC,1544.405517578125,8.466666666666667,8.629166666666666,1.9192913385826729,0.027427151448345795,0.009505240068242729,0.7852508934260216,-0.07481002964425953,0.002473952036651339,0.9721838544778104,False,False,phase_reversing_2
204,HPC,2524.290771484375,8.058333333333334,7.045833333333333,-12.564632885211998,-0.19371113506685803,-0.0670344827586207,0.8337793857781781,-1.21588437820812,-0.9828141235192397,0.9721838544778104,False,False,phase_reversing_2
122,HPC,1446.6519775390625,7.05,7.3375,4.078014184397171,0.05766534071125875,0.019982623805386658,0.3848139102790369,0.0952587463971789,0.1372010848938644,0.888313835741091,False,False,phase_reversing_2
148,HPC,1756.7283935546875,7.15,7.366666666666666,3.030303030303019,0.04306872189188593,0.014925373134328306,0.5459230455436759,0.012717833853806128,0.072165424661533,0.9598646954614081,False,False,phase_reversing_2
145,HPC,1745.724365234375,6.933333333333334,7.129166666666666,2.8245192307692237,0.0401843263483212,0.013925925925925892,0.7458910656001142,-0.003494251446409709,0.05931391631783653,0.9721838544778104,False,False,phase_reversing_2
150,HPC,1812.88720703125,6.316666666666666,7.1375,12.994722955145125,0.1762553979129073,0.06100960049550948,0.11087124711684924,0.7977360235980404,0.6655825383345012,0.7387421825170364,False,False,phase_reversing_2
190,HPC,2294.13427734375,6.733333333333333,7.179166666666666,6.621287128712864,0.09249550347315329,0.032045522611560316,0.3591550856513056,0.2956231968951672,0.29238788940320515,0.888313835741091,False,False,phase_reversing_2
203,HPC,2514.4150390625,5.875,5.85,-0.4255319148936231,-0.0061522269815952055,-0.0021321961620469386,0.9823742147326865,-0.2595401915200212,-0.1471399464563392,0.9911893464080602,False,False,phase_reversing_2
164,HPC,2031.1707763671875,6.058333333333334,6.104166666666667,0.7565337001375525,0.010873395390015868,0.003768413840356291,0.7044613642764654,-0.1664145488564437,-0.07128179015958837,0.9721838544778104,False,False,phase_reversing_2
124,HPC,1490.3388671875,6.183333333333334,6.620833333333334,7.0754716981132075,0.09862803272771571,0.03416856492027335,0.18606402533348732,0.3314048230379526,0.31971155208837565,0.7387421825170364,False,False,phase_reversing_2
120,HPC,1439.46923828125,6.491666666666666,6.191666666666666,-4.6213093709884445,-0.06826111752307296,-0.02365308804204992,0.3868231513293493,-0.5900924612955664,-0.4238679169985039,0.888313835741091,False,False,phase_reversing_2
123,HPC,1458.62841796875,6.091666666666667,6.120833333333334,0.47879616963064486,0.006891084603842571,0.0023882633913340254,0.9764870509547123,-0.18829530208313205,-0.08902509184020617,0.9911893464080602,False,False,phase_reversing_2
102,HPC,1346.02197265625,6.083333333333333,6.320833333333334,3.904109589041108,0.05525271647965402,0.01914679207255632,0.6294422984786465,0.08155817258913725,0.12645156736952606,0.9721838544778104,False,False,phase_reversing_2
194,HPC,2334.79296875,6.508333333333334,6.554166666666666,0.7042253521126632,0.010124217273707024,0.003508771929824498,0.7852480530258208,-0.17053551174085974,-0.0746197750743615,0.9721838544778104,False,False,phase_reversing_2
188,HPC,2233.57275390625,6.075,6.208333333333333,2.1947873799725572,0.03132161102258679,0.01085481682496604,0.850981686237563,-0.05310586569645033,0.019825830084102488,0.9721838544778104,False,False,phase_reversing_2
141,HPC,1694.698974609375,5.441666666666666,6.145833333333333,12.940275650842265,0.1755600575901351,0.06076950737144912,0.14370416300419092,0.7934465491898286,0.6624844292766943,0.7387421825170364,False,False,phase_reversing_2
159,HPC,1928.7998046875,5.85,6.020833333333333,2.9202279202279215,0.04152655708348052,0.014391014391014395,0.4052931875568728,0.004045882621439763,0.06529426444677155,0.888313835741091,False,False,phase_reversing_2
173,HPC,2037.5264892578125,5.691666666666666,5.729166666666667,0.6588579795022056,0.009474135009293937,0.0032834731849690356,0.8250818510895321,-0.1741096498230299,-0.07751623553514447,0.9721838544778104,False,False,phase_reversing_2
134,HPC,1609.666259765625,5.716666666666667,6.2125,8.673469387755105,0.11999977611063008,0.04156479217603914,0.329147599997174,0.457298478965749,0.4149339771186894,0.888313835741091,False,False,phase_reversing_2
121,HPC,1463.572265625,6.083333333333333,5.804166666666666,-4.589041095890413,-0.06777311116612664,-0.02348405187521908,0.3609643688264398,-0.5875502979689814,-0.42169359046341237,0.888313835741091,False,False,phase_reversing_2
202,HPC,2495.99462890625,6.383333333333334,5.983333333333333,-6.266318537859013,-0.09336054810190587,-0.03234501347708898,0.25346834747542824,-0.7196897813633342,-0.5356991608879094,0.8095610232081547,False,False,phase_reversing_2
163,HPC,1993.0799560546875,5.208333333333333,5.391666666666667,3.520000000000005,0.04990952244305831,0.017295597484276753,0.5433982353635451,0.05129720240454054,0.10264481073502014,0.9598646954614081,False,False,phase_reversing_2
151,HPC,1814.18701171875,5.258333333333334,5.745833333333334,9.270998415213942,0.1279105465314314,0.04430140098447556,0.33453282280925956,0.5043730863180482,0.45018064510596234,0.888313835741091,False,False,phase_reversing_2
182,HPC,2136.575927734375,5.458333333333333,5.891666666666667,7.938931297709928,0.11021530838458628,0.03817914831130692,0.18733491056208074,0.3994300063306408,0.3713389962221109,0.7387421825170364,False,False,phase_reversing_2
193,HPC,2349.2587890625,6.066666666666666,6.116666666666666,0.8241758241758212,0.01184161264451646,0.004103967168262639,0.7571296313702174,-0.1610855584923791,-0.06696786998574589,0.9721838544778104,False,False,phase_reversing_2
191,HPC,2294.20751953125,5.633333333333334,5.779166666666667,2.5887573964496986,0.0368726360414184,0.012778386272362148,0.8193942298233013,-0.022068070071504072,0.04455858371241263,0.9721838544778104,False,False,phase_reversing_2
133,HPC,1582.4456787109375,5.4,5.708333333333333,5.709876543209864,0.08011017496326422,0.027756939234808643,0.7908850933700053,0.2238203329711405,0.23720469754195725,0.9721838544778104,False,False,phase_reversing_2
152,HPC,1855.1988525390625,4.866666666666666,4.983333333333333,2.3972602739726128,0.03417711531808809,0.011844331641286005,0.27556779869000314,-0.037154620574399895,0.032548612630681636,0.8319027884981227,False,False,phase_reversing_2
187,HPC,2219.548583984375,5.025,4.725,-5.970149253731357,-0.08880926695785622,-0.030769230769230844,0.3888066842591016,-0.6963569353936353,-0.5154207952082233,0.888313835741091,False,False,phase_reversing_2
181,HPC,2092.29345703125,4.4,4.658333333333333,5.87121212121211,0.08231035348473652,0.02851885924563012,0.5264763912911543,0.23653069286563977,0.24700765701795824,0.9598646954614081,False,False,phase_reversing_2
112,HPC,1395.1429443359375,4.358333333333333,4.5875,5.258126195028687,0.07393161731742755,0.02561714019562183,0.1216580789253631,0.1882304799520613,0.2096759540190259,0.7387421825170364,False,False,phase_reversing_2
149,HPC,1772.805419921875,4.391666666666667,4.879166666666666,11.100569259962047,0.15186620886400057,0.05258426966292134,0.07289814984264269,0.648510567815823,0.5569157962653298,0.7387421825170364,False,False,phase_reversing_2
189,HPC,2232.44677734375,4.291666666666667,4.679166666666666,9.029126213592216,0.12471359033002027,0.0431955411054342,0.3475187802579147,0.48531787996397147,0.4359365136488422,0.888313835741091,False,False,phase_reversing_2
180,HPC,2091.478271484375,4.308333333333334,4.7,9.090909090909088,0.12553088208385882,0.043478260869565216,0.2370889153942244,0.49018526641238536,0.4395779808592337,0.7902963846474146,False,False,phase_reversing_2
139,HPC,1667.00732421875,4.841666666666667,4.675,-3.442340791738388,-0.05053739279573607,-0.017513134851138385,0.7374292096625807,-0.497210809696276,-0.3448993453256855,0.9721838544778104,False,False,phase_reversing_2
186,HPC,2220.048583984375,4.308333333333334,4.245833333333334,-1.4506769825918762,-0.02108213414912087,-0.007306380905991232,0.9295565857765318,-0.3403032997932271,-0.21366058262988621,0.9911893464080602,False,False,phase_reversing_2
166,HPC,2027.255126953125,4.233333333333333,4.0875,-3.4448818897637725,-0.05057536055292704,-0.01752628943415119,0.7098887737461509,-0.497411002802036,-0.3450685117735466,0.9721838544778104,False,False,phase_reversing_2
135,HPC,1611.0538330078125,3.825,4.254166666666666,11.22004357298474,0.15341680746399342,0.05312016503352239,0.18469199331174657,0.6579230082426044,0.563824533484118,0.7387421825170364,False,False,phase_reversing_2
131,HPC,1566.087158203125,3.941666666666667,3.9833333333333334,1.0570824524312858,0.015170434641353217,0.005257623554153504,0.7879955063284729,-0.14273667907224213,-0.05213620663691231,0.9721838544778104,False,False,phase_reversing_2
80,HPC,1105.8084716796875,3.7333333333333334,3.966666666666667,6.250000000000002,0.0874628412503394,0.03030303030303031,0.5122544077401632,0.266372407400552,0.26996471630830915,0.9598646954614081,False,False,phase_reversing_2
119,HPC,1459.12548828125,4.4,4.270833333333333,-2.935606060606075,-0.0429859249656453,-0.014896684286400843,0.5237074142887126,-0.4572891700710449,-0.3112535604949307,0.9598646954614081,False,False,phase_reversing_2
83,HPC,1176.2711181640625,3.283333333333333,3.783333333333333,15.228426395939087,0.20449666783453874,0.07075471698113207,0.07049548122578696,0.973711930348611,0.7914123389123654,0.7387421825170364,False,False,phase_reversing_2
147,HPC,1748.5361328125,3.525,3.3833333333333333,-4.018912529550826,-0.059177935934773426,-0.020506634499396856,0.8974010472614113,-0.5426343572072345,-0.38339753691149425,0.9911893464080602,False,False,phase_reversing_2
106,HPC,1364.9876708984375,3.15,3.4,7.936507936507937,0.11018291775042285,0.03816793893129771,0.23693619443776004,0.3992390887821801,0.37119467880831597,0.7902963846474146,False,False,phase_reversing_2
95,HPC,1286.162841796875,3.308333333333333,3.4583333333333335,4.534005037783387,0.06397232909132944,0.022167487684729117,0.33267652406971937,0.13118267543320333,0.1653020552933342,0.888313835741091,False,False,phase_reversing_2
199,HPC,2478.93896484375,3.816666666666667,3.6041666666666665,-5.56768558951966,-0.08264746557285703,-0.028635597978663718,0.976502350495396,-0.6646499921395046,-0.487966709693429,0.9911893464080602,False,False,phase_reversing_2
125,HPC,1475.7177734375,3.075,3.2708333333333335,6.368563685636855,0.08907183771859324,0.03086014445173998,0.1881290497931165,0.27571310666554427,0.2771336469297963,0.7387421825170364,False,False,phase_reversing_2
171,HPC,2033.68896484375,3.2583333333333333,3.05,-6.393861892583125,-0.09532495902330998,-0.03302509907529725,0.8567370217585705,-0.7297379180531389,-0.5444516509557844,0.9721838544778104,False,False,phase_reversing_2
146,HPC,1746.5018310546875,3.2666666666666666,2.8375,-13.137755102040819,-0.20319885610313704,-0.07030716723549489,0.20633425033025166,-1.2610361651210236,-1.0250869408977163,0.7387421825170364,False,False,phase_reversing_2
94,HPC,1306.9345703125,2.933333333333333,3.2666666666666666,11.36363636363637,0.15527822547791112,0.05376344086021508,0.2580475761475993,0.6692355536218532,0.5721181356533288,0.8095610232081547,False,False,phase_reversing_2
161,HPC,1969.720458984375,2.275,2.6333333333333333,15.750915750915755,0.2110236072572506,0.07300509337860782,0.06534463449857639,1.0148747527404942,0.8204933075877354,0.7387421825170364,False,False,phase_reversing_2
127,HPC,1473.04736328125,2.425,2.6125,7.731958762886599,0.107446289893755,0.03722084367245658,0.12435238874780542,0.38312426993662185,0.3590015536968779,0.7387421825170364,False,False,phase_reversing_2
81,HPC,1149.5631103515625,2.6666666666666665,2.808333333333333,5.312499999999998,0.07467668629449624,0.025875190258751894,0.20371769071106882,0.1925141639266466,0.2129956305442482,0.7387421825170364,False,False,phase_reversing_2
176,HPC,2078.0791015625,2.7416666666666667,2.7583333333333333,0.6079027355623079,0.00874363307197614,0.0030303030303030195,0.6797770528747229,-0.17812401229042743,-0.08077100819053548,0.9721838544778104,False,False,phase_reversing_2
110,HPC,1414.1494140625,2.7,2.75,1.8518518518518452,0.02647221136119086,0.009174311926605472,0.7965199251883835,-0.08012305581036157,-0.0017808113314250029,0.9721838544778104,False,False,phase_reversing_2
198,HPC,2449.637939453125,2.4583333333333335,2.5208333333333335,2.542372881355932,0.03622018791275316,0.012552301255230125,0.66630992257062,-0.025722340801332802,0.04165158207455551,0.9721838544778104,False,False,phase_reversing_2
111,HPC,1396.742431640625,1.2333333333333334,1.4458333333333333,17.229729729729723,0.22933848694931094,0.07931570762052874,0.13107718720600023,1.1313788625003411,0.9020957874214893,0.7387421825170364,False,False,phase_reversing_2
144,HPC,1693.172119140625,2.4166666666666665,2.216666666666667,-8.275862068965505,-0.12462665451374477,-0.04316546762589923,0.9295189012395892,-0.8780058937813333,-0.6750062085371568,0.9911893464080602,False,False,phase_reversing_2
140,HPC,1646.671142578125,2.2333333333333334,2.466666666666667,10.447761194029853,0.14336417517117744,0.049645390070921995,0.9617847189215928,0.597080960268784,0.5190347375507997,0.9911893464080602,False,False,phase_reversing_2
201,HPC,2508.2275390625,1.875,2.0708333333333333,10.444444444444441,0.14332085034524897,0.049630411826821534,0.9705990383904992,0.5968196596838011,0.5188417025271701,0.9911893464080602,False,False,phase_reversing_2
91,HPC,1268.5537109375,2.0083333333333333,2.029166666666667,1.0373443983402564,0.01488862585238049,0.005159958720330275,0.8048155302401259,-0.14429168494398226,-0.053391813903013584,0.9721838544778104,False,False,phase_reversing_2
96,HPC,1344.404052734375,2.0083333333333333,2.25,12.03319502074689,0.1639262608208693,0.05675146771037183,0.19841304869876852,0.7219848083599113,0.6106497089718946,0.7387421825170364,False,False,phase_reversing_2
104,HPC,1370.7872314453125,1.725,1.6416666666666666,-4.830917874396143,-0.07143513804294913,-0.024752475247524795,0.9324289752980321,-0.6066058648997121,-0.43800985785861224,0.9911893464080602,False,False,phase_reversing_2
197,HPC,2423.4501953125,1.8833333333333333,1.725,-8.407079646017692,-0.12669200491586233,-0.04387990762124708,0.5551312431376542,-0.8883434935189081,-0.6842084374009093,0.9654456402393986,False,False,phase_reversing_2
82,HPC,1147.5198974609375,1.75,1.6333333333333333,-6.666666666666669,-0.0995356735509144,-0.03448275862068966,0.888502783128022,-0.7512300582399188,-0.5632126121579204,0.9911893464080602,False,False,phase_reversing_2
84,HPC,1173.6036376953125,1.375,1.5333333333333334,11.515151515151523,0.15723974181119718,0.05444126074498571,0.35284271680712986,0.6811722394358176,0.5808577287995477,0.888313835741091,False,False,phase_reversing_2
116,HPC,1466.636474609375,1.6416666666666666,1.6333333333333333,-0.5076142131979677,-0.0073419753411680735,-0.002544529262086505,0.8562910780871033,-0.2660068095179519,-0.15244090492025827,0.9721838544778104,False,False,phase_reversing_2
177,HPC,2073.6142578125,1.3583333333333334,1.35,-0.6134969325153352,-0.008878151346452775,-0.0030769230769230656,0.9382561991961647,-0.27434847529184125,-0.15928538184830954,0.9911893464080602,False,False,phase_reversing_2
167,HPC,2027.8082275390625,1.1166666666666667,1.1583333333333334,3.731343283582096,0.05285188226573499,0.018315018315018344,0.7202771436018595,0.06794727567961323,0.11575458061233518,0.9721838544778104,False,False,phase_reversing_2
78,HPC,1107.63916015625,1.1416666666666666,1.1083333333333334,-2.91970802919707,-0.0427496474593369,-0.014814814814814762,0.5449194147871091,-0.45603668935151204,-0.31020081918470194,0.9598646954614081,False,False,phase_reversing_2
100,HPC,1348.2078857421875,0.7916666666666666,0.8125,2.6315789473684257,0.03747470541866296,0.01298701298701301,0.5040354596639545,-0.0186944972355728,0.04724112135618535,0.9598646954614081,False,False,phase_reversing_2
178,HPC,2103.47509765625,0.18333333333333332,0.11666666666666667,-36.36363636363636,-0.6520766965796929,-0.22222222222222218,0.6509260535723926,-3.090820477776953,-3.0250752313578695,0.9721838544778104,True,False,phase_reversing_2
200,HPC,2553.99560546875,0.25833333333333336,0.058333333333333334,-77.41935483870967,-2.146841388329271,-0.631578947368421,0.7059347193160073,-6.325277278980226,-9.68504284597344,0.9721838544778104,True,False,phase_reversing_2
39,CTX,654.4733276367188,27.825,26.5375,-4.627133872416883,-0.06834922143658176,-0.023683605426534797,0.0017908094485270664,-0.34167933174737225,-0.47163443233965313,0.0321496872756768,False,True,static
37,CTX,626.8199462890625,27.866666666666667,28.391666666666666,1.8839712918660236,0.026927100015463515,0.009331950822100404,0.452695211985343,-0.12947717535763026,-0.09996078478648254,0.8115399424084793,False,False,static
33,CTX,553.48486328125,24.675,33.7875,36.93009118541034,0.4534395220782971,0.15586914688903142,1.1674356945702116e-09,1.0127040714296178,1.5638673859371235,9.339485556561693e-08,False,True,static
36,CTX,626.8485717773438,22.858333333333334,24.591666666666665,7.582938388625581,0.10544929858372971,0.036529680365296746,0.3184986406786797,0.056256747933985655,0.2063549032142463,0.8115399424084793,False,False,static
19,CTX,464.17071533203125,23.625,23.254166666666666,-1.5696649029982372,-0.02282508877924509,-0.007910407963736562,0.6243913816624924,-0.2420339578768346,-0.2940444479807061,0.8851411030029654,False,False,static
34,CTX,612.848876953125,21.183333333333334,22.15,4.563335955940197,0.06437707427121561,0.02230769230769227,0.04879364531341523,-0.042154525035542456,0.046131846837772064,0.32529096875610153,False,False,static
3,CTX,79.40536499023438,15.291666666666666,16.454166666666666,7.60217983651226,0.10570730472977342,0.036618978868617924,0.5052470589011195,0.0568838422030219,0.2073613871331229,0.8489673598629336,False,False,static
14,CTX,424.4336242675781,16.133333333333333,14.3375,-11.131198347107434,-0.1702510605376132,-0.058936141118555975,0.1500156483688243,-0.5536520263980896,-0.8691542741412661,0.6000625934752972,False,False,static
48,CTX,727.296875,17.55,12.541666666666666,-28.53751187084521,-0.4847419493786526,-0.16643589033508727,2.7883335510580205e-10,-1.1209377899263588,-2.095985600082205,4.461333681692833e-08,False,True,static
52,CTX,765.3553466796875,13.05,16.066666666666666,23.1162196679438,0.3000208389389208,0.10360618202633082,0.006442160555960829,0.5624988835028033,0.9653799475454512,0.07362469206812376,False,False,static
53,CTX,810.2553100585938,12.891666666666667,9.6375,-25.24240465416937,-0.4197079308128454,-0.144442389495099,5.7300328228808164e-05,-1.013547594364831,-1.8422874038566066,0.0018336105033218615,False,True,static
24,CTX,505.1506652832031,10.85,10.058333333333334,-7.296466973886323,-0.10930377241061402,-0.03786369071343162,0.5883490644184288,-0.42867504537239054,-0.631398444136459,0.8851411030029654,False,False,static
69,CTX,933.3778076171875,10.925,8.7875,-19.56521739130436,-0.3141085904280633,-0.1084337349397591,0.01350301895794259,-0.8285234933847307,-1.4303435816995405,0.1440322022180543,False,False,static
31,CTX,584.6793823242188,11.45,10.629166666666666,-7.1688500727802005,-0.10731910521562775,-0.037176825816191715,0.05786515630161082,-0.42451590787987264,-0.6236562424613982,0.3461457866939114,False,False,static
61,CTX,847.1752319335938,6.041666666666667,5.733333333333333,-5.103448275862073,-0.07557243020019899,-0.026185421089879708,0.3112113265047237,-0.35720280141654853,-0.49981222412775134,0.8115399424084793,False,False,static
1,CTX,72.90603637695312,8.233333333333333,8.520833333333334,3.4919028340081146,0.04951789624443369,0.017159910470032416,0.9266709734695496,-0.0770733925956276,-0.011833918555843542,0.9942636519622048,False,False,static
43,CTX,749.934326171875,6.133333333333334,8.883333333333333,44.83695652173911,0.5344297667021628,0.1831298557158712,5.366652310251037e-05,1.2703951749086777,1.8798109401887086,0.0018336105033218615,False,True,static
63,CTX,891.9421997070312,6.258333333333334,4.883333333333334,-21.970705725699066,-0.3579122430920239,-0.12341062079281974,0.0020001991890956318,-0.9069202937511313,-1.6012219606466205,0.0321496872756768,False,True,static
28,CTX,512.4619750976562,8.625,7.591666666666667,-11.980676328502414,-0.18410780858463685,-0.06372045220966083,0.020538080635456094,-0.5813371973344237,-0.9232095526340945,0.20208183530203105,False,False,static
47,CTX,742.1814575195312,8.025,5.941666666666666,-25.960539979231577,-0.4336337213995714,-0.149164677804296,0.03360919599965508,-1.0369522024479247,-1.8966120178168042,0.25607006475927685,False,False,static
42,CTX,702.7573852539062,5.883333333333334,7.295833333333333,24.0084985835694,0.3104389951623774,0.10717673095162818,0.002413196028121108,0.591578971324992,1.0060212534369661,0.0332975665873693,False,True,static
21,CTX,488.3040771484375,7.416666666666667,6.870833333333334,-7.359550561797754,-0.11028584241629306,-0.03820355788859726,0.09015707140798991,-0.4307309902619063,-0.635229506625023,0.45329571951022435,False,False,static
70,CTX,967.37646484375,6.008333333333334,5.154166666666667,-14.216366158113736,-0.22122566426445286,-0.07652108995893991,0.057382202385128776,-0.6542001278035228,-1.0680065871922884,0.3461457866939114,False,False,static
5,CTX,125.89278411865234,5.9,6.304166666666666,6.8502824858756926,0.09559072213373952,0.033117104813929606,0.27253675373615327,0.032378902540234886,0.16789652223347026,0.80751630736638,False,False,static
2,CTX,81.89913940429688,5.225,5.620833333333334,7.575757575757588,0.10535300014622884,0.036496350364963556,0.6505612696285019,0.0560227194646594,0.2059792422842886,0.8851411030029654,False,False,static
76,CTX,1066.022705078125,5.291666666666667,5.454166666666667,3.0708661417322767,0.04363660028571262,0.015122140364482324,0.37476759671367843,-0.09079531717922122,-0.03477689838549414,0.8115399424084793,False,False,static
41,CTX,707.9666137695312,2.925,4.270833333333333,46.01139601139601,0.5460809740882476,0.18702953097857555,0.001699880489596218,1.3086711028758018,1.925262387952298,0.0321496872756768,False,True,static
18,CTX,463.1156005859375,4.183333333333334,3.0708333333333333,-26.593625498007974,-0.4460227448557025,-0.15336013785180935,0.005577540738589459,-1.057584968909817,-1.9449416916264681,0.06864665524417796,False,False,static
73,CTX,983.28515625,3.875,4.208333333333333,8.6021505376344,0.11905267164376325,0.04123711340206183,0.25813801471604414,0.08947369196749735,0.2594217639745455,0.7942708145109051,False,False,static
38,CTX,649.0108642578125,3.8916666666666666,3.908333333333333,0.4282655246252661,0.0061653728057146735,0.002136752136752129,0.9383363215393308,-0.1769197976288823,-0.18095243899759939,0.9942636519622048,False,False,static
6,CTX,125.71984100341797,3.5416666666666665,4.379166666666666,23.64705882352941,0.3062279229371144,0.10573382430299842,0.11337821386709412,0.5797993587169495,0.9895938289707403,0.5183004062495732,False,False,static
40,CTX,700.1046752929688,3.525,3.8291666666666666,8.628841607565013,0.11940719816908471,0.04135977337110482,0.1299816519541551,0.09034357541319799,0.26080477461992296,0.5620828192612113,False,False,static
10,CTX,305.61083984375,3.2666666666666666,3.7708333333333335,15.433673469387761,0.2070641378553595,0.07164002368265249,0.1765735339603225,0.31211852121956685,0.6027551565198388,0.6420855780375363,False,False,static
74,CTX,1005.5782470703125,3.966666666666667,3.970833333333333,0.10504201680671671,0.0015146406019983794,0.0005249343832020699,0.568010012360795,-0.18745391182676086,-0.19909498035104836,0.8770613558882688,False,False,static
12,CTX,388.285888671875,3.4916666666666667,3.5,0.23866348448687266,0.0034390839667709514,0.0011918951132300314,0.7458319904372596,-0.18309908067808994,-0.1915877122912238,0.9623638586287221,False,False,static
0,CTX,73.41268920898438,3.6333333333333333,3.975,9.403669724770646,0.12966113122858525,0.04490690032858709,0.3328175087154589,0.115595847209448,0.30080544471200693,0.8115399424084793,False,False,static
71,CTX,967.621337890625,3.2083333333333335,3.7375,16.493506493506484,0.2202495393369975,0.07618476304739048,0.0020093554547298,0.34665933225802953,0.6541915070048856,0.0321496872756768,False,True,static
60,CTX,855.4642944335938,3.1666666666666665,2.15,-32.10526315789473,-0.5586283529076937,-0.19122257053291536,0.0007591772998491945,-1.237213675121275,-2.3842170167206636,0.020244727995978522,False,True,static
46,CTX,730.2316284179688,2.283333333333333,2.2583333333333333,-1.0948905109489013,-0.015883041606655053,-0.005504587155963284,0.7879702276720386,-0.2265606784182016,-0.2669634696767591,0.9773274141668696,False,False,static
13,CTX,385.3935546875,2.825,3.033333333333333,7.374631268436567,0.10265317706235214,0.03556187766714077,0.023164757581153935,0.04946785127510114,0.19544721210050614,0.20515598336316782,False,False,static
44,CTX,743.8521728515625,2.525,2.675,5.940594059405937,0.08325550364935229,0.028846153846153834,0.256157892825181,0.002731424751272866,0.11977674202380854,0.7942708145109051,False,False,static
4,CTX,130.6201171875,2.783333333333333,2.9458333333333333,5.838323353293416,0.08186211233534668,0.028363636363636383,0.43267823206328004,-0.0006016598518797083,0.11434111201361725,0.8115399424084793,False,False,static
11,CTX,331.4168395996094,2.441666666666667,2.504166666666667,2.5597269624573378,0.03646432628893763,0.012636899747262004,0.516587494986047,-0.10745375431404373,-0.06275599326452815,0.8520275701997734,False,False,static
8,CTX,218.69528198242188,3.5833333333333335,3.370833333333333,-5.9302325581395445,-0.0881969571594829,-0.03055721989215104,0.09585469991768202,-0.3841483664384195,-0.549060598876897,0.4647500602069431,False,False,static
54,CTX,809.6605224609375,1.95,2.2875,17.307692307692314,0.2302976194217942,0.07964601769911508,0.09065914390204487,0.37319430306758167,0.6933891430922787,0.45329571951022435,False,False,static
75,CTX,1006.634033203125,2.7916666666666665,2.5125,-9.99999999999999,-0.15200309344504978,-0.052631578947368356,0.5285561383263873,-0.5167853620601395,-0.7979688170795454,0.8542321427497168,False,False,static
9,CTX,250.51275634765625,2.058333333333333,2.558333333333333,24.291497975708506,0.3137276137855018,0.10830324909747294,0.04389431520007459,0.6008021492270061,1.0188501794538374,0.3053517579135624,False,False,static
51,CTX,770.325439453125,1.65,1.8,9.0909090909091,0.12553088208385912,0.04347826086956525,0.5093804159177602,0.10540272649265923,0.28469331169167017,0.8489673598629336,False,False,static
59,CTX,851.4287719726562,1.375,1.9291666666666667,40.303030303030305,0.48854616901442066,0.1677175283732661,0.025644497920395973,1.122630871269457,1.7008186800388574,0.20515598336316782,False,False,static
7,CTX,186.6515655517578,1.75,1.5375,-12.142857142857139,-0.1867685116057264,-0.06463878326996195,0.5377012842029911,-0.5866228005711681,-0.9335889751583136,0.8603220547247858,False,False,static
16,CTX,424.6138000488281,1.375,1.5083333333333333,9.696969696969695,0.13352367283738953,0.04624277456647398,0.21918952248019896,0.12515472930385882,0.31587324861848703,0.7157208897312619,False,False,static
68,CTX,932.6470336914062,0.95,1.1708333333333334,23.24561403508773,0.30153630605618464,0.10412573673870337,0.1004858888821667,0.5667159500437109,0.9712917961835607,0.4728747712101962,False,False,static
17,CTX,462.4216613769531,1.025,1.075,4.878048780487809,0.0687127500840143,0.023809523809523836,0.652791563464687,-0.03189778085348701,0.06304535083742037,0.8851411030029654,False,False,static
26,CTX,548.7279663085938,0.7833333333333333,0.9291666666666667,18.61702127659575,0.2463110482426674,0.08515815085158153,0.2993854934351391,0.4158663877006159,0.7558576495268252,0.8115399424084793,False,False,static
29,CTX,588.9581298828125,0.6416666666666667,0.9333333333333333,45.454545454545446,0.5405683813627026,0.18518518518518515,0.002497317494052698,1.2905228951646563,1.9037577222121367,0.0332975665873693,False,True,static
22,CTX,503.4034729003906,0.4583333333333333,0.55,20.000000000000014,0.26303440583379406,0.09090909090909098,0.33322779476226216,0.4609387770942587,0.8210955934409226,0.8115399424084793,False,False,static
62,CTX,877.8511352539062,0.11666666666666667,0.5166666666666667,342.85714285714283,2.146841388329271,0.631578947368421,1.6909822598665756e-06,10.983112846089208,8.169840819951718,9.018572052621736e-05,True,True,static
206,HPC,2538.06640625,36.24166666666667,39.74166666666667,9.657392504023914,0.13300307393028918,0.046062733055494624,0.5218668867473613,0.12386487674042343,0.3138423883610245,0.8520275701997734,False,False,static
205,HPC,2536.6416015625,35.825,39.766666666666666,11.002558734589428,0.1505929327119259,0.052144195788777374,0.5052571547138595,0.16770492656706457,0.3824605599453111,0.8489673598629336,False,False,static
196,HPC,2384.36865234375,32.025,32.97083333333333,2.953421805880821,0.04199178082336146,0.01455221488556958,0.37105691061636903,-0.09462292258485205,-0.041193351495999654,0.8115399424084793,False,False,static
179,HPC,2093.244873046875,26.708333333333332,27.0625,1.3260530421216894,0.019005168829140273,0.006586594343277822,0.9823790509861129,-0.14766018003929052,-0.13086429800794908,0.9948142288466966,False,False,static
115,HPC,1410.151611328125,31.991666666666667,31.091666666666665,-2.8132326126595535,-0.041168200030169654,-0.014266842800528437,0.3202056938091674,-0.28256283015712846,-0.365601063120767,0.8115399424084793,False,False,static
93,HPC,1309.1307373046875,26.416666666666668,26.0875,-1.2460567823343947,-0.018089739145778508,-0.006269343702880774,0.9618313195562191,-0.23148730883685367,-0.2755718133965094,0.9948142288466966,False,False,static
195,HPC,2384.6845703125,24.966666666666665,25.633333333333333,2.670226969292395,0.038017879503075606,0.01317523056653494,0.47288507698826165,-0.10385247017873168,-0.05669557047566932,0.8224088295448029,False,False,static
107,HPC,1366.1378173828125,24.408333333333335,25.4625,4.318880163878444,0.061000287807677155,0.021137939677500144,0.3930371526981383,-0.05012153599737191,0.032958977411414,0.8115399424084793,False,False,static
160,HPC,1973.4671630859375,18.016666666666666,18.354166666666668,1.8732654949121303,0.026775496073125966,0.009279413449421526,0.897472293714908,-0.12982608589465383,-0.10055219290733866,0.9942636519622048,False,False,static
162,HPC,1953.154052734375,17.475,17.6,0.7153075822603719,0.010282973261860832,0.0035637918745545258,0.8165949984634959,-0.1675648660054693,-0.16488964860667596,0.9813652590958438,False,False,static
130,HPC,1537.6485595703125,17.283333333333335,17.9125,3.6403085824493715,0.051585216170076116,0.01787616905410204,0.3631383148022861,-0.0722367298409512,-0.003769287955998143,0.8115399424084793,False,False,static
157,HPC,1935.87744140625,14.258333333333333,14.483333333333333,1.5780245470485073,0.022588322324986917,0.00782835604523049,0.9208197539717786,-0.1394482259477568,-0.11688638923431402,0.9942636519622048,False,False,static
99,HPC,1343.5479736328125,14.116666666666667,13.579166666666667,-3.8075560802833506,-0.05600452259363436,-0.019407251391605224,0.6191932392908159,-0.31496863203791153,-0.4234776691798474,0.8851411030029654,False,False,static
183,HPC,2115.36962890625,12.275,12.7,3.4623217922606835,0.04910547245747278,0.017017017017016974,0.4570758216620393,-0.07803746254822085,-0.013442786854926702,0.8115399424084793,False,False,static
154,HPC,1891.9034423828125,12.408333333333333,12.425,0.13431833445265948,0.0019365037013424954,0.0006711409395973488,1.0,-0.18649977307782784,-0.1974492892232666,1.0,False,False,static
126,HPC,1491.674072265625,12.308333333333334,12.3375,0.2369668246445507,0.003414664412764716,0.0011834319526627267,0.6373461817756265,-0.183154376187549,-0.19168297315531674,0.8851411030029654,False,False,static
172,HPC,2055.85498046875,11.233333333333333,12.3,9.495548961424348,0.1308722248785378,0.04532577903682727,0.02494203170479253,0.11859026546156146,0.3055299301617618,0.20515598336316782,False,False,static
169,HPC,1997.716796875,10.341666666666667,10.391666666666667,0.4834810636583469,0.006958349699313449,0.0024115755627009986,0.9208128003343906,-0.17512027878324682,-0.17785903016340562,0.9942636519622048,False,False,static
168,HPC,1994.9326171875,9.675,10.379166666666666,7.278208440999128,0.10135704937527001,0.03511323498857257,0.6140165771173886,0.046325353743397704,0.1903910082314794,0.8851411030029654,False,False,static
114,HPC,1418.731201171875,11.45,11.258333333333333,-1.6739446870451218,-0.024354329492415623,-0.008440366972477055,0.9823689560156296,-0.2454325199464495,-0.3000100275201825,0.9948142288466966,False,False,static
113,HPC,1419.045654296875,11.208333333333334,10.754166666666666,-4.052044609665435,-0.0596760313500168,-0.02067918800986534,0.6639546703779631,-0.32293670993535234,-0.4378002524902757,0.8927121618527235,False,False,static
92,HPC,1271.423828125,10.15,10.258333333333333,1.0673234811165764,0.01531662857812483,0.005308289097590813,0.8539467946721468,-0.15609238461620784,-0.14525332130721255,0.9862445790698162,False,False,static
155,HPC,1893.3917236328125,10.0,9.466666666666667,-5.333333333333332,-0.07907157099119883,-0.027397260273972594,0.41789049623465746,-0.3646949404139001,-0.5134623987070416,0.8115399424084793,False,False,static
153,HPC,1856.607421875,9.091666666666667,8.954166666666667,-1.5123739688359226,-0.021985618895823608,-0.007619487416301045,0.6506121347930734,-0.2401668002339946,-0.2907696696430544,0.8851411030029654,False,False,static
185,HPC,2179.346923828125,9.216666666666667,9.629166666666666,4.475587703435801,0.06316587423292372,0.02188812734910456,0.3847736215352936,-0.04501431119028122,0.041406946366304244,0.8115399424084793,False,False,static
184,HPC,2179.62841796875,9.108333333333333,9.025,-0.9149130832570777,-0.013260158063577231,-0.004595588235294053,0.929566116580911,-0.22069506923296123,-0.2567315812210993,0.9942636519622048,False,False,static
88,HPC,1212.61376953125,8.516666666666667,8.191666666666666,-3.8160469667319106,-0.05613187459704092,-0.01945137157107238,0.45247308741751713,-0.3152453568593641,-0.4239744703042815,0.8115399424084793,False,False,static
192,HPC,2349.681640625,8.583333333333334,9.745833333333334,13.543689320388346,0.18324752428184674,0.0634235053421232,0.12297844605012571,0.2505224170497032,0.5098463675959586,0.546570871333892,False,False,static
118,HPC,1436.7525634765625,8.666666666666666,8.5625,-1.2019230769230702,-0.0174451344594092,-0.006045949214026568,0.8280269373621183,-0.23004895586582097,-0.2730572056601755,0.9813652590958438,False,False,static
132,HPC,1567.6287841796875,8.533333333333333,8.129166666666666,-4.736328125000002,-0.07000193739097364,-0.024256064016004004,0.961827571928008,-0.3452380603009535,-0.4780816897250816,0.9948142288466966,False,False,static
129,HPC,1544.405517578125,9.125,8.675,-4.931506849315061,-0.07296080118911853,-0.025280898876404452,0.8655180791042241,-0.35159909197469336,-0.4896242396861761,0.9891635189762561,False,False,static
204,HPC,2524.290771484375,7.766666666666667,8.429166666666667,8.530042918454942,0.11809445990400273,0.040905582711602814,0.46156334224482254,0.08712364663787375,0.25568377276101706,0.8115399424084793,False,False,static
122,HPC,1446.6519775390625,8.025,8.275,3.115264797507788,0.044257919684914576,0.015337423312883436,0.8279051781571987,-0.08934832926263041,-0.032353126729772023,0.9813652590958438,False,False,static
148,HPC,1756.7283935546875,7.483333333333333,7.595833333333333,1.503340757238305,0.021527211297987278,0.007460624481901067,0.7127446576856651,-0.14188223075112238,-0.12102579134234304,0.927147522192735,False,False,static
145,HPC,1745.724365234375,6.558333333333334,7.316666666666666,11.562897077509522,0.15785730402787174,0.05465465465465462,0.0828391751720649,0.18596680403262292,0.41079892716005684,0.45329571951022435,False,False,static
150,HPC,1812.88720703125,6.758333333333334,7.283333333333333,7.7681874229346395,0.1079313652833252,0.037388724035608265,0.448198164576716,0.06229416302061925,0.21603746410292668,0.8115399424084793,False,False,static
190,HPC,2294.13427734375,7.233333333333333,7.191666666666666,-0.5760368663594511,-0.0083344832655244,-0.002888503755054902,0.8251413632926284,-0.20965082065142354,-0.23751648673642736,0.9813652590958438,False,False,static
203,HPC,2514.4150390625,6.083333333333333,7.329166666666667,20.479452054794525,0.2687871137045816,0.09288598943771359,0.13687685814872852,0.4765645053455843,0.8435369501710899,0.5763236132578043,False,False,static
164,HPC,2031.1707763671875,6.741666666666666,6.575,-2.4721878862793485,-0.03611440241651898,-0.012515644555694575,0.6347476627096781,-0.2714479081066874,-0.3458861605674975,0.8851411030029654,False,False,static
124,HPC,1490.3388671875,6.65,6.8875,3.5714285714285685,0.05062607306996784,0.017543859649122792,0.4911299135428209,-0.07448158482362653,-0.0075109124132577395,0.8449546899661434,False,False,static
120,HPC,1439.46923828125,6.391666666666667,6.458333333333333,1.0430247718383274,0.01496973265866647,0.005188067444876765,0.9530034360703901,-0.15688429910326246,-0.1466065649016485,0.9948142288466966,False,False,static
123,HPC,1458.62841796875,6.191666666666666,6.895833333333333,11.372812920592192,0.1553971011559839,0.05380452085323146,0.08677551116469193,0.17977180840966006,0.40120165722793033,0.45329571951022435,False,False,static
102,HPC,1346.02197265625,6.716666666666667,6.775,0.8684863523573236,0.012475513547060411,0.004323656578134668,0.7126683468645516,-0.1625726466344769,-0.1563365324411074,0.927147522192735,False,False,static
194,HPC,2334.79296875,6.583333333333333,6.625,0.6329113924050678,0.009102207107252484,0.0031545741324921365,0.4221715996710965,-0.1702502241319986,-0.16949582626868304,0.8115399424084793,False,False,static
188,HPC,2233.57275390625,6.608333333333333,6.375,-3.5308953341740237,-0.051861118123964316,-0.017971758664955075,0.9676807674978583,-0.3059520357103264,-0.40731421713782573,0.9948142288466966,False,False,static
141,HPC,1694.698974609375,6.0,5.866666666666666,-2.222222222222229,-0.0324214776923775,-0.01123595505617981,0.7795686128190344,-0.2633013259830739,-0.3314800334055479,0.9773274141668696,False,False,static
159,HPC,1928.7998046875,5.733333333333333,5.95,3.7790697674418623,0.05351550932700185,0.01854493580599145,0.4371887567962722,-0.06771439116945696,0.0037608001870733363,0.8115399424084793,False,False,static
173,HPC,2037.5264892578125,6.116666666666666,6.0,-1.9073569482288761,-0.027783156513537983,-0.00962861072902335,0.8945192892004756,-0.25303961335091507,-0.31338590755361617,0.9942636519622048,False,False,static
134,HPC,1609.666259765625,5.791666666666667,6.283333333333333,8.489208633093519,0.1175515456577945,0.04071773636991025,0.34023595567695764,0.08579282442110767,0.2535658601976279,0.8115399424084793,False,False,static
121,HPC,1463.572265625,5.583333333333333,5.666666666666667,1.4925373134328466,0.021373650792567037,0.00740740740740746,0.8944837105688467,-0.1422343236776089,-0.12162483203052049,0.9942636519622048,False,False,static
202,HPC,2495.99462890625,6.025,6.483333333333333,7.607192254495153,0.10577450803507407,0.03664223850766154,0.27076677586240916,0.05704720093826878,0.207623547733239,0.80751630736638,False,False,static
163,HPC,1993.0799560546875,5.533333333333333,6.220833333333333,12.424698795180722,0.16895901878761665,0.05848989719957462,0.04279797683834836,0.21405361545035145,0.4541068000498187,0.3053517579135624,False,False,static
151,HPC,1814.18701171875,5.85,6.004166666666666,2.6353276353276374,0.0375273998701868,0.013005272407732875,0.8481428046405897,-0.10498986755399016,-0.05860893521759082,0.9862445790698162,False,False,static
182,HPC,2136.575927734375,6.0,6.120833333333334,2.013888888888893,0.028765584226605214,0.00996906153317293,0.8567999780669029,-0.12524305633395716,-0.09278884403236898,0.9862445790698162,False,False,static
193,HPC,2349.2587890625,5.15,6.35,23.300970873786394,0.30218415958894734,0.10434782608695646,0.058412101504597545,0.568520073959143,0.9738190776941437,0.3461457866939114,False,False,static
191,HPC,2294.20751953125,6.008333333333334,5.741666666666666,-4.438280166435519,-0.06549527653653128,-0.02269503546099298,0.5483984375158182,-0.3355244375104807,-0.4605011717902162,0.8687500000250584,False,False,static
133,HPC,1582.4456787109375,5.541666666666667,5.7,2.857142857142855,0.04064198449734577,0.01408450704225351,0.443694144484167,-0.09776073099396931,-0.04645891712970887,0.8115399424084793,False,False,static
152,HPC,1855.1988525390625,4.591666666666667,4.870833333333334,6.079854809437389,0.08515070596049862,0.029502421840598866,0.4480550697614103,0.007270044649356114,0.12716994051320965,0.8115399424084793,False,False,static
187,HPC,2219.548583984375,4.875,4.85,-0.5128205128205201,-0.007417471562483144,-0.0025706940874036356,0.9149458826021736,-0.20759054882327915,-0.2339392171764367,0.9942636519622048,False,False,static
181,HPC,2092.29345703125,4.558333333333334,4.441666666666666,-2.5594149908592425,-0.03740530003338088,-0.012962962962963016,0.7099394862087668,-0.2742907096312309,-0.3509219618932051,0.927147522192735,False,False,static
112,HPC,1395.1429443359375,4.841666666666667,5.1,5.335628227194483,0.07499348928812286,0.025984911986588387,0.3766943854137197,-0.016984898499286076,0.08754656177571393,0.8115399424084793,False,False,static
149,HPC,1772.805419921875,4.6,5.05,9.782608695652177,0.13464952669478186,0.04663212435233163,0.32540056853026356,0.12794577317935463,0.32026521299548527,0.8115399424084793,False,False,static
189,HPC,2232.44677734375,4.425,4.908333333333333,10.922787193973637,0.14955577302630713,0.051785714285714296,0.18355850886914182,0.16510510787114474,0.37841459220039714,0.6456845775563504,False,False,static
180,HPC,2091.478271484375,4.766666666666667,4.483333333333333,-5.9440559440559415,-0.08840897422176516,-0.030630630630630616,0.370875335290786,-0.38459888170826306,-0.5498876790336558,0.8115399424084793,False,False,static
139,HPC,1667.00732421875,4.625,4.425,-4.324324324324328,-0.0637759104333147,-0.02209944751381217,0.5755715148016765,-0.3318105249228214,-0.4537939116722504,0.8770613558882688,False,False,static
186,HPC,2220.048583984375,4.441666666666666,4.283333333333333,-3.564727954971855,-0.052367173565297756,-0.01814708691499521,0.5557634802394751,-0.30705466804515635,-0.4092883432257981,0.8717858513560394,False,False,static
166,HPC,2027.255126953125,4.058333333333334,3.8375,-5.441478439425059,-0.08072061599100676,-0.027968337730870752,0.7044690026891907,-0.36821947643914327,-0.5198953356709904,0.927147522192735,False,False,static
135,HPC,1611.0538330078125,4.183333333333334,4.05,-3.187250996015946,-0.046731050344991205,-0.016194331983805717,0.6215494048889649,-0.29475239022029676,-0.3873017840952085,0.8851411030029654,False,False,static
131,HPC,1566.087158203125,3.8583333333333334,4.083333333333333,5.831533477321805,0.08176955574233419,0.028331584470094394,0.3419645394117625,-0.0008229473731899974,0.11398004804719027,0.8115399424084793,False,False,static
80,HPC,1105.8084716796875,3.6083333333333334,4.166666666666667,15.47344110854504,0.20756106993536233,0.07181136120042875,0.28388517042693784,0.3134145805782753,0.6046936923065485,0.8115399424084793,False,False,static
119,HPC,1459.12548828125,4.65,4.279166666666667,-7.974910394265238,-0.11990084551099249,-0.041530564629024755,0.1570936518543101,-0.45078606234422186,-0.6727377061123495,0.6130483974802345,False,False,static
83,HPC,1176.2711181640625,3.6416666666666666,3.6125,-0.8009153318077836,-0.01160128627876341,-0.004020677771395766,0.6293423031368811,-0.2169797907862513,-0.2502603098948326,0.8851411030029654,False,False,static
147,HPC,1748.5361328125,3.675,3.595833333333333,-2.154195011337867,-0.03141809637856555,-0.010888252148997126,0.802184340554554,-0.261084264443041,-0.3275658353434524,0.9813652590958438,False,False,static
106,HPC,1364.9876708984375,3.625,3.8916666666666666,7.356321839080458,0.10240714897357127,0.035476718403547665,0.21727118671023926,0.04887113223991414,0.194487454673224,0.7157208897312619,False,False,static
95,HPC,1286.162841796875,2.875,3.3541666666666665,16.66666666666666,0.22239242133644774,0.07692307692307691,0.021471195000840798,0.3523027616326582,0.6625509058237471,0.20208183530203105,False,False,static
199,HPC,2478.93896484375,3.35,3.9875,19.029850746268647,0.2513234233070967,0.08688245315161836,0.1695977907283025,0.42932083229573254,0.7754109624036104,0.6310615468960094,False,False,static
125,HPC,1475.7177734375,3.6083333333333334,3.6083333333333334,0.0,0.0,0.0,0.9236746237820925,-0.1908773156753405,-0.20500360474688226,0.9942636519622048,False,False,static
171,HPC,2033.68896484375,3.0,3.441666666666667,14.722222222222229,0.19814487508977083,0.06856403622250974,0.18966984465717796,0.2889317526133921,0.5679610452963061,0.6456845775563504,False,False,static
146,HPC,1746.5018310546875,3.1,2.9125,-6.048387096774193,-0.09001016573259489,-0.031185031185031183,0.3804253659393476,-0.38799911792421105,-0.5561339391766945,0.8115399424084793,False,False,static
94,HPC,1306.9345703125,3.15,3.325,5.555555555555565,0.07800251200127316,0.02702702702702707,0.16725231541783836,-0.009817289906007207,0.09928478204201392,0.6310615468960094,False,False,static
161,HPC,1969.720458984375,2.5083333333333333,2.5875,3.156146179401991,0.04482978146077927,0.015535568274734249,0.6398735619224307,-0.08801597213196535,-0.030122289635176144,0.8851411030029654,False,False,static
127,HPC,1473.04736328125,2.75,2.7958333333333334,1.6666666666666687,0.023846741954367662,0.008264462809917366,0.629170028927165,-0.13655930794454052,-0.11197728478237666,0.8851411030029654,False,False,static
81,HPC,1149.5631103515625,2.7666666666666666,2.9625,7.0783132530120465,0.09866631827249052,0.03418181818181818,0.44796577243153035,0.03981060872353851,0.1798944459344329,0.8115399424084793,False,False,static
176,HPC,2078.0791015625,2.875,2.7083333333333335,-5.797101449275357,-0.08615664374971443,-0.029850746268656688,0.39064080963853753,-0.37980951647812256,-0.5411013208988741,0.8115399424084793,False,False,static
110,HPC,1414.1494140625,3.058333333333333,2.8541666666666665,-6.675749318801088,-0.0996760749953236,-0.034531360112755455,0.7823868998205189,-0.4084453575398522,-0.5938407240089004,0.9773274141668696,False,False,static
198,HPC,2449.637939453125,2.408333333333333,2.904166666666667,20.58823529411766,0.27008916336774447,0.09333333333333338,0.08014194444981161,0.48010983864630563,0.8486162557134087,0.45329571951022435,False,False,static
111,HPC,1396.742431640625,1.7666666666666666,1.7958333333333334,1.650943396226422,0.02362360452589907,0.00818713450292401,0.421426278669216,-0.1370717419797366,-0.11284774557138076,0.8115399424084793,False,False,static
144,HPC,1693.172119140625,2.158333333333333,2.1625,0.19305019305020266,0.002782440671327079,0.0009643201542912727,0.9823670425875614,-0.18458565454822048,-0.1941492827322257,0.9948142288466966,False,False,static
140,HPC,1646.671142578125,3.4583333333333335,2.7125,-21.56626506024097,-0.3504537930686518,-0.12086428089128971,0.8249409972036854,-0.8937392470353297,-1.572126490932511,0.9813652590958438,False,False,static
201,HPC,2508.2275390625,2.2083333333333335,2.466666666666667,11.698113207547166,0.15960481617838823,0.05525846702317289,0.3271551530493566,0.19037360651065108,0.41761598522052007,0.8115399424084793,False,False,static
91,HPC,1268.5537109375,2.2333333333333334,2.1416666666666666,-4.104477611940304,-0.06046464126389442,-0.02095238095238098,1.0,-0.3246455436691016,-0.4408766257036875,1.0,False,False,static
96,HPC,1344.404052734375,2.45,2.025,-17.346938775510214,-0.27485984123058366,-0.09497206703910621,0.18822808322851348,-0.7562280083836662,-1.2772339154802252,0.6456845775563504,False,False,static
104,HPC,1370.7872314453125,1.725,1.8166666666666667,5.314009661835743,0.07469736727760114,0.02588235294117644,0.5750355373791256,-0.017689464939456966,0.08639138758244093,0.8770613558882688,False,False,static
197,HPC,2423.4501953125,1.725,1.9125,10.869565217391305,0.14886338591448275,0.05154639175257732,0.2870262048995673,0.1633705608298762,0.3757135848624922,0.8115399424084793,False,False,static
82,HPC,1147.5198974609375,1.9833333333333334,1.675,-15.54621848739496,-0.2437660721290149,-0.08428246013667427,0.44302853510361007,-0.6975410852651546,-1.1559368880338738,0.8115399424084793,False,False,static
84,HPC,1173.6036376953125,1.525,1.4958333333333333,-1.9125683060109222,-0.02785980446099098,-0.00965517241379307,0.7678342412611227,-0.25320945569429093,-0.31368491177390045,0.9773274141668696,False,False,static
116,HPC,1466.636474609375,1.4166666666666667,1.4583333333333333,2.941176470588225,0.0418201756946269,0.014492753623188354,0.9353236370952389,-0.09502200791510573,-0.04186278439562843,0.9942636519622048,False,False,static
177,HPC,2073.6142578125,1.4416666666666667,1.3666666666666667,-5.20231213872832,-0.07707622301864081,-0.026706231454005917,0.847868970518654,-0.3604248542570279,-0.5056785312382316,0.9862445790698162,False,False,static
167,HPC,2027.8082275390625,1.2833333333333334,1.2708333333333333,-0.9740259740259878,-0.014121108244652866,-0.004893964110929923,0.7817794373424215,-0.22262160590762659,-0.2600901543616776,0.9773274141668696,False,False,static
78,HPC,1107.63916015625,1.15,1.2458333333333333,8.333333333333343,0.11547721741993618,0.04000000000000005,0.4116791595168673,0.08071272297865928,0.24547389011904552,0.8115399424084793,False,False,static
100,HPC,1348.2078857421875,0.9583333333333334,0.7416666666666667,-22.608695652173914,-0.36975661997797754,-0.12745098039215685,0.24027348210781907,-0.9277128988061911,-1.6474269640840442,0.7688751427450211,False,False,static
178,HPC,2103.47509765625,0.15833333333333333,0.20416666666666666,28.947368421052637,0.36678233067162275,0.12643678160919541,0.38410527264959515,0.7525407133332894,1.225817029605482,0.8115399424084793,False,False,static
200,HPC,2553.99560546875,0.06666666666666667,0.13333333333333333,100.0,1.0,0.3333333333333333,0.1471222885937569,3.068203148172653,3.6960039267019713,0.6000625934752972,True,False,static
