unit,region,depth_um,fr_hz,condition,n_cycle_spikes,mod_depth,mod_depth_norm,fr_peak,fr_trough,vs,ppc,rayleigh_p,pref_phase_deg,reliable,rayleigh_p_fdr
39,CTX,654.4733276367188,26.821999908321143,flicker_40Hz,6801,1.1578249336870026,0.07314074984634293,30.3125,26.180555555555557,0.01831372945663608,0.00018838318553536165,0.10217898734079099,16.666329513184717,True,0.5395454610063842
37,CTX,626.8199462890625,25.036556812221708,flicker_40Hz,5885,1.350498338870432,0.1491166077738516,28.229166666666668,20.90277777777778,0.007970723927556251,-0.00010640917590346109,0.6880714582891029,354.00987689302144,True,0.9003596476244511
33,CTX,553.48486328125,22.320214623473934,flicker_40Hz,5351,1.1982905982905983,0.09020217729393469,24.34027777777778,20.3125,0.012017349931413264,-4.2472194700844954e-05,0.4617510198231771,1.4707761380263473,True,0.7859591826777483
36,CTX,626.8485717773438,21.47200057560396,flicker_40Hz,4957,1.4503968253968254,0.1838056680161943,25.381944444444443,17.5,0.022543642063596506,0.00030654271754754876,0.08051661744656989,231.77055654724566,True,0.46009495683754226
19,CTX,464.17071533203125,20.402238082394817,flicker_40Hz,5104,1.3320463320463318,0.1423841059602648,23.95833333333333,17.98611111111111,0.05286301868663259,0.002599083204538764,6.33693738368202e-07,22.86738045238425,True,0.00010139099813891232
34,CTX,612.848876953125,18.62272931965268,flicker_40Hz,4949,1.2729007633587788,0.12006717044500423,23.15972222222222,18.194444444444443,0.02592752778384407,0.0004702706979312749,0.03589624936627682,46.955554783062226,True,0.2958024921501232
3,CTX,79.40536499023438,15.250445483811427,flicker_40Hz,3814,1.1404761904761904,0.0656284760845383,16.631944444444443,14.583333333333334,0.0009458416585346879,-0.00026136583605725755,0.9965941923381803,333.37791902338284,True,0.9965941923381803
14,CTX,424.4336242675781,14.317172657820166,flicker_40Hz,3533,1.2233502538071066,0.1004566210045662,16.73611111111111,13.680555555555555,0.01930112424497137,8.951316308729609e-05,0.2681800217813476,333.1019657182315,True,0.7398069566382002
48,CTX,727.296875,13.284203031426276,flicker_40Hz,3724,1.1300236406619384,0.06104328523862373,16.59722222222222,14.6875,0.009720309836598858,-0.00017409078902988302,0.7034059747066024,178.675201772811,True,0.9003596476244511
52,CTX,765.3553466796875,12.685230984562873,flicker_40Hz,3130,1.1958456973293767,0.0891891891891891,13.993055555555554,11.70138888888889,0.031983857672530744,0.0007037031590157502,0.040672842670641945,55.10855547097844,True,0.2958024921501232
53,CTX,810.2553100585938,12.138085449019883,flicker_40Hz,2968,1.206896551724138,0.09374999999999999,13.368055555555555,11.07638888888889,0.007006098606633721,-0.0002879388204611807,0.8644491739449549,310.4836366338841,True,0.9667465768064952
24,CTX,505.1506652832031,10.605444953941397,flicker_40Hz,2902,1.3178807947019866,0.1371428571428571,13.819444444444443,10.48611111111111,0.043813406459089065,0.0015755675723075511,0.00380120757306857,333.1703236446709,True,0.0868847445272816
69,CTX,933.3778076171875,10.307937041628794,flicker_40Hz,2764,1.2405498281786942,0.10736196319018405,12.534722222222221,10.104166666666666,0.020799888712659188,7.086650884860492e-05,0.30248693879588207,253.6345251689374,True,0.7445832339590943
31,CTX,584.6793823242188,10.041683284997967,flicker_40Hz,2738,1.2702702702702702,0.119047619047619,13.055555555555555,10.277777777777779,0.025113648382786725,0.000265562231453433,0.1778524949680664,314.23098705363753,True,0.6054553020189495
61,CTX,847.1752319335938,7.789801587014813,flicker_40Hz,1476,1.2088607594936709,0.09455587392550142,6.631944444444444,5.486111111111111,0.005986859338226754,-0.000642099316969551,0.9484880714882306,61.60678682099346,True,0.9792478282420495
1,CTX,72.90603637695312,7.531064652636566,flicker_40Hz,1973,1.2428571428571429,0.10828025477707011,9.0625,7.291666666666666,0.017445550626351947,-0.000202597820525614,0.5486082713074895,301.70531543764645,True,0.8359745086590316
43,CTX,749.934326171875,7.295273807239876,flicker_40Hz,1894,1.2476190476190474,0.11016949152542366,9.097222222222221,7.291666666666667,0.03395993038154564,0.0006256240859259345,0.11254979305191806,336.22612339973364,True,0.5395454610063842
63,CTX,891.9421997070312,7.175400273422431,flicker_40Hz,1525,1.4391891891891893,0.18005540166204986,7.395833333333334,5.138888888888889,0.023451730361012224,-0.00010582344041235278,0.4323302934496232,3.6547710795081803,True,0.7859591826777483
28,CTX,512.4619750976562,7.116848184297078,flicker_40Hz,1811,1.2760416666666663,0.12128146453089232,8.506944444444443,6.666666666666667,0.03504618643479425,0.0006764275787514299,0.10813197311896514,22.640533773425016,True,0.5395454610063842
47,CTX,742.1814575195312,6.9206195612823835,flicker_40Hz,1913,1.293269230769231,0.12788259958071288,9.340277777777779,7.222222222222221,0.04365355266974057,0.0013836167781901745,0.02608852438042612,359.9269430254462,True,0.2767173013919631
42,CTX,702.7573852539062,6.617177315612482,flicker_40Hz,1425,1.4539007092198581,0.18497109826589594,7.118055555555555,4.895833333333333,0.0514049759612573,0.001942080030792032,0.023128505165594258,321.76443881218506,True,0.2643257733210772
21,CTX,488.3040771484375,6.508776826285816,flicker_40Hz,1641,1.4629629629629632,0.18796992481203015,8.229166666666668,5.625,0.02788739214563045,0.00016842475448946613,0.279130500516548,29.388747996653365,True,0.7407560793415142
70,CTX,967.37646484375,6.150343091504941,flicker_40Hz,1396,1.4926470588235292,0.19764011799410028,7.048611111111111,4.722222222222222,0.05730325011897047,0.0025691704759709076,0.010192360791395941,326.20604178701376,True,0.1904212882599528
5,CTX,125.89278411865234,5.509039466692802,flicker_40Hz,1271,1.34375,0.14666666666666664,5.972222222222222,4.444444444444445,0.028519256764344497,2.658686308855471e-05,0.35573512987370937,255.21093820900452,True,0.7489160628920196
2,CTX,81.89913940429688,4.824613019484289,flicker_40Hz,1109,1.415929203539823,0.17216117216117213,5.555555555555555,3.923611111111111,0.021222775361227523,-0.00045171437799391994,0.606936231436209,291.47608027834366,True,0.8795603382774275
76,CTX,1066.022705078125,4.6683422410754085,flicker_40Hz,1143,1.3859649122807018,0.16176470588235298,5.486111111111112,3.9583333333333335,0.029637205644509387,3.4763611806263682e-06,0.36650200577523745,243.9950572301506,True,0.7550159097522346
41,CTX,707.9666137695312,4.056314660825946,flicker_40Hz,879,1.6124999999999998,0.23444976076555019,4.479166666666666,2.7777777777777777,0.09344434170870085,0.007602837987118888,0.00045841853461393866,332.01902553760266,True,0.016324414466616387
18,CTX,463.1156005859375,3.9332761492179418,flicker_40Hz,773,1.5526315789473681,0.2164948453608247,4.097222222222222,2.6388888888888893,0.025896105542346413,-0.0006238598417263647,0.5956322199928992,265.58538397612926,True,0.874322524760219
73,CTX,983.28515625,3.9127037935793045,flicker_40Hz,891,1.3695652173913044,0.15596330275229361,4.375,3.194444444444444,0.01850303337081646,-0.0007808485850178664,0.7371972793405582,340.31361198315307,True,0.9082033153843198
38,CTX,649.0108642578125,3.854151704453952,flicker_40Hz,865,1.5844155844155845,0.2261306532663317,4.236111111111112,2.673611111111111,0.06097608035973304,0.0025649783047125892,0.04006415903743483,307.7594976108401,True,0.2958024921501232
6,CTX,125.71984100341797,3.673747970392055,flicker_40Hz,927,1.373626373626374,0.15740740740740755,4.340277777777779,3.159722222222222,0.033654782407024644,5.3953930029255685e-05,0.35004543522691445,348.52130008432374,True,0.7489160628920196
40,CTX,700.1046752929688,3.5578306588128092,flicker_40Hz,790,1.6764705882352944,0.2527472527472528,3.958333333333333,2.3611111111111107,0.09071284135870068,0.0069718218935631805,0.0014883921283981793,9.039899850241621,True,0.03969045675728478
10,CTX,305.61083984375,3.4233191027140264,flicker_40Hz,824,1.7123287671232876,0.2626262626262626,4.340277777777778,2.5347222222222223,0.05900869408443804,0.0022711900431371247,0.05670193738065814,204.68454236532668,True,0.3628923992362121
74,CTX,1005.5782470703125,3.369514480274513,flicker_40Hz,782,1.467532467532468,0.18947368421052646,3.9236111111111116,2.6736111111111107,0.05008147694733078,0.001230956067327466,0.1406680449582809,339.94794658731035,True,0.5958270516951036
12,CTX,388.285888671875,3.331139124563978,flicker_40Hz,702,1.5970149253731343,0.2298850574712644,3.7152777777777777,2.326388888888889,0.07875628729255267,0.0047848674140530375,0.012805874037011705,6.425663087858065,True,0.1904212882599528
0,CTX,73.41268920898438,3.241728501980669,flicker_40Hz,812,1.4050632911392404,0.16842105263157897,3.8541666666666665,2.7430555555555554,0.04173278345971684,0.0005107270959556594,0.24318214497813723,351.9609490324983,True,0.7341347772924898
71,CTX,967.621337890625,3.0834796124526895,flicker_40Hz,736,1.3599999999999999,0.15254237288135586,3.5416666666666665,2.604166666666667,0.04279053118982308,0.0004729765384997489,0.2599310015998696,5.6223426732619215,True,0.7398069566382002
60,CTX,855.4642944335938,2.9335387896249285,flicker_40Hz,787,1.4594594594594594,0.1868131868131868,3.75,2.5694444444444446,0.04752795137957392,0.0009895154577110753,0.1690376880999366,352.46995318912536,True,0.6054553020189495
46,CTX,730.2316284179688,2.675593099694321,flicker_40Hz,1093,1.7676767676767677,0.2773722627737227,6.076388888888888,3.4374999999999996,0.11012900093697935,0.011223752522145856,1.6902048946923206e-06,358.7482872926316,True,0.00013521639157538566
13,CTX,385.3935546875,2.588556210453932,flicker_40Hz,633,1.4920634920634919,0.19745222929936299,3.2638888888888884,2.1875,0.021935534541024714,-0.0011003494641533083,0.737583995382329,299.5728857547437,True,0.9082033153843198
44,CTX,743.8521728515625,2.5394990547002583,flicker_40Hz,561,1.4655172413793105,0.18881118881118886,2.9513888888888893,2.013888888888889,0.05772341495021506,0.0015522283346459873,0.15425643999810573,16.35579590319818,True,0.5958270516951036
4,CTX,130.6201171875,2.44929718766931,flicker_40Hz,607,1.8039215686274512,0.2867132867132868,3.1944444444444446,1.7708333333333333,0.057779652375687086,0.0016938322686365216,0.13179804902710987,32.1162141321021,True,0.5903036006369856
11,CTX,331.4168395996094,2.361073431757461,flicker_40Hz,535,1.4814814814814814,0.19402985074626863,2.7777777777777777,1.875,0.031774119594334675,-0.0008611738733008065,0.5828853066554587,132.8493124297196,True,0.8716041968679755
8,CTX,218.69528198242188,2.2700803202788724,flicker_40Hz,710,1.5806451612903225,0.225,3.4027777777777777,2.1527777777777777,0.04988425495134878,0.0010815114433798693,0.17090516725449187,301.0725403370702,True,0.6054553020189495
54,CTX,809.6605224609375,2.1735484976668045,flicker_40Hz,486,1.9743589743589742,0.3275862068965517,2.673611111111111,1.3541666666666667,0.05068676602840694,0.0005125897932028359,0.28704298074483675,315.71234363988583,True,0.7407560793415142
75,CTX,1006.634033203125,2.170383519876245,flicker_40Hz,548,1.673469387755102,0.25190839694656486,2.847222222222222,1.7013888888888888,0.04399998022175786,0.00011138399673540321,0.346292145116548,328.32870896327535,True,0.7489160628920196
9,CTX,250.51275634765625,2.1213263641225715,flicker_40Hz,530,1.4423076923076923,0.18110236220472437,2.6041666666666665,1.8055555555555556,0.003457770431541515,-0.0018783803904171292,0.9936891775150094,243.09448027771228,True,0.9965941923381803
51,CTX,770.325439453125,1.7019668068734244,flicker_40Hz,360,1.6000000000000003,0.23076923076923087,1.9444444444444446,1.2152777777777777,0.045983748807998825,-0.0006651201793945181,0.46740123140203454,307.8700391881033,True,0.7872020739402686
59,CTX,851.4287719726562,1.57892829526542,flicker_40Hz,328,2.0,0.3333333333333333,1.7361111111111112,0.8680555555555556,0.015451507023786368,-0.0028186247867510485,0.9247839325116292,329.5211455566462,True,0.9734567710648728
7,CTX,186.6515655517578,1.428591850213839,flicker_40Hz,367,1.757575757575758,0.27472527472527486,2.0138888888888893,1.1458333333333333,0.09797752552147576,0.006893583473178407,0.02940121327289608,224.4199745673043,True,0.2767173013919631
16,CTX,424.6138000488281,1.240275671675543,flicker_40Hz,279,1.9130434782608696,0.3134328358208955,1.527777777777778,0.7986111111111112,0.05899513243940548,-0.00010417713388311178,0.37902864427712735,277.622688370404,True,0.7550159097522346
68,CTX,932.6470336914062,1.1904272714742292,flicker_40Hz,294,2.1739130434782608,0.3698630136986301,1.7361111111111112,0.7986111111111112,0.024796092516682595,-0.0027960246279720496,0.8348647563702196,16.7042468803333,True,0.9620650954855664
17,CTX,462.4216613769531,1.0749055821188038,flicker_40Hz,222,1.8333333333333335,0.2941176470588236,1.1458333333333335,0.625,0.08490563262708711,0.002716699331678305,0.20196327906236575,275.7526086378666,True,0.6594719316322146
26,CTX,548.7279663085938,0.7591990475104838,flicker_40Hz,151,2.8888888888888884,0.48571428571428565,0.9027777777777777,0.3125,0.16912371480698185,0.02212684978284742,0.013091463567871756,323.14368354909334,False,0.1904212882599528
29,CTX,588.9581298828125,0.6401167581406789,flicker_40Hz,146,2.4000000000000004,0.411764705882353,0.8333333333333334,0.3472222222222222,0.07932967451923295,-0.0005599531044013398,0.39967393086355857,267.63605583575014,False,0.7550159097522346
22,CTX,503.4034729003906,0.5598054467052291,flicker_40Hz,137,2.5,0.42857142857142866,0.8680555555555556,0.3472222222222222,0.08906687830741013,0.0006382978468051444,0.3379028425207352,255.60317598787503,False,0.7489160628920196
62,CTX,877.8511352539062,0.22748277869647118,flicker_40Hz,20,inf,1.0,0.20833333333333334,0.0,0.15863101548092862,-0.026143369397357247,0.6101949846799654,10.545484311383287,False,0.8795603382774275
206,HPC,2538.06640625,37.26286601715344,flicker_40Hz,8007,1.1414473684210527,0.06605222734254988,36.14583333333333,31.666666666666664,0.012278677802122153,2.5878439925880184e-05,0.29904748448754304,301.15611450670923,True,0.7445832339590943
205,HPC,2536.6416015625,37.20945701693775,flicker_40Hz,8226,1.115138592750533,0.05443548387096774,36.31944444444444,32.56944444444444,0.002372216416037505,-0.00011595245220426946,0.9547666325359981,282.8345407284036,True,0.9792478282420495
196,HPC,2384.36865234375,30.691976501727893,flicker_40Hz,8097,2.1112637362637363,0.3571743929359823,53.36805555555556,25.27777777777778,0.03059559271958693,0.0008126881311026953,0.0005101379520817621,240.05696878979845,True,0.016324414466616387
179,HPC,2093.244873046875,28.42189618144902,flicker_40Hz,6604,1.2296918767507006,0.10301507537688452,30.486111111111114,24.791666666666664,0.01810958267232832,0.00017656034015949793,0.11465341046385664,333.46811780603866,True,0.5395454610063842
115,HPC,1410.151611328125,27.26034933231365,flicker_40Hz,7629,1.1364705882352941,0.06387665198237881,33.541666666666664,29.51388888888889,0.005105807738894811,-0.00010502327200141949,0.8196558324664218,258.13467950617337,True,0.9572622860921716
93,HPC,1309.1307373046875,26.173970705704065,flicker_40Hz,6332,1.1276297335203367,0.05998681608437705,27.916666666666664,24.756944444444443,0.010127183589311068,-5.53768829468325e-05,0.5223725094756604,325.7711244266865,True,0.8195465010285424
195,HPC,2384.6845703125,23.959277496759984,flicker_40Hz,6223,2.3250950570342206,0.39851343624928526,42.46527777777778,18.26388888888889,0.03514409979877407,0.0010745862315004358,0.00045837074921758645,168.4761303246781,True,0.016324414466616387
107,HPC,1366.1378173828125,23.43151745018417,flicker_40Hz,6148,1.165446559297218,0.07640297498309662,27.638888888888886,23.71527777777778,0.0029202493938021924,-0.00015415173875105436,0.9489253833550392,183.95716994125033,True,0.9792478282420495
160,HPC,1973.4671630859375,19.27313225561268,flicker_40Hz,4441,1.1143984220907297,0.05410447761194021,19.618055555555554,17.604166666666668,0.008569085320508242,-0.00015177946388173524,0.7217557783908709,20.142490555071554,True,0.9082033153843198
162,HPC,1953.154052734375,18.08270498413845,flicker_40Hz,4292,1.2163865546218489,0.09763033175355451,20.104166666666668,16.52777777777778,0.016503027447284466,3.9367474915320114e-05,0.3107180877962718,68.88493359393152,True,0.7489160628920196
130,HPC,1537.6485595703125,16.922345001674536,flicker_40Hz,3981,1.1613636363636362,0.07465825446897995,17.743055555555554,15.277777777777779,0.010721462343764686,-0.00013627764477033413,0.6328191171073237,347.2072285810182,True,0.8960270684705469
157,HPC,1935.87744140625,14.61151559234221,flicker_40Hz,3407,1.3225806451612903,0.1388888888888889,15.659722222222221,11.840277777777777,0.029140728175615388,0.0005558318278119763,0.05539018468016286,44.30288561074961,True,0.3628923992362121
99,HPC,1343.5479736328125,13.857855255965205,flicker_40Hz,3447,1.188976377952756,0.08633093525179857,15.729166666666666,13.229166666666666,0.010876951977971174,-0.00017184911007275952,0.6651379086240182,340.58484925552347,True,0.9003596476244511
183,HPC,2115.36962890625,12.54043325064477,flicker_40Hz,2916,1.2018633540372672,0.09167842031029629,13.4375,11.180555555555554,0.02522418037522192,0.0002934243731233778,0.1564046010699647,315.17444475950134,True,0.5958270516951036
154,HPC,1891.9034423828125,12.459330694761682,flicker_40Hz,3034,1.2011834319526626,0.09139784946236558,14.097222222222221,11.73611111111111,0.019267864772186255,4.1666455481590145e-05,0.32423287405746737,348.4052419222819,True,0.7489160628920196
126,HPC,1491.674072265625,11.910602670323412,flicker_40Hz,2850,1.2307692307692308,0.10344827586206896,13.333333333333334,10.833333333333334,0.0229002743904376,0.000173606288662126,0.22435222020930565,52.63622378595234,True,0.7172016592459072
172,HPC,2055.85498046875,11.730594558485334,flicker_40Hz,2768,1.20265780730897,0.0920060331825037,12.569444444444443,10.45138888888889,0.015661971347548598,-0.00011601624319180081,0.5071735383216925,30.75953994418751,True,0.811477661314708
169,HPC,1997.716796875,10.65727146526181,flicker_40Hz,2428,1.206896551724138,0.09375,10.9375,9.0625,0.011626328447977455,-0.0002768041063034006,0.7202622142868383,287.4177592355931,True,0.9082033153843198
168,HPC,1994.9326171875,10.583290109407478,flicker_40Hz,2553,1.1443661971830985,0.06732348111658455,11.284722222222221,9.86111111111111,0.0023424817404307874,-0.0003863601589114598,0.9860914791989999,276.5565360598812,True,0.9965941923381803
114,HPC,1418.731201171875,10.58289448718366,flicker_40Hz,2610,1.1923076923076925,0.08771929824561407,11.840277777777779,9.930555555555555,0.01721693016634196,-8.675231653486552e-05,0.46136198296832676,337.92223089213843,True,0.7859591826777483
113,HPC,1419.045654296875,10.331278752834171,flicker_40Hz,2614,1.3307692307692307,0.14191419141914188,12.01388888888889,9.027777777777779,0.03429997047431756,0.0007942363434539203,0.046159339210867,0.14860926593854842,True,0.32110844668429217
92,HPC,1271.423828125,9.851388995340573,flicker_40Hz,2438,1.1586715867158672,0.07350427350427349,10.902777777777779,9.409722222222223,0.01730906059291124,-0.00011061406456753407,0.48174592125464505,43.483005237951794,True,0.7899714129680911
155,HPC,1893.3917236328125,9.824486684120815,flicker_40Hz,2160,1.3043478260869568,0.1320754716981133,10.416666666666668,7.986111111111111,0.0229314978153092,6.291975860844184e-05,0.3211875205178284,344.08265171921494,True,0.7489160628920196
153,HPC,1856.607421875,9.578805283128627,flicker_40Hz,2184,1.2125000000000001,0.09604519774011303,10.104166666666668,8.333333333333334,0.030403037758715758,0.0004666829297425766,0.13281831014332177,328.58790672809204,True,0.5903036006369856
185,HPC,2179.346923828125,8.918511791573131,flicker_40Hz,2184,1.2094017094017095,0.09477756286266927,9.82638888888889,8.125,0.02045333997160494,-3.955445289463565e-05,0.4011022020558746,327.2881470460964,True,0.7550159097522346
184,HPC,2179.62841796875,8.91257745821583,flicker_40Hz,2106,1.2669683257918551,0.11776447105788422,9.722222222222221,7.673611111111111,0.017526189855948768,-0.0001677461288335393,0.5237239742980403,103.25626590812162,True,0.8195465010285424
88,HPC,1212.61376953125,8.199666210892282,flicker_40Hz,2010,1.190909090909091,0.0871369294605809,9.097222222222221,7.638888888888888,0.014783839687142851,-0.0002790893723498101,0.6445362674476622,52.86020130196828,True,0.89674611123153
192,HPC,2349.681640625,8.056450965869459,flicker_40Hz,2022,1.2570093457943927,0.11387163561076609,9.340277777777779,7.430555555555555,0.022724710755080643,2.186344994557221e-05,0.35202163844142886,343.4947711691759,True,0.7489160628920196
118,HPC,1436.7525634765625,8.014515010144544,flicker_40Hz,2068,1.2666666666666666,0.11764705882352935,9.895833333333332,7.8125,0.03513338294613649,0.0007511588326521825,0.07786210424092739,3.31042267619132,True,0.46009495683754226
132,HPC,1567.6287841796875,7.793362187029193,flicker_40Hz,1874,1.277777777777778,0.12195121951219517,8.784722222222223,6.875,0.013908721135251535,-0.00034034702121703514,0.6959685200011118,133.0522234647707,True,0.9003596476244511
129,HPC,1544.405517578125,7.7035559422220645,flicker_40Hz,2014,1.2454545454545454,0.10931174089068825,9.51388888888889,7.638888888888889,0.019791390391960855,-0.00010487727016142134,0.4544063383130864,318.33142037257056,True,0.7859591826777483
204,HPC,2524.290771484375,7.50297547474535,flicker_40Hz,1619,1.3023255813953487,0.1313131313131313,7.777777777777778,5.972222222222222,0.023304626753761805,-7.460567864897927e-05,0.4151415006791892,240.9922069026554,True,0.7723562803333752
122,HPC,1446.6519775390625,7.386266918718464,flicker_40Hz,1895,1.2574257425742574,0.1140350877192983,8.819444444444445,7.013888888888888,0.008662972852784551,-0.0004528963822924416,0.8674656153180094,189.6121405376453,True,0.9667465768064952
148,HPC,1756.7283935546875,7.349474051903209,flicker_40Hz,1701,1.2222222222222223,0.10000000000000002,7.638888888888889,6.25,0.007535256398925291,-0.000531421805067751,0.9079591235503062,61.26214604884428,True,0.9667465768064952
145,HPC,1745.724365234375,7.191620784599049,flicker_40Hz,1709,1.2802197802197803,0.12289156626506027,8.090277777777779,6.319444444444445,0.007326637667116621,-0.0005317690458229464,0.9123670818611298,188.51111643784878,True,0.9667465768064952
150,HPC,1812.88720703125,7.116848184297078,flicker_40Hz,1652,1.2897727272727273,0.12655086848635236,7.881944444444444,6.111111111111111,0.028290276783720543,0.00019513100202616773,0.2665947281528423,19.778339136254566,True,0.7398069566382002
190,HPC,2294.13427734375,6.9265538946396825,flicker_40Hz,1674,1.4691358024691359,0.19000000000000003,8.26388888888889,5.625,0.028828085070819406,0.00023382660510195505,0.24881007942632252,342.4772664757617,True,0.7372150501520667
203,HPC,2514.4150390625,6.854155027680632,flicker_40Hz,1310,1.5634920634920635,0.2198142414860681,6.840277777777778,4.375,0.05542168565149121,0.00230996779602219,0.01785800059810336,256.2415752857718,True,0.21979077659204135
164,HPC,2031.1707763671875,6.851781294337712,flicker_40Hz,1507,1.2784810126582278,0.12222222222222222,7.013888888888888,5.486111111111111,0.025007985071092483,-3.8196035062955684e-05,0.3897259688591775,291.21751136724896,True,0.7550159097522346
124,HPC,1490.3388671875,6.540822226415232,flicker_40Hz,1613,1.2774566473988438,0.12182741116751265,7.673611111111111,6.006944444444445,0.024440891504816636,-2.261964802202125e-05,0.38159999805406786,73.1487875416594,True,0.7550159097522346
120,HPC,1439.46923828125,6.3972113591685895,flicker_40Hz,1529,1.18562874251497,0.08493150684931511,6.875,5.798611111111111,0.013598322763386999,-0.00046941486253716374,0.7537800066849238,354.0722986938048,True,0.9136727353756652
123,HPC,1458.62841796875,6.303844514347081,flicker_40Hz,1576,1.255952380952381,0.11345646437994722,7.326388888888888,5.833333333333333,0.014963013180715821,-0.0004108867179737587,0.7027449589926947,81.1533225145585,True,0.9003596476244511
102,HPC,1346.02197265625,6.199400247258614,flicker_40Hz,1516,1.2578616352201257,0.11420612813370469,6.944444444444445,5.520833333333334,0.009298783295760593,-0.0005735415616470108,0.8771790499162307,252.6805138972215,True,0.9667465768064952
194,HPC,2334.79296875,6.192279047229856,flicker_40Hz,1463,1.4054054054054055,0.16853932584269668,7.222222222222222,5.138888888888888,0.025314053988518367,-4.275489410732554e-05,0.39167528605049595,304.9506715234129,True,0.7550159097522346
188,HPC,2233.57275390625,6.1859490916487365,flicker_40Hz,1403,1.3424657534246573,0.1461988304093567,6.805555555555555,5.069444444444445,0.01773520779423942,-0.0003985048170518505,0.6432809569308139,107.68573064830281,True,0.89674611123153
141,HPC,1694.698974609375,6.066075557831292,flicker_40Hz,1421,1.4285714285714288,0.1764705882352942,7.291666666666667,5.104166666666666,0.04805691229908814,0.0016068678526938846,0.03753456689629262,291.6966633379444,True,0.2958024921501232
159,HPC,1928.7998046875,6.060141224473992,flicker_40Hz,1374,1.3812949640287768,0.16012084592145007,6.666666666666666,4.826388888888889,0.04969105183445933,0.0017426669110984015,0.03358948790674681,239.7438203260102,True,0.2958024921501232
173,HPC,2037.5264892578125,5.936707090642168,flicker_40Hz,1445,1.4375,0.1794871794871795,7.1875,5.0,0.031958886417321426,0.0003295569656481572,0.2286080288846329,358.76388307496046,True,0.7172016592459072
134,HPC,1609.666259765625,5.927607779494309,flicker_40Hz,1450,1.346938775510204,0.1478260869565217,6.875,5.104166666666667,0.029116345124949886,0.00015821549515599015,0.29255842536531196,20.867354874279265,True,0.7430055247373002
121,HPC,1463.572265625,5.902287957169833,flicker_40Hz,1437,1.3311258278145697,0.14204545454545459,6.979166666666667,5.243055555555555,0.03368843029013658,0.00043932183286145114,0.1957804510007841,315.0011045995011,True,0.652601503335947
202,HPC,2495.99462890625,5.84136213470156,flicker_40Hz,1592,1.2294117647058822,0.10290237467018466,7.256944444444444,5.902777777777778,0.008847790276868987,-0.0005502029155806008,0.8828583866480026,161.8667825262041,True,0.9667465768064952
163,HPC,1993.0799560546875,5.831075956882241,flicker_40Hz,1317,1.4609375,0.18730158730158727,6.493055555555555,4.444444444444445,0.04483583237071495,0.001251900991931366,0.07080488245417853,45.69489573655304,True,0.43572235356417555
151,HPC,1814.18701171875,5.795074334514626,flicker_40Hz,1300,1.282608695652174,0.12380952380952384,6.145833333333334,4.791666666666667,0.0037087637913484936,-0.0007560574230038314,0.9822842088535524,178.66387705218492,True,0.9965941923381803
182,HPC,2136.575927734375,5.68430011184504,flicker_40Hz,1416,1.2142857142857142,0.09677419354838707,6.493055555555555,5.347222222222222,0.012164373047696773,-0.0005586372354436461,0.8110203802341306,116.44297572700752,True,0.9541416238048596
193,HPC,2349.2587890625,5.6645190006540425,flicker_40Hz,1260,1.3333333333333333,0.14285714285714288,6.111111111111111,4.583333333333333,0.025774255544510443,-0.00012944127594845408,0.4330767552447259,273.9226806350408,True,0.7859591826777483
191,HPC,2294.20751953125,5.542667355717498,flicker_40Hz,1394,1.443609022556391,0.1815384615384615,6.666666666666666,4.618055555555555,0.02297688315626837,-0.00018955893722177183,0.47913274967349995,97.00190662585696,True,0.7899714129680911
133,HPC,1582.4456787109375,5.329031354854725,flicker_40Hz,1299,1.3787878787878787,0.15923566878980888,6.319444444444445,4.583333333333334,0.029705084718267077,0.00011265584244771352,0.3178934763548405,286.0567408298264,True,0.7489160628920196
152,HPC,1855.1988525390625,5.168408731983825,flicker_40Hz,1200,1.264,0.11660777385159007,5.486111111111111,4.340277777777778,0.025919019912427926,-0.00016167246716847165,0.4466615084287645,5.827523026986451,True,0.7859591826777483
187,HPC,2219.548583984375,4.806810019412391,flicker_40Hz,1162,1.3846153846153846,0.16129032258064516,5.625,4.0625,0.03391887949779852,0.00029015489145627673,0.26271668517821345,15.4388615405235,True,0.7398069566382002
181,HPC,2092.29345703125,4.804040663845652,flicker_40Hz,1166,1.358974358974359,0.15217391304347833,5.520833333333334,4.0625,0.009394688329162602,-0.0007700331701087955,0.9022446964818457,350.4746563383138,True,0.9667465768064952
112,HPC,1395.1429443359375,4.780698952640274,flicker_40Hz,1293,1.3455882352941175,0.1473354231974921,6.354166666666666,4.722222222222222,0.03129261898300372,0.00020599211117675736,0.2819678742783166,222.84625219870188,True,0.7407560793415142
149,HPC,1772.805419921875,4.721355619067282,flicker_40Hz,1080,1.3611111111111114,0.15294117647058833,5.104166666666667,3.7499999999999996,0.044811653602180784,0.0010831612997653282,0.11431290672293404,284.3784515025446,True,0.5395454610063842
189,HPC,2232.44677734375,4.65884730770373,flicker_40Hz,1101,1.3613445378151259,0.15302491103202845,5.625,4.131944444444445,0.029944525879202592,-1.1601120206011592e-05,0.37268871955618704,321.4083486933854,True,0.7550159097522346
180,HPC,2091.478271484375,4.554007418391443,flicker_40Hz,1095,1.254237288135593,0.11278195488721798,5.138888888888888,4.097222222222222,0.01614100338942356,-0.0006533066457888169,0.7518857601567105,301.93794714703813,True,0.9136727353756652
139,HPC,1667.00732421875,4.516818929352368,flicker_40Hz,1050,1.4666666666666668,0.18918918918918923,5.347222222222222,3.645833333333333,0.042606799984078625,0.0008637811011701108,0.14866441751989778,20.402140194157067,True,0.5958270516951036
186,HPC,2220.048583984375,4.302391684041955,flicker_40Hz,978,1.326923076923077,0.1404958677685951,4.791666666666667,3.6111111111111107,0.016304596383309517,-0.0007574294920862518,0.771147364797388,282.6226404951758,True,0.9207729728924036
166,HPC,2027.255126953125,4.067392083092905,flicker_40Hz,980,1.4421052631578948,0.18103448275862072,4.756944444444445,3.298611111111111,0.01761428788632762,-0.0007108704034856186,0.7379151937497598,23.762067218235835,True,0.9082033153843198
135,HPC,1611.0538330078125,3.8767021712116887,flicker_40Hz,908,1.2659574468085106,0.11737089201877937,4.131944444444445,3.263888888888889,0.02135818573457451,-0.0006458607884583192,0.6609854349438001,305.7765099193592,True,0.9003596476244511
131,HPC,1566.087158203125,3.873537193421129,flicker_40Hz,1005,1.5049504950495047,0.20158102766798416,5.277777777777778,3.5069444444444446,0.01938774554968572,-0.0006197568716266382,0.6854966241362644,309.70699848731164,True,0.9003596476244511
80,HPC,1105.8084716796875,3.7702797930041223,flicker_40Hz,948,1.4301075268817203,0.17699115044247782,4.618055555555555,3.229166666666667,0.06783692308673309,0.003550741320922728,0.01271116054609198,337.4304096213662,True,0.1904212882599528
119,HPC,1459.12548828125,3.6448675480531985,flicker_40Hz,1079,1.2695652173913046,0.1187739463601533,5.069444444444445,3.9930555555555554,0.007575668440384826,-0.0008701997942933067,0.9399798623934944,16.236074303366006,True,0.9792478282420495
83,HPC,1176.2711181640625,3.6278557924289405,flicker_40Hz,908,1.3296703296703298,0.14150943396226418,4.201388888888889,3.1597222222222223,0.034819163857102396,0.00011117502525979421,0.33268366284782963,329.3030070483362,True,0.7489160628920196
147,HPC,1748.5361328125,3.5582262810366294,flicker_40Hz,838,1.4069767441860468,0.16908212560386485,4.201388888888889,2.9861111111111107,0.021322710760006528,-0.0007395419365569837,0.68330125220327,169.1821805121858,True,0.9003596476244511
106,HPC,1364.9876708984375,3.545961992098211,flicker_40Hz,921,1.3894736842105266,0.16299559471365652,4.583333333333334,3.2986111111111107,0.027579155281273943,-0.0003255199659213484,0.4964489738206934,243.3927484258632,True,0.8023417758718278
95,HPC,1286.162841796875,3.543983880979111,flicker_40Hz,856,1.3488372093023258,0.14851485148514856,4.027777777777778,2.9861111111111107,0.014479619218650208,-0.0009596860549171446,0.8357940517030857,15.798758788964559,True,0.9620650954855664
199,HPC,2478.93896484375,3.5036304141494763,flicker_40Hz,878,1.2967032967032968,0.1291866028708134,4.097222222222222,3.1597222222222223,0.011629716128385703,-0.0010048463386942296,0.8880864536991058,185.8373593949844,True,0.9667465768064952
125,HPC,1475.7177734375,3.31531423561118,flicker_40Hz,824,1.4880952380952381,0.19617224880382775,4.340277777777778,2.9166666666666665,0.04170649390230072,0.0005264783306258337,0.23858129583072155,201.37393567802522,True,0.7340962948637586
171,HPC,2033.68896484375,3.294346257748723,flicker_40Hz,730,1.7031249999999998,0.2601156069364161,3.784722222222222,2.2222222222222223,0.050455740490258194,0.0011775317919709254,0.1559327404253899,269.96607790334906,True,0.5958270516951036
146,HPC,1746.5018310546875,3.210474346298893,flicker_40Hz,766,1.4864864864864864,0.19565217391304346,3.8194444444444446,2.5694444444444446,0.018865882290811157,-0.0009508027709910741,0.7614869442102639,107.03548713251189,True,0.9160745193506934
94,HPC,1306.9345703125,3.0122676121650986,flicker_40Hz,789,1.4556962025316456,0.18556701030927836,3.9930555555555554,2.7430555555555554,0.02847462643372053,-0.00045720224292384573,0.5275830600371242,168.48955670789724,True,0.8195465010285424
161,HPC,1969.720458984375,2.792697277945026,flicker_40Hz,597,1.5614035087719298,0.21917808219178078,3.0902777777777777,1.9791666666666667,0.03488080134077261,-0.00045914065369439074,0.48385749044295584,35.00796843548663,True,0.7899714129680911
127,HPC,1473.04736328125,2.76223436671089,flicker_40Hz,710,1.6060606060606057,0.23255813953488363,3.6805555555555554,2.291666666666667,0.011675731791845652,-0.0012739222480376137,0.9078062495923277,4.062870532341803,True,0.9667465768064952
81,HPC,1149.5631103515625,2.717924677643056,flicker_40Hz,659,1.5873015873015874,0.22699386503067487,3.4722222222222223,2.1875,0.01408949255056928,-0.0013209413458675553,0.877456505650894,293.1073904794931,True,0.9667465768064952
176,HPC,2078.0791015625,2.6949785886614985,flicker_40Hz,691,1.426470588235294,0.17575757575757572,3.3680555555555554,2.361111111111111,0.05737740186538251,0.0018476621379300373,0.10278525938756185,78.94199190027831,True,0.5395454610063842
110,HPC,1414.1494140625,2.6475039218031045,flicker_40Hz,711,1.6461538461538459,0.2441860465116278,3.7152777777777772,2.2569444444444446,0.05210235844675013,0.0013100285102991467,0.14513763405311247,39.68423672785312,True,0.5958270516951036
198,HPC,2449.637939453125,2.3895582318724973,flicker_40Hz,565,1.5,0.2,2.8125,1.875,0.015359722885377004,-0.0015367102584746466,0.87530279604662,268.71633906570116,True,0.9667465768064952
111,HPC,1396.742431640625,2.2692890758312325,flicker_40Hz,448,1.5952380952380951,0.22935779816513754,2.326388888888889,1.4583333333333335,0.04965085426737443,0.00023358586936703365,0.33158839030777243,183.05468115967838,True,0.7489160628920196
144,HPC,1693.172119140625,2.234869942358897,flicker_40Hz,523,1.52,0.20634920634920634,2.638888888888889,1.7361111111111112,0.021969006371259352,-0.0014321469789045076,0.77708264834511,280.15364069132426,True,0.9209868424830934
140,HPC,1646.671142578125,2.181460942143204,flicker_40Hz,583,1.7826086956521738,0.28125,2.8472222222222223,1.5972222222222223,0.054494134756961944,0.0012565000884132093,0.17709243871748875,296.5893238945734,True,0.6054553020189495
201,HPC,2508.2275390625,2.116183275212912,flicker_40Hz,437,1.6428571428571428,0.24324324324324323,2.395833333333333,1.4583333333333333,0.04249295039037152,-0.00048378574777995995,0.45451565724463516,273.4339606143871,True,0.7859591826777483
91,HPC,1268.5537109375,2.0916546973360752,flicker_40Hz,538,1.4,0.16666666666666663,2.673611111111111,1.9097222222222223,0.03134380216208702,-0.0008779339730370291,0.5896723625254449,313.44324597723113,True,0.8735886852228814
96,HPC,1344.404052734375,2.0236076748390435,flicker_40Hz,534,1.6111111111111112,0.23404255319148937,3.0208333333333335,1.875,0.038149338708112726,-0.00041807003485064086,0.45991028290018393,292.9113678077997,True,0.7859591826777483
104,HPC,1370.7872314453125,1.6635914511628893,flicker_40Hz,464,1.9210526315789476,0.3153153153153153,2.5347222222222223,1.3194444444444444,0.0877877100840261,0.005563499929576275,0.027905118040134604,333.7765520703035,True,0.2767173013919631
197,HPC,2423.4501953125,1.6394584955098723,flicker_40Hz,326,1.5625,0.21951219512195122,1.7361111111111112,1.1111111111111112,0.035333551557466224,-0.0018246217962876786,0.665976317487491,334.6820679411899,True,0.9003596476244511
82,HPC,1147.5198974609375,1.555190961836223,flicker_40Hz,402,1.5789473684210529,0.2244897959183674,2.0833333333333335,1.3194444444444444,0.015586771150148046,-0.0022502122971954884,0.9070574805573475,241.30074270617249,True,0.9667465768064952
84,HPC,1173.6036376953125,1.4697365614911138,flicker_40Hz,340,2.681818181818182,0.45679012345679015,2.048611111111111,0.7638888888888888,0.11005626131779238,0.009198257884321739,0.016169102008446817,319.5470167345763,True,0.2155880267792909
116,HPC,1466.636474609375,1.435713050242598,flicker_40Hz,356,1.3513513513513513,0.14942528735632182,1.7361111111111112,1.2847222222222223,0.03207115935709647,-0.0017854447959071932,0.6936780383870604,0.2360830919564061,True,0.9003596476244511
177,HPC,2073.6142578125,1.4024807834417223,flicker_40Hz,354,1.9642857142857142,0.3253012048192771,1.9097222222222223,0.9722222222222223,0.059751680354063585,0.0007475161756869766,0.2827432820110575,44.987830405090996,True,0.7407560793415142
167,HPC,2027.8082275390625,1.2687604717905794,flicker_40Hz,302,1.7407407407407407,0.27027027027027023,1.6319444444444444,0.9375,0.03975429119872488,-0.0017366049569723244,0.6208406692964701,43.110487246583304,True,0.8869152418521001
78,HPC,1107.63916015625,1.1338532934679764,flicker_40Hz,261,1.954545454545455,0.3230769230769232,1.4930555555555558,0.7638888888888888,0.06022771263087992,-0.00020482502598773234,0.38837245910725177,62.40624610306108,True,0.7550159097522346
100,HPC,1348.2078857421875,0.773837069791822,flicker_40Hz,207,2.4666666666666672,0.4230769230769232,1.2847222222222223,0.5208333333333333,0.09333786958211404,0.003899880023846797,0.16481260035931902,31.73374650059745,True,0.6054553020189495
178,HPC,2103.47509765625,0.21126226751985325,flicker_40Hz,86,2.3333333333333335,0.4,0.4861111111111111,0.20833333333333331,0.08262233881758733,-0.004857943823938998,0.5572901546963737,287.92433061101593,False,0.8411926863341489
200,HPC,2553.99560546875,0.08901500035948873,flicker_40Hz,25,6.0,0.7142857142857142,0.20833333333333334,0.034722222222222224,0.15875485147636953,-0.01541343451324568,0.5371326913058729,174.80357116138813,False,0.8263579866244198
39,CTX,654.4733276367188,26.821999908321143,flicker_20Hz,5801,1.6223776223776223,0.23733333333333334,32.22222222222222,19.86111111111111,0.08594293077376507,0.007215047037458311,2.284493322116836e-19,295.5270365858979,True,3.655189315386938e-18
37,CTX,626.8199462890625,25.036556812221708,flicker_20Hz,6230,1.346268656716418,0.14758269720101783,31.319444444444446,23.26388888888889,0.01376340897017731,2.8922425264508844e-05,0.3072421867609774,204.84926357386965,True,0.4428716205563638
33,CTX,553.48486328125,22.320214623473934,flicker_20Hz,2498,2.538461538461538,0.43478260869565216,16.041666666666664,6.319444444444445,0.10612314488572588,0.010866151564810191,5.62289011101162e-13,257.5597013018769,True,5.9977494517457276e-12
36,CTX,626.8485717773438,21.47200057560396,flicker_20Hz,5601,1.3602693602693603,0.15263908701854495,28.055555555555557,20.625,0.01739893938620676,0.00012420572088842633,0.183502131695227,248.7037729843177,True,0.29959531705343184
19,CTX,464.17071533203125,20.402238082394817,flicker_20Hz,4466,1.820754716981132,0.29096989966555187,26.805555555555554,14.722222222222221,0.08602133203929661,0.007177362660902448,4.196332263145224e-15,328.83146741252466,True,5.5951096841936315e-14
34,CTX,612.848876953125,18.62272931965268,flicker_20Hz,4780,1.9607843137254903,0.3245033112582782,27.77777777777778,14.166666666666666,0.14406918321950074,0.0205510239100006,4.907245086001019e-44,343.50645668696654,True,2.617197379200543e-42
3,CTX,79.40536499023438,15.250445483811427,flicker_20Hz,4257,1.466346153846154,0.18908382066276808,21.180555555555557,14.444444444444445,0.027910975600168666,0.0005442431939529647,0.03627757635363018,306.02576000033446,True,0.07739216288774439
14,CTX,424.4336242675781,14.317172657820166,flicker_20Hz,2769,1.7359999999999998,0.2690058479532163,15.069444444444443,8.680555555555555,0.06364246112126998,0.0036905544626509626,1.3339200001189425e-05,335.4309096830652,True,6.4674909096676e-05
48,CTX,727.296875,13.284203031426276,flicker_20Hz,1012,2.540540540540541,0.4351145038167939,6.527777777777779,2.5694444444444446,0.11895494762469865,0.01317515620095701,5.778478281461156e-07,346.21762137502594,True,3.4242834260510555e-06
52,CTX,765.3553466796875,12.685230984562873,flicker_20Hz,1915,2.0,0.33333333333333337,11.11111111111111,5.555555555555555,0.11868746118245468,0.013571607231613768,1.7619225693666321e-12,344.0924827655748,True,1.7619225693666322e-11
53,CTX,810.2553100585938,12.138085449019883,flicker_20Hz,2737,2.515789473684211,0.4311377245508982,16.59722222222222,6.597222222222221,0.15611227701792735,0.024014453504667885,7.206481137085395e-30,3.3976635293651616,True,1.6471956884766616e-28
24,CTX,505.1506652832031,10.605444953941397,flicker_20Hz,2631,2.89010989010989,0.48587570621468923,18.26388888888889,6.319444444444445,0.1919307080700232,0.036471175178093264,3.325158163982052e-43,303.10236757471864,True,1.3300632655928208e-41
69,CTX,933.3778076171875,10.307937041628794,flicker_20Hz,1543,2.377049180327869,0.4077669902912622,10.069444444444445,4.236111111111111,0.10084526804626787,0.00952785483705599,1.4787036268979272e-07,357.7296596028415,True,9.858024179319513e-07
31,CTX,584.6793823242188,10.041683284997967,flicker_20Hz,2107,1.7790697674418605,0.2803347280334728,10.625,5.972222222222222,0.03910233074033177,0.001054884478381056,0.03987307850671302,234.72431775216438,True,0.0839433231720274
61,CTX,847.1752319335938,7.789801587014813,flicker_20Hz,2816,3.1785714285714293,0.5213675213675215,18.541666666666668,5.833333333333332,0.2112709038178836,0.0442960112813043,6.295194916185059e-56,6.583612750927687,True,5.036155932948047e-54
1,CTX,72.90603637695312,7.531064652636566,flicker_20Hz,1948,1.4842105263157896,0.19491525423728817,9.791666666666666,6.597222222222221,0.03548192870364608,0.0007460032004651544,0.08606859407763796,319.19951224666454,True,0.15648835286843266
43,CTX,749.934326171875,7.295273807239876,flicker_20Hz,3690,3.2314814814814814,0.5273522975929978,24.23611111111111,7.5,0.23925850425526587,0.056989073341757526,8.393698991668166e-94,24.82348075231816,True,1.3429918386669067e-91
63,CTX,891.9421997070312,7.175400273422431,flicker_20Hz,3789,2.1233766233766236,0.35966735966735974,22.708333333333336,10.694444444444445,0.14713814242484202,0.02139135672417296,1.5292111608472017e-36,182.36194402758986,True,4.893475714711045e-35
28,CTX,512.4619750976562,7.116848184297078,flicker_20Hz,1981,2.835616438356164,0.4785714285714286,14.375,5.069444444444445,0.19003193248892988,0.03562532331263149,4.505766500580761e-32,327.04128413975644,True,1.201537733488203e-30
47,CTX,742.1814575195312,6.9206195612823835,flicker_20Hz,1670,1.9466666666666665,0.3212669683257918,10.13888888888889,5.208333333333334,0.09606122535687052,0.0086341267576369,1.9673097600699433e-07,274.91433198731136,True,1.210652160043042e-06
42,CTX,702.7573852539062,6.617177315612482,flicker_20Hz,2239,1.9431818181818183,0.3204633204633205,11.875,6.111111111111111,0.06833557432045252,0.0042250097662841525,2.8504057592562064e-05,2.291518208917352,True,0.00013413674161205676
21,CTX,488.3040771484375,6.508776826285816,flicker_20Hz,1488,1.9374999999999998,0.3191489361702127,8.61111111111111,4.444444444444445,0.12172268941038925,0.014153882124101916,2.4700610680154776e-10,350.8746420001326,True,2.0800514256972443e-09
70,CTX,967.37646484375,6.150343091504941,flicker_20Hz,1227,1.9433962264150944,0.32051282051282054,7.152777777777778,3.6805555555555554,0.0808397284455965,0.005724731402902612,0.00032607544604459194,14.34905161366503,True,0.0013043017841783678
5,CTX,125.89278411865234,5.509039466692802,flicker_20Hz,1501,1.5507246376811596,0.21590909090909102,7.430555555555556,4.791666666666666,0.028385154361593,0.00013958746612354977,0.29842938678106085,305.0125187506059,True,0.4340791080451794
2,CTX,81.89913940429688,4.824613019484289,flicker_20Hz,1515,1.7536231884057971,0.2736842105263158,8.402777777777779,4.791666666666667,0.062170269328195665,0.0032071933410407435,0.002852891039015454,288.0398396614883,True,0.008453010485971715
76,CTX,1066.022705078125,4.6683422410754085,flicker_20Hz,1137,1.833333333333333,0.2941176470588235,6.111111111111111,3.3333333333333335,0.05905343049037647,0.0026100957756154245,0.018934223288151638,285.8864904878113,True,0.043905445305858874
41,CTX,707.9666137695312,4.056314660825946,flicker_20Hz,2445,2.288659793814433,0.3918495297805642,15.416666666666664,6.736111111111111,0.14646359547644766,0.021051196741295984,1.2673071778134806e-23,14.759323611984412,True,2.534614355626961e-22
18,CTX,463.1156005859375,3.9332761492179418,flicker_20Hz,769,3.1739130434782608,0.5208333333333334,5.069444444444445,1.5972222222222223,0.14913925907531458,0.02096939687695767,3.4256878584221395e-08,283.76199602803086,True,2.3830872058588796e-07
73,CTX,983.28515625,3.9127037935793045,flicker_20Hz,1180,2.891891891891892,0.48611111111111105,7.430555555555555,2.569444444444444,0.10526480402392575,0.010241900916124416,2.0329159729606522e-06,14.484038371727095,True,1.121608812667946e-05
38,CTX,649.0108642578125,3.854151704453952,flicker_20Hz,1423,3.041666666666667,0.5051546391752578,10.13888888888889,3.333333333333333,0.17064296110649088,0.02843626280541301,7.549724674085289e-19,3.571041499982094,True,1.098141770776042e-17
6,CTX,125.71984100341797,3.673747970392055,flicker_20Hz,1163,2.1063829787234045,0.35616438356164387,6.875,3.2638888888888884,0.07444688330226937,0.0046865228899048645,0.001577499926019494,316.83399532473305,True,0.005370212514108916
40,CTX,700.1046752929688,3.5578306588128092,flicker_20Hz,1326,2.595744680851064,0.44378698224852065,8.472222222222221,3.263888888888889,0.13005766401581062,0.016173045022811177,1.664410087652037e-10,6.666469586184563,True,1.4794756334684772e-09
10,CTX,305.61083984375,3.4233191027140264,flicker_20Hz,1151,1.7799999999999998,0.28057553956834524,6.180555555555555,3.4722222222222223,0.03687359345529859,0.0004912789916060356,0.20912503947590833,303.9137556485562,True,0.328039277609268
74,CTX,1005.5782470703125,3.369514480274513,flicker_20Hz,963,2.1904761904761907,0.37313432835820903,6.388888888888889,2.9166666666666665,0.06919143564793205,0.003752930291727765,0.009917553545380682,354.38291304794456,True,0.025187437575569988
12,CTX,388.285888671875,3.331139124563978,flicker_20Hz,1271,2.6041666666666665,0.4450867052023121,8.680555555555555,3.3333333333333335,0.132939634480438,0.016899460546828518,1.6037701823403854e-10,340.68759768932756,True,1.4794756334684772e-09
0,CTX,73.41268920898438,3.241728501980669,flicker_20Hz,893,2.0,0.3333333333333333,5.0,2.5,0.0764341295943868,0.004727649458518388,0.005397749850970933,297.6377844375564,True,0.014158032395989333
71,CTX,967.621337890625,3.0834796124526895,flicker_20Hz,886,1.9714285714285718,0.326923076923077,4.791666666666667,2.4305555555555554,0.07912013201414275,0.005137125228116094,0.003879999886867401,46.17702440426008,True,0.010891227752610248
60,CTX,855.4642944335938,2.9335387896249285,flicker_20Hz,751,2.178571428571428,0.3707865168539325,4.236111111111111,1.9444444444444446,0.045720874647666776,0.0007598522430523888,0.20811503042628296,257.872816589344,True,0.328039277609268
46,CTX,730.2316284179688,2.675593099694321,flicker_20Hz,1171,3.8888888888888884,0.5909090909090908,9.722222222222221,2.5,0.19328339366297134,0.036535699727640855,6.737919381734153e-20,315.6212620181393,True,1.197852334530516e-18
13,CTX,385.3935546875,2.588556210453932,flicker_20Hz,850,3.2962962962962963,0.5344827586206896,6.180555555555555,1.875,0.11944108070587114,0.013105118958961673,5.222157080534229e-06,0.089303131129138,True,2.695306880275731e-05
44,CTX,743.8521728515625,2.5394990547002583,flicker_20Hz,914,3.178571428571428,0.5213675213675213,6.180555555555555,1.9444444444444446,0.14066032576609241,0.018711707668768503,1.292506804904932e-08,0.9399776560832093,True,9.847670894513767e-08
4,CTX,130.6201171875,2.44929718766931,flicker_20Hz,813,1.942857142857143,0.32038834951456313,4.722222222222222,2.4305555555555554,0.09452687412362139,0.007714806938887869,0.0006917896663576964,322.7534678063028,True,0.002699666990664181
11,CTX,331.4168395996094,2.361073431757461,flicker_20Hz,674,2.72,0.46236559139784944,4.722222222222222,1.7361111111111112,0.0822007302712352,0.00528111601560449,0.010477584288651745,310.1937152140612,True,0.026193960721629363
8,CTX,218.69528198242188,2.2700803202788724,flicker_20Hz,610,1.8846153846153846,0.30666666666666664,3.4027777777777777,1.8055555555555556,0.037427461278488255,-0.00023892107844142874,0.4256678414518918,347.78836266624666,True,0.5362744459236432
54,CTX,809.6605224609375,2.1735484976668045,flicker_20Hz,969,2.8965517241379315,0.4867256637168142,5.833333333333334,2.013888888888889,0.17547061586587398,0.029788686967299877,8.874933421873295e-14,16.703135433733376,True,1.014278105356948e-12
75,CTX,1006.634033203125,2.170383519876245,flicker_20Hz,587,2.5000000000000004,0.4285714285714286,3.8194444444444446,1.5277777777777777,0.00872684257976662,-0.0016301968981418766,0.9563154801443459,71.18401677015015,True,0.9684207393866793
9,CTX,250.51275634765625,2.1213263641225715,flicker_20Hz,636,2.142857142857143,0.36363636363636354,4.166666666666666,1.9444444444444444,0.045924400124047214,0.000537568716559499,0.26158166139854033,350.2745726261878,True,0.3986006268930139
51,CTX,770.325439453125,1.7019668068734244,flicker_20Hz,654,2.681818181818182,0.45679012345679015,4.097222222222222,1.5277777777777777,0.12479508609485565,0.014066269583121398,3.653028936082886e-05,4.201630114448074,True,0.00016699560850664622
59,CTX,851.4287719726562,1.57892829526542,flicker_20Hz,509,3.0,0.5,3.3333333333333335,1.1111111111111112,0.156652712580626,0.02261987565091323,3.523712029530359e-06,17.092686574033085,True,1.8793130824161913e-05
7,CTX,186.6515655517578,1.428591850213839,flicker_20Hz,463,2.5294117647058822,0.4333333333333333,2.986111111111111,1.1805555555555556,0.05420323530114184,0.0007798478398752589,0.2567070689941149,316.34721399513495,True,0.39493395229863826
16,CTX,424.6138000488281,1.240275671675543,flicker_20Hz,411,3.666666666666667,0.5714285714285715,3.0555555555555554,0.8333333333333333,0.106926546008237,0.009022147915010773,0.009033364435467319,352.3176020168869,True,0.023311908220560822
68,CTX,932.6470336914062,1.1904272714742292,flicker_20Hz,448,3.666666666666667,0.5714285714285715,3.0555555555555554,0.8333333333333333,0.19803808136054396,0.03706968364137922,2.0036694543595085e-08,2.284093076612956,True,1.457214148625097e-07
17,CTX,462.4216613769531,1.0749055821188038,flicker_20Hz,463,3.117647058823529,0.5142857142857143,3.6805555555555554,1.1805555555555556,0.0588656175945703,0.0013081591186317211,0.20108520440959557,8.237808285068978,True,0.3217363270553529
26,CTX,548.7279663085938,0.7591990475104838,flicker_20Hz,378,5.6000000000000005,0.696969696969697,3.888888888888889,0.6944444444444444,0.16285481451952605,0.0239395200302587,4.194906721269997e-05,337.00359864881756,True,0.00018644029872311098
29,CTX,588.9581298828125,0.6401167581406789,flicker_20Hz,226,5.166666666666667,0.6756756756756758,2.1527777777777777,0.41666666666666663,0.19156475498016887,0.03241570892994819,0.000235871383795845,313.0003195020107,True,0.0009676774719829539
22,CTX,503.4034729003906,0.5598054467052291,flicker_20Hz,252,5.142857142857143,0.6744186046511628,2.5,0.4861111111111111,0.09965681413709827,0.005986984510744819,0.08175853527369502,332.54319489070326,True,0.15210890283478143
62,CTX,877.8511352539062,0.22748277869647118,flicker_20Hz,87,5.999999999999999,0.7142857142857143,0.8333333333333333,0.1388888888888889,0.09969236114713671,-0.0015737753745938528,0.4223856125501817,264.84563500618566,False,0.5362744459236432
206,HPC,2538.06640625,37.26286601715344,flicker_20Hz,9097,1.2174796747967478,0.09807516040329965,41.59722222222222,34.16666666666667,0.016621432595066855,0.00016636395994919264,0.08100195153599186,256.6829673966923,True,0.15210890283478143
205,HPC,2536.6416015625,37.20945701693775,flicker_20Hz,9357,1.2158415841584158,0.09740840035746201,42.638888888888886,35.06944444444444,0.024095144800443558,0.0004737547733693651,0.004370193563471595,265.0977387239338,True,0.011851372375516192
196,HPC,2384.36865234375,30.691976501727893,flicker_20Hz,7805,2.306122448979592,0.39506172839506176,54.93055555555556,23.819444444444443,0.019789330500483798,0.0002635283676237619,0.0470436757290726,238.08926348091398,True,0.09775309242404696
179,HPC,2093.244873046875,28.42189618144902,flicker_20Hz,7115,1.3542234332425067,0.1504629629629629,34.513888888888886,25.48611111111111,0.055097890210261256,0.0028956363441805665,4.1016832229977857e-10,351.1711971660238,True,3.2813465783982286e-09
115,HPC,1410.151611328125,27.26034933231365,flicker_20Hz,7702,1.2754342431761787,0.12104689203925843,35.69444444444444,27.98611111111111,0.01260037791257967,2.8936874471333174e-05,0.2944011391790233,251.04439526407998,True,0.43214846118021766
93,HPC,1309.1307373046875,26.173970705704065,flicker_20Hz,6189,1.2597014925373133,0.1149273447820343,29.305555555555554,23.26388888888889,0.01158167657174196,-2.7446193897419165e-05,0.43599534006693796,359.28890014423206,True,0.5415081256597192
195,HPC,2384.6845703125,23.959277496759984,flicker_20Hz,6315,1.947882736156352,0.3215469613259669,41.52777777777778,21.319444444444443,0.012818703370649234,5.9669735193447475e-06,0.3542912590007714,209.3839722875253,True,0.48450086700960193
107,HPC,1366.1378173828125,23.43151745018417,flicker_20Hz,5965,1.2736156351791532,0.12034383954154733,27.15277777777778,21.319444444444443,0.0032499411653120853,-0.00015710881432717794,0.938945429456769,307.6193369480297,True,0.9684207393866793
160,HPC,1973.4671630859375,19.27313225561268,flicker_20Hz,4586,1.5180180180180183,0.20572450805008954,23.40277777777778,15.416666666666664,0.054925701418945615,0.0027993881469577904,9.717829427186216e-07,340.74769591772576,True,5.553045386963553e-06
162,HPC,1953.154052734375,18.08270498413845,flicker_20Hz,4343,1.4151785714285714,0.17190388170055454,22.01388888888889,15.555555555555555,0.034687101670353875,0.0009731635149247245,0.00537258196465227,3.4059634271771837,True,0.014158032395989333
130,HPC,1537.6485595703125,16.922345001674536,flicker_20Hz,4459,1.2365145228215766,0.10575139146567715,20.694444444444443,16.73611111111111,0.020526182716234152,0.00019710284988742123,0.1527929220092689,81.36182398890143,True,0.2600730587391811
157,HPC,1935.87744140625,14.61151559234221,flicker_20Hz,3657,1.4715909090909092,0.19080459770114944,17.98611111111111,12.222222222222221,0.0478903783027591,0.0020205926798057727,0.000226910967067868,341.4868255240948,True,0.0009554145981804969
99,HPC,1343.5479736328125,13.857855255965205,flicker_20Hz,3333,1.4345238095238095,0.1784841075794621,16.73611111111111,11.666666666666666,0.013392304935631497,-0.00012071238884974902,0.5500624558853855,348.89617881720903,True,0.6519258736419383
183,HPC,2115.36962890625,12.54043325064477,flicker_20Hz,3041,1.517241379310345,0.20547945205479454,15.277777777777779,10.069444444444445,0.048083019028653126,0.001983789869146302,0.0008817236998160632,312.53666843933183,True,0.003280832371408608
154,HPC,1891.9034423828125,12.459330694761682,flicker_20Hz,3091,1.5414012738853502,0.21303258145363407,16.805555555555554,10.902777777777777,0.033673340902228385,0.0008106362479990847,0.030037977872715674,348.3541066151884,True,0.06675106193936817
126,HPC,1491.674072265625,11.910602670323412,flicker_20Hz,2834,1.2352941176470587,0.10526315789473677,13.124999999999998,10.625,0.011750418759899036,-0.00021486162566625988,0.6762168359698143,59.61969083067174,True,0.7566062500361559
172,HPC,2055.85498046875,11.730594558485334,flicker_20Hz,2937,1.7615384615384615,0.2757660167130919,15.902777777777779,9.027777777777779,0.03910950006853034,0.0011894745054862636,0.011184227632726309,349.4057812224882,True,0.02737118718562711
169,HPC,1997.716796875,10.65727146526181,flicker_20Hz,2772,1.4961240310077517,0.1987577639751552,13.402777777777777,8.958333333333334,0.045124676153332946,0.0016760906875129852,0.003530541254216507,3.6275117246576882,True,0.010087260726332878
168,HPC,1994.9326171875,10.583290109407478,flicker_20Hz,2410,1.4308943089430892,0.17725752508361195,12.222222222222221,8.541666666666668,0.0430555038800519,0.0014394359313491267,0.011461684633981352,14.540305709898519,True,0.02737118718562711
114,HPC,1418.731201171875,10.58289448718366,flicker_20Hz,2614,1.4153846153846152,0.17197452229299362,12.777777777777779,9.027777777777779,0.028114905970693146,0.00040804856840978093,0.12666062670862777,222.1836799050846,True,0.22027935079761352
113,HPC,1419.045654296875,10.331278752834171,flicker_20Hz,2470,1.34375,0.14666666666666664,11.944444444444445,8.88888888888889,0.014599865917418107,-0.0001917798584559459,0.5907177149340143,224.09922861225422,True,0.6786995359098226
92,HPC,1271.423828125,9.851388995340573,flicker_20Hz,2396,1.3015873015873016,0.1310344827586207,11.38888888888889,8.75,0.02040728535120966,-9.053529051990514e-07,0.36871645691514776,29.097128830252696,True,0.4957532193817113
155,HPC,1893.3917236328125,9.824486684120815,flicker_20Hz,2522,1.467741935483871,0.18954248366013077,12.63888888888889,8.61111111111111,0.0016955561420668227,-0.0003937919378773776,0.9927771186491946,217.89390483428258,True,0.9927771186491945
153,HPC,1856.607421875,9.578805283128627,flicker_20Hz,2487,1.48,0.19354838709677416,12.847222222222221,8.680555555555555,0.04715215248776194,0.0018219672080763908,0.0039605434639128885,290.6642053380863,True,0.010925637141828658
185,HPC,2179.346923828125,8.918511791573131,flicker_20Hz,2249,1.647058823529412,0.24444444444444452,11.666666666666668,7.083333333333333,0.054828845224849314,0.002562699689628511,0.0011539879115742345,348.6639513086646,True,0.004196319678451762
184,HPC,2179.62841796875,8.91257745821583,flicker_20Hz,2316,1.4954954954954958,0.19855595667870043,11.527777777777779,7.708333333333333,0.05226446612415476,0.002300788922231794,0.0017833098452717517,332.3288848654622,True,0.005823052555989394
88,HPC,1212.61376953125,8.199666210892282,flicker_20Hz,1988,1.662921348314607,0.2489451476793249,10.277777777777779,6.180555555555555,0.016191837033499586,-0.00024096373125285128,0.5938620939210948,23.410483819670688,True,0.6786995359098226
192,HPC,2349.681640625,8.056450965869459,flicker_20Hz,1968,1.4895833333333335,0.196652719665272,9.930555555555555,6.666666666666666,0.029808686054105995,0.00038062108799582833,0.1740129004922726,324.2899420413975,True,0.287031588440862
118,HPC,1436.7525634765625,8.014515010144544,flicker_20Hz,1983,1.443298969072165,0.18143459915611812,9.722222222222221,6.736111111111111,0.005147847734882806,-0.0004780271610060798,0.9488189598607186,309.35000973897917,True,0.9684207393866793
132,HPC,1567.6287841796875,7.793362187029193,flicker_20Hz,2002,1.5578947368421057,0.21810699588477375,10.277777777777779,6.597222222222221,0.007083441937291121,-0.00044954990022123587,0.9044512909843723,244.5781210409374,True,0.9458314154084939
129,HPC,1544.405517578125,7.7035559422220645,flicker_20Hz,1863,1.4666666666666666,0.18918918918918914,9.166666666666666,6.25,0.02374497724053594,2.7069821674597467e-05,0.3498432244786476,47.09713527221737,True,0.48254237859123805
204,HPC,2524.290771484375,7.50297547474535,flicker_20Hz,1846,1.8333333333333335,0.29411764705882354,11.458333333333334,6.25,0.059703019695005764,0.0030243770921714614,0.001382221641365909,271.684469396749,True,0.004914565835967677
122,HPC,1446.6519775390625,7.386266918718464,flicker_20Hz,1932,1.595505617977528,0.22943722943722947,9.86111111111111,6.180555555555555,0.0076217570570201966,-0.00045974512636498695,0.8938612192287253,170.06464927847887,True,0.940906546556553
148,HPC,1756.7283935546875,7.349474051903209,flicker_20Hz,1727,1.4698795180722894,0.1902439024390245,8.472222222222223,5.763888888888888,0.026830024241377065,0.0001408929876994818,0.2885043577895185,5.815705385488084,True,0.42741386339187926
145,HPC,1745.724365234375,7.191620784599049,flicker_20Hz,1602,1.613333333333333,0.2346938775510203,8.402777777777777,5.208333333333334,0.0348347577400308,0.0005896086668233798,0.14313794389779816,304.59584994325064,True,0.24625882821126566
150,HPC,1812.88720703125,7.116848184297078,flicker_20Hz,1788,1.574712643678161,0.22321428571428578,9.51388888888889,6.041666666666666,0.04897137959722153,0.0018399409530741103,0.013713870697624872,307.74899557979654,True,0.03226793105323499
190,HPC,2294.13427734375,6.9265538946396825,flicker_20Hz,1700,1.631578947368421,0.23999999999999996,8.61111111111111,5.277777777777778,0.047661583674652244,0.0016843820772448445,0.02100860110097457,350.42904914117656,True,0.04801965965937045
203,HPC,2514.4150390625,6.854155027680632,flicker_20Hz,1380,3.3333333333333326,0.5384615384615383,9.027777777777777,2.7083333333333335,0.15310562684862397,0.022733168602131926,7.46206453469784e-15,312.03174605894907,True,9.184079427320419e-14
164,HPC,2031.1707763671875,6.851781294337712,flicker_20Hz,1430,1.5507246376811592,0.21590909090909088,7.430555555555555,4.791666666666667,0.04160020320859658,0.0010319978845381638,0.08416884231405071,325.4592425130619,True,0.15479327322124267
124,HPC,1490.3388671875,6.540822226415232,flicker_20Hz,1577,1.3974358974358976,0.1657754010695188,7.569444444444445,5.416666666666666,0.022926538937170723,-0.00010855805970526428,0.4365909263131486,55.97808213416737,True,0.5415081256597192
120,HPC,1439.46923828125,6.3972113591685895,flicker_20Hz,1528,1.4729729729729728,0.19125683060109283,7.569444444444444,5.138888888888889,0.0034781220845784724,-0.0006427735918903501,0.9816909506708132,232.0763192685741,True,0.9878651075932712
123,HPC,1458.62841796875,6.303844514347081,flicker_20Hz,1528,1.5833333333333335,0.22580645161290322,7.916666666666667,5.0,0.044113491770640126,0.0012923957031244625,0.05110044124840735,319.20109851936706,True,0.1034945645537364
102,HPC,1346.02197265625,6.199400247258614,flicker_20Hz,1510,1.4788732394366197,0.19318181818181823,7.291666666666667,4.930555555555555,0.024233846815071815,-7.502200762152871e-05,0.41204267471687006,51.193579012613384,True,0.5316679673766065
194,HPC,2334.79296875,6.192279047229856,flicker_20Hz,1528,1.7999999999999998,0.2857142857142857,8.125,4.513888888888889,0.054115285154787696,0.0022755030291569936,0.01137307054580525,10.681929517910936,True,0.02737118718562711
188,HPC,2233.57275390625,6.1859490916487365,flicker_20Hz,1590,1.5584415584415583,0.21827411167512684,8.333333333333332,5.347222222222222,0.04859402209932713,0.001733538441929472,0.02338572940987999,351.9601714636757,True,0.0527002352898704
141,HPC,1694.698974609375,6.066075557831292,flicker_20Hz,1318,1.5833333333333335,0.22580645161290328,6.597222222222222,4.166666666666666,0.022356140401367353,-0.00025912493243358684,0.5175936027561794,68.51257800122316,True,0.6273861851590053
159,HPC,1928.7998046875,6.060141224473992,flicker_20Hz,1578,1.7246376811594206,0.26595744680851074,8.26388888888889,4.791666666666666,0.06436238884074798,0.003511028522206655,0.0014421809265790105,320.15416226946644,True,0.00501628148375308
173,HPC,2037.5264892578125,5.936707090642168,flicker_20Hz,1332,1.8596491228070178,0.3006134969325154,7.361111111111112,3.958333333333333,0.06592027242067028,0.0035974323402948837,0.0030509409485246297,277.8839152605625,True,0.008875464577526195
134,HPC,1609.666259765625,5.927607779494309,flicker_20Hz,1555,1.5128205128205126,0.2040816326530611,8.194444444444443,5.416666666666667,0.02619702581548935,4.322514237637122e-05,0.34403502101735056,39.23810624044139,True,0.47865742054587906
121,HPC,1463.572265625,5.902287957169833,flicker_20Hz,1424,1.4782608695652177,0.19298245614035098,7.083333333333334,4.791666666666666,0.028298615871440856,9.863373449111372e-05,0.31976027887846703,2.889640184105542,True,0.45680039839781006
202,HPC,2495.99462890625,5.84136213470156,flicker_20Hz,1226,2.1333333333333333,0.36170212765957444,6.666666666666666,3.125,0.11278723616001671,0.011915018567668944,1.6139754743247342e-07,320.3720799785458,True,1.03294430356783e-06
163,HPC,1993.0799560546875,5.831075956882241,flicker_20Hz,1481,1.7014925373134326,0.2596685082872928,7.916666666666666,4.652777777777778,0.024348187837516893,-8.244086102158169e-05,0.4156876090144989,10.191669086406861,True,0.5320801395385586
151,HPC,1814.18701171875,5.795074334514626,flicker_20Hz,1464,1.6363636363636362,0.24137931034482757,7.499999999999999,4.583333333333333,0.02462517493914737,-7.671326827942062e-05,0.411642559225597,338.73134731708745,True,0.5316679673766065
182,HPC,2136.575927734375,5.68430011184504,flicker_20Hz,1463,1.6231884057971018,0.23756906077348078,7.777777777777779,4.791666666666666,0.04444516355126156,0.001292729179078621,0.055553439394233406,348.4595202429382,True,0.11110687878846681
193,HPC,2349.2587890625,5.6645190006540425,flicker_20Hz,1434,1.7096774193548387,0.2619047619047619,7.361111111111111,4.305555555555555,0.06534581005345697,0.0035752180003293184,0.0021815994873084486,342.783731085046,True,0.0069811183593870355
191,HPC,2294.20751953125,5.542667355717498,flicker_20Hz,1378,1.5384615384615383,0.2121212121212121,6.944444444444445,4.513888888888889,0.03247983081525943,0.0003294891116105253,0.23373614008270946,327.3518356063311,True,0.3630852661478982
133,HPC,1582.4456787109375,5.329031354854725,flicker_20Hz,1332,1.5781250000000004,0.22424242424242435,7.013888888888889,4.444444444444444,0.015834791326955637,-0.0005003857993970837,0.7161382151053383,190.66113557779605,True,0.7838284190150365
152,HPC,1855.1988525390625,5.168408731983825,flicker_20Hz,1355,1.5303030303030303,0.20958083832335328,7.013888888888888,4.583333333333333,0.044957555536310666,0.0012841221113217285,0.06463011238472616,1.7426838501054258,True,0.12610753636044128
187,HPC,2219.548583984375,4.806810019412391,flicker_20Hz,1381,1.8225806451612907,0.2914285714285715,7.847222222222223,4.305555555555555,0.0651156380838992,0.0035184811392494834,0.0028523899666917573,0.9572579034013099,True,0.008453010485971715
181,HPC,2092.29345703125,4.804040663845652,flicker_20Hz,1231,2.0652173913043477,0.34751773049645385,6.597222222222222,3.1944444444444446,0.07170728586258773,0.0043331071505315405,0.0017726145715614412,355.60339065487045,True,0.005823052555989394
112,HPC,1395.1429443359375,4.780698952640274,flicker_20Hz,1185,1.4736842105263162,0.19148936170212771,5.833333333333334,3.958333333333333,0.033470950700017515,0.0002766561493278366,0.2651730835771204,209.3249508887105,True,0.40026125822961567
149,HPC,1772.805419921875,4.721355619067282,flicker_20Hz,1098,1.7391304347826089,0.2698412698412698,5.555555555555555,3.194444444444444,0.02243375894807083,-0.0004078447151202529,0.5755597264440423,344.5137136853868,True,0.6721865418324582
189,HPC,2232.44677734375,4.65884730770373,flicker_20Hz,1207,1.6481481481481481,0.24475524475524474,6.180555555555555,3.75,0.04182224314548773,0.0009213629570616885,0.12109107171117904,355.7034851838067,True,0.21769181431223197
180,HPC,2091.478271484375,4.554007418391443,flicker_20Hz,1319,2.192307692307692,0.3734939759036145,7.916666666666666,3.611111111111111,0.09510304316350451,0.008292725836272725,6.44401393061262e-06,5.2591023727797275,True,3.22200696530631e-05
139,HPC,1667.00732421875,4.516818929352368,flicker_20Hz,1040,1.6734693877551023,0.25190839694656497,5.694444444444445,3.4027777777777772,0.02634620740116582,-0.0002676731951855107,0.48594210476909255,33.09110862292145,True,0.598082590485037
186,HPC,2220.048583984375,4.302391684041955,flicker_20Hz,1141,1.9999999999999998,0.33333333333333326,5.972222222222221,2.986111111111111,0.07849758377043835,0.0052900828250406675,0.0008774728087641544,33.35790425091833,True,0.003280832371408608
166,HPC,2027.255126953125,4.067392083092905,flicker_20Hz,1147,1.8627450980392157,0.30136986301369867,6.597222222222222,3.5416666666666665,0.07215386285937199,0.004338122490909103,0.0025372646750987755,2.9949724631128443,True,0.00796004603952557
135,HPC,1611.0538330078125,3.8767021712116887,flicker_20Hz,983,1.7291666666666667,0.26717557251908397,5.763888888888889,3.3333333333333335,0.023235272217051572,-0.0004779022900962522,0.5883097477976927,302.6848185364417,True,0.6786995359098226
131,HPC,1566.087158203125,3.873537193421129,flicker_20Hz,1011,1.9743589743589747,0.32758620689655177,5.347222222222222,2.708333333333333,0.05301884826466872,0.0018236824280162347,0.05827911691461698,117.28260881729099,True,0.1151192432881323
80,HPC,1105.8084716796875,3.7702797930041223,flicker_20Hz,981,1.6222222222222222,0.23728813559322035,5.069444444444445,3.125,0.04091956240078652,0.0006557110060382618,0.19350592884121592,346.58866055354264,True,0.3127368546928742
119,HPC,1459.12548828125,3.6448675480531985,flicker_20Hz,1038,1.974358974358974,0.3275862068965516,5.347222222222221,2.7083333333333335,0.029882849944242073,-7.047431033740419e-05,0.39586636484225146,336.4325487818898,True,0.5223337979157814
83,HPC,1176.2711181640625,3.6278557924289405,flicker_20Hz,848,1.7105263157894732,0.26213592233009697,4.513888888888888,2.6388888888888893,0.03295390861983148,-9.339532569194254e-05,0.3982795209107833,43.176550612751576,True,0.5223337979157814
147,HPC,1748.5361328125,3.5582262810366294,flicker_20Hz,847,1.794871794871795,0.28440366972477066,4.861111111111111,2.708333333333333,0.007632348515025474,-0.0011237114964006791,0.951884398077096,48.234101954973355,True,0.9684207393866793
106,HPC,1364.9876708984375,3.545961992098211,flicker_20Hz,927,2.027027027027027,0.3392857142857143,5.208333333333334,2.5694444444444446,0.01886725339747747,-0.0007235559357896247,0.7190397503502622,218.5911176819539,True,0.7838284190150365
95,HPC,1286.162841796875,3.543983880979111,flicker_20Hz,943,1.707317073170732,0.2612612612612613,4.861111111111112,2.8472222222222223,0.010959559856334622,-0.0009413316656405093,0.8929640622527781,25.21618951983528,True,0.940906546556553
199,HPC,2478.93896484375,3.5036304141494763,flicker_20Hz,885,2.0,0.3333333333333333,5.0,2.5,0.061508134938370554,0.0026563086394605978,0.03510352752170165,315.70100061066876,True,0.07693923840372964
125,HPC,1475.7177734375,3.31531423561118,flicker_20Hz,824,1.8823529411764706,0.30612244897959184,4.444444444444445,2.361111111111111,0.056439189163825926,0.0019741856968886803,0.0724214436589247,139.81162760431278,True,0.13794560696938035
171,HPC,2033.68896484375,3.294346257748723,flicker_20Hz,809,1.7714285714285716,0.27835051546391754,4.305555555555555,2.4305555555555554,0.06419219477299207,0.002888113906741291,0.03561558920010298,9.380818866567873,True,0.07700667935157401
146,HPC,1746.5018310546875,3.210474346298893,flicker_20Hz,676,1.892857142857143,0.308641975308642,3.680555555555556,1.9444444444444444,0.02036019562388556,-0.0010663297859114182,0.7557465111295915,334.2863833538348,True,0.817023255275234
94,HPC,1306.9345703125,3.0122676121650986,flicker_20Hz,779,1.5555555555555556,0.21739130434782605,3.888888888888889,2.5,0.03595084972282803,8.777816353509898e-06,0.36549297126054076,36.10234486197036,True,0.49558368984480106
161,HPC,1969.720458984375,2.792697277945026,flicker_20Hz,688,2.16,0.3670886075949367,3.75,1.7361111111111112,0.06639719846806744,0.002959401047325562,0.048110788094235385,306.45190229988077,True,0.09868879609073924
127,HPC,1473.04736328125,2.76223436671089,flicker_20Hz,710,2.230769230769231,0.380952380952381,4.027777777777778,1.8055555555555554,0.02593784967697869,-0.0007367162869329536,0.6203867524431734,203.62175291412024,True,0.7039849673114025
81,HPC,1149.5631103515625,2.717924677643056,flicker_20Hz,650,1.9642857142857142,0.3253012048192771,3.819444444444444,1.9444444444444444,0.01467055883019889,-0.0013252751268817992,0.8695352343237848,60.64709578504903,True,0.9275042499453703
176,HPC,2078.0791015625,2.6949785886614985,flicker_20Hz,679,2.115384615384616,0.3580246913580248,3.8194444444444446,1.8055555555555554,0.06286855104957204,0.0024833580366052,0.06826260471308297,327.3583876495548,True,0.13159056330232863
110,HPC,1414.1494140625,2.6475039218031045,flicker_20Hz,699,1.838709677419355,0.2954545454545455,3.9583333333333335,2.1527777777777777,0.039470232058300636,0.00012746640959389134,0.33668190086912386,55.52443033350875,True,0.4725360012198229
198,HPC,2449.637939453125,2.3895582318724973,flicker_20Hz,596,2.7142857142857144,0.46153846153846156,3.958333333333333,1.4583333333333333,0.09914818632262243,0.008166212200394974,0.002827340672581939,262.968764601915,True,0.008453010485971715
111,HPC,1396.742431640625,2.2692890758312325,flicker_20Hz,385,3.1818181818181817,0.5217391304347826,2.4305555555555554,0.7638888888888888,0.07380528858089953,0.002857239426214311,0.12278597637852035,90.79159429917569,True,0.21828618022848062
144,HPC,1693.172119140625,2.234869942358897,flicker_20Hz,516,2.095238095238095,0.35384615384615375,3.0555555555555554,1.4583333333333335,0.04668150677098627,0.00024164688620460732,0.3249866753515466,75.31275338028115,True,0.4601581243915704
140,HPC,1646.671142578125,2.181460942143204,flicker_20Hz,464,2.2352941176470593,0.3818181818181819,2.638888888888889,1.1805555555555554,0.02035308981343579,-0.0017446842441931844,0.8252869462880702,337.46924983279575,True,0.8862141705106793
201,HPC,2508.2275390625,2.116183275212912,flicker_20Hz,669,5.866666666666668,0.7087378640776698,6.111111111111112,1.0416666666666665,0.12032479399182576,0.013002723797751917,6.044235278167469e-05,289.42256390509743,True,0.0002613723363531878
91,HPC,1268.5537109375,2.0916546973360752,flicker_20Hz,586,1.9166666666666667,0.3142857142857143,3.1944444444444446,1.6666666666666667,0.012442920140979424,-0.001554310787490619,0.9133333543505747,336.825207775149,True,0.9489177707538439
96,HPC,1344.404052734375,2.0236076748390435,flicker_20Hz,503,2.3684210526315788,0.40624999999999994,3.125,1.3194444444444446,0.049924342208207954,0.0005053730922228964,0.28558026631744704,168.12308952377643,True,0.4270359122503881
104,HPC,1370.7872314453125,1.6635914511628893,flicker_20Hz,432,2.235294117647059,0.3818181818181818,2.638888888888889,1.1805555555555556,0.04775841288456285,-3.402758111130528e-05,0.37353052780777507,146.3772544944281,True,0.4980407037437001
197,HPC,2423.4501953125,1.6394584955098723,flicker_20Hz,468,2.4117647058823533,0.41379310344827597,2.8472222222222223,1.1805555555555554,0.06674766642638263,0.002323463502218541,0.12428818918911073,241.7981984035686,True,0.21852868428854635
82,HPC,1147.5198974609375,1.555190961836223,flicker_20Hz,429,2.25,0.3846153846153846,2.5,1.1111111111111112,0.036374733963737,-0.0010102359223595715,0.5671420596163297,326.6513110354854,True,0.6672259524897997
84,HPC,1173.6036376953125,1.4697365614911138,flicker_20Hz,398,2.9090909090909096,0.48837209302325585,2.2222222222222223,0.7638888888888888,0.0415832609831928,-0.0007853685077820222,0.502760257427287,14.336912319834589,True,0.6140583296821825
116,HPC,1466.636474609375,1.435713050242598,flicker_20Hz,339,3.3333333333333335,0.5384615384615384,2.0833333333333335,0.625,0.07401131891380448,0.0025353015857258457,0.15618161222072116,42.239302732478265,True,0.26304271531910933
177,HPC,2073.6142578125,1.4024807834417223,flicker_20Hz,329,3.0000000000000004,0.5000000000000001,2.0833333333333335,0.6944444444444444,0.031609481025008504,-0.0020465749797849006,0.7201423599700648,195.6938236870551,True,0.7838284190150365
167,HPC,2027.8082275390625,1.2687604717905794,flicker_20Hz,320,2.666666666666667,0.45454545454545464,2.2222222222222223,0.8333333333333333,0.04443601838462881,-0.0011540466659520309,0.531961514615899,334.7153977637789,True,0.6351779278995809
78,HPC,1107.63916015625,1.1338532934679764,flicker_20Hz,330,2.454545454545455,0.4210526315789474,1.8750000000000002,0.7638888888888888,0.0440851380969647,-0.001090106983770857,0.5269260674985052,282.07258586534874,True,0.6338960210508333
100,HPC,1348.2078857421875,0.773837069791822,flicker_20Hz,206,3.3333333333333335,0.5384615384615385,1.3888888888888888,0.41666666666666663,0.04439471027846182,-0.0028975443807513946,0.6668306687133903,244.6439420656427,True,0.7513584999587496
178,HPC,2103.47509765625,0.21126226751985325,flicker_20Hz,58,inf,1.0,0.625,0.0,0.17660492527920196,0.014192620679063255,0.16406715089106744,182.72095151070172,False,0.2734452514851124
200,HPC,2553.99560546875,0.08901500035948873,flicker_20Hz,14,inf,1.0,0.20833333333333334,0.0,0.1664483997081047,-0.04708684794496571,0.6859531744806694,270.57960312781915,False,0.7621701938674105
39,CTX,654.4733276367188,26.821999908321143,phase_reversing_1,6662,1.190883190883191,0.08712613784135242,29.02777777777778,24.375,0.010795085664481355,-3.357623901182162e-05,0.46009926314419086,125.87231499742026,True,0.9722844876267847
37,CTX,626.8199462890625,25.036556812221708,phase_reversing_1,6473,1.2346208869814024,0.10499359795134454,29.96527777777778,24.27083333333333,0.021816756800886666,0.00032153267750639395,0.04590927393499629,244.09591185613388,True,0.878256761634575
33,CTX,553.48486328125,22.320214623473934,phase_reversing_1,5842,1.1859374999999999,0.08506075768406002,26.354166666666664,22.22222222222222,0.0031919470643552153,-0.00016101329066048017,0.9422200556188318,237.14629445732163,True,0.9930091819394169
36,CTX,626.8485717773438,21.47200057560396,phase_reversing_1,5829,1.229903536977492,0.10310021629416008,26.5625,21.59722222222222,0.014025666890604147,2.516763634728172e-05,0.3177040411331841,59.68898204096194,True,0.9722844876267847
19,CTX,464.17071533203125,20.402238082394817,phase_reversing_1,5509,1.2275862068965517,0.10216718266253867,24.72222222222222,20.13888888888889,0.018976766872889118,0.0001786289586678344,0.13753362398652288,82.44977800766131,True,0.8802151935137466
34,CTX,612.848876953125,18.62272931965268,phase_reversing_1,5010,1.1651705565529622,0.0762852404643449,22.53472222222222,19.34027777777778,0.01441029098154615,8.05729601235375e-06,0.35334541893161364,213.31296035606954,True,0.9722844876267847
3,CTX,79.40536499023438,15.250445483811427,phase_reversing_1,3662,1.1861042183622827,0.08513053348467649,16.59722222222222,13.993055555555555,0.016345666652554398,-5.895614128718208e-06,0.3759316552846061,106.48842214917939,True,0.9722844876267847
14,CTX,424.4336242675781,14.317172657820166,phase_reversing_1,3881,1.2860635696821516,0.12513368983957218,18.26388888888889,14.20138888888889,0.02096720233898881,0.000182004920206037,0.18156405002826606,0.9282988186372927,True,0.9336876700885711
48,CTX,727.296875,13.284203031426276,phase_reversing_1,3837,1.3057644110275688,0.1326086956521739,18.09027777777778,13.854166666666668,0.01940280545744281,0.00011587878372250587,0.2358737133144322,341.48742012458104,True,0.9336876700885711
52,CTX,765.3553466796875,12.685230984562873,phase_reversing_1,3193,1.1903409090909092,0.08690012970168615,14.54861111111111,12.222222222222221,0.001420458785651962,-0.00031126487274579497,0.9935791813700582,192.89169519367726,True,0.999595805176083
53,CTX,810.2553100585938,12.138085449019883,phase_reversing_1,3191,1.1181318681318684,0.05577172503242548,14.131944444444445,12.638888888888888,0.010999254852583564,-0.00019245809061665923,0.6797638092285659,219.38272863341328,True,0.9769538155452139
24,CTX,505.1506652832031,10.605444953941397,phase_reversing_1,2818,1.2642140468227425,0.11669128508124077,13.125,10.381944444444445,0.023762391976014673,0.00020986414117306982,0.20369539343238535,6.367841703186849,True,0.9336876700885711
69,CTX,933.3778076171875,10.307937041628794,phase_reversing_1,3029,1.1556886227544911,0.07222222222222228,13.402777777777779,11.597222222222221,0.007634356916240549,-0.00027194833707600344,0.8381871537654035,80.44156531651213,True,0.9783083583503205
31,CTX,584.6793823242188,10.041683284997967,phase_reversing_1,2837,1.1818181818181819,0.08333333333333333,12.63888888888889,10.694444444444445,0.003402439898198684,-0.0003410286296089409,0.9676961707626337,43.958125788159684,True,0.9930091819394169
61,CTX,847.1752319335938,7.789801587014813,phase_reversing_1,1519,1.3548387096774193,0.15068493150684925,7.291666666666666,5.381944444444445,0.0213716499381492,-0.00020171321961878386,0.4997485551721588,68.55497114227924,True,0.9769538155452139
1,CTX,72.90603637695312,7.531064652636566,phase_reversing_1,1915,1.2713567839195978,0.11946902654867252,8.784722222222221,6.909722222222222,0.03283017668541739,0.0005559175860970798,0.12693964816290537,67.72113994960088,True,0.8802151935137466
43,CTX,749.934326171875,7.295273807239876,phase_reversing_1,1614,1.3532934131736527,0.15012722646310436,7.847222222222222,5.798611111111111,0.01475212686734793,-0.00040220263556350243,0.70387291027359,39.95784148851062,True,0.9769538155452139
63,CTX,891.9421997070312,7.175400273422431,phase_reversing_1,1252,1.3076923076923075,0.13333333333333328,5.902777777777778,4.513888888888889,0.025244165182302495,-0.00016158322906417285,0.45037807850640893,344.43313770310334,True,0.9722844876267847
28,CTX,512.4619750976562,7.116848184297078,phase_reversing_1,2043,1.3000000000000003,0.13043478260869573,9.479166666666668,7.291666666666666,0.023537024217133315,6.454684274375658e-05,0.3224895953353383,246.09172083813218,True,0.9722844876267847
47,CTX,742.1814575195312,6.9206195612823835,phase_reversing_1,2208,1.275,0.12087912087912084,10.625,8.333333333333334,0.03128026370141283,0.0005257944780623809,0.11527119996453795,219.37014894116658,True,0.878256761634575
42,CTX,702.7573852539062,6.617177315612482,phase_reversing_1,1434,1.496551724137931,0.19889502762430936,7.534722222222221,5.034722222222222,0.026035584196513393,-1.9512031998143656e-05,0.37837668491129617,78.58179334040082,True,0.9722844876267847
21,CTX,488.3040771484375,6.508776826285816,phase_reversing_1,1849,1.187192118226601,0.08558558558558553,8.368055555555555,7.048611111111112,0.004182283733209798,-0.0005236245788045688,0.9681839523909315,50.16704110185437,True,0.9930091819394169
70,CTX,967.37646484375,6.150343091504941,phase_reversing_1,1399,1.3286713286713288,0.14114114114114115,6.597222222222222,4.965277777777778,0.0005376603213149108,-0.0007150182968591259,0.999595805176083,219.341590745442,True,0.999595805176083
5,CTX,125.89278411865234,5.509039466692802,phase_reversing_1,1260,1.4435483870967742,0.18151815181518155,6.215277777777778,4.305555555555555,0.035985107536770644,0.000501675325802632,0.19563786712424946,62.209851595690594,True,0.9336876700885711
2,CTX,81.89913940429688,4.824613019484289,phase_reversing_1,1161,1.1889763779527558,0.08633093525179852,5.243055555555555,4.409722222222222,0.007219612936774307,-0.000809901221102681,0.9413038212571997,334.4806494421925,True,0.9930091819394169
76,CTX,1066.022705078125,4.6683422410754085,phase_reversing_1,1094,1.228813559322034,0.10266159695817491,5.034722222222222,4.097222222222222,0.006662318463126961,-0.0008704859861750138,0.9526219276726301,133.5355886652982,True,0.9930091819394169
41,CTX,707.9666137695312,4.056314660825946,phase_reversing_1,775,1.3375,0.1443850267379679,3.7152777777777777,2.7777777777777777,0.009204615900558306,-0.0012071552464411777,0.9364858260279643,287.43909997737853,True,0.9930091819394169
18,CTX,463.1156005859375,3.9332761492179418,phase_reversing_1,970,1.431578947368421,0.17748917748917747,4.722222222222222,3.298611111111111,0.009433375254810705,-0.00094291133989976,0.9173406819854231,127.70472960426271,True,0.9930091819394169
73,CTX,983.28515625,3.9127037935793045,phase_reversing_1,853,1.4137931034482758,0.17142857142857143,4.270833333333333,3.020833333333333,0.018289837889826292,-0.0008387981231915316,0.7518633678761766,355.14838549847167,True,0.9769538155452139
38,CTX,649.0108642578125,3.854151704453952,phase_reversing_1,852,1.580246913580247,0.22488038277511962,4.444444444444445,2.8125,0.04411942869587413,0.0007737231940771731,0.19046779392422777,191.25456474413716,True,0.9336876700885711
6,CTX,125.71984100341797,3.673747970392055,phase_reversing_1,840,1.4814814814814816,0.1940298507462687,4.166666666666667,2.8125,0.01398126935119593,-0.0009961862337981168,0.8486485968360545,250.66818340852433,True,0.9783083583503205
40,CTX,700.1046752929688,3.5578306588128092,phase_reversing_1,756,1.4861111111111112,0.19553072625698323,3.7152777777777777,2.5,0.05544817103158749,0.0017540685444842677,0.09782537755332142,88.87088334640285,True,0.878256761634575
10,CTX,305.61083984375,3.4233191027140264,phase_reversing_1,731,1.7076923076923076,0.26136363636363635,3.854166666666667,2.2569444444444446,0.06231474353778947,0.00251858360089579,0.05846183571573801,342.72144381637827,True,0.878256761634575
74,CTX,1005.5782470703125,3.369514480274513,phase_reversing_1,847,1.7285714285714289,0.2670157068062828,4.201388888888889,2.4305555555555554,0.040651046292737046,0.00047242778640192696,0.2467385912186425,176.61595475503856,True,0.9336876700885711
12,CTX,388.285888671875,3.331139124563978,phase_reversing_1,737,1.4166666666666665,0.17241379310344826,3.5416666666666665,2.5,0.02874038705237393,-0.0005315635082646278,0.5441762793984531,174.10799019831782,True,0.9769538155452139
0,CTX,73.41268920898438,3.241728501980669,phase_reversing_1,819,1.5584415584415587,0.218274111675127,4.166666666666667,2.6736111111111107,0.018622197945621692,-0.0008752836871260077,0.7528650835186264,75.48611483549539,True,0.9769538155452139
71,CTX,967.621337890625,3.0834796124526895,phase_reversing_1,763,1.4155844155844155,0.17204301075268816,3.7847222222222223,2.673611111111111,0.052436892066838076,0.0014409001268597106,0.12269750181342753,30.01936809855185,True,0.8802151935137466
60,CTX,855.4642944335938,2.9335387896249285,phase_reversing_1,583,1.6491228070175437,0.2450331125827814,3.2638888888888884,1.9791666666666665,0.03581259907293689,-0.000433467125214346,0.4736338636964467,102.8089829243162,True,0.9769538155452139
46,CTX,730.2316284179688,2.675593099694321,phase_reversing_1,567,1.3448275862068964,0.14705882352941174,2.708333333333333,2.013888888888889,0.015620363593391176,-0.001522357605594023,0.8708965135923377,155.70481074369823,True,0.9783083583503205
13,CTX,385.3935546875,2.588556210453932,phase_reversing_1,597,1.96,0.3243243243243243,3.4027777777777777,1.7361111111111112,0.06775559342544786,0.002920670810301094,0.06446897540649808,341.6923286237052,True,0.878256761634575
44,CTX,743.8521728515625,2.5394990547002583,phase_reversing_1,585,1.4310344827586208,0.17730496453900713,2.8819444444444446,2.013888888888889,0.01568352410875023,-0.0014659346521321858,0.8660781702043087,264.002569029854,True,0.9783083583503205
4,CTX,130.6201171875,2.44929718766931,phase_reversing_1,591,1.3166666666666667,0.1366906474820144,2.743055555555556,2.0833333333333335,0.0261234595192528,-0.001011323447259089,0.6682807590170164,240.25750782263796,True,0.9769538155452139
11,CTX,331.4168395996094,2.361073431757461,phase_reversing_1,538,1.3214285714285716,0.1384615384615385,2.5694444444444446,1.9444444444444444,0.028208275781079255,-0.0010650088072117593,0.6519563012904858,172.43166132936247,True,0.9769538155452139
8,CTX,218.69528198242188,2.2700803202788724,phase_reversing_1,632,1.4666666666666666,0.18918918918918912,3.0555555555555554,2.0833333333333335,0.03898939577684602,-6.220392189617076e-05,0.3827572214255623,96.45202971124178,True,0.9722844876267847
54,CTX,809.6605224609375,2.1735484976668045,phase_reversing_1,432,1.380952380952381,0.16,2.013888888888889,1.4583333333333333,0.024542296055114488,-0.0017164638150260424,0.7710960462626651,355.61844896038053,True,0.9769538155452139
75,CTX,1006.634033203125,2.170383519876245,phase_reversing_1,499,1.8095238095238095,0.288135593220339,2.638888888888889,1.4583333333333333,0.0684344132479924,0.0026846409425339405,0.09658360941797203,310.9872795966391,True,0.878256761634575
9,CTX,250.51275634765625,2.1213263641225715,phase_reversing_1,457,1.4565217391304348,0.1858407079646018,2.326388888888889,1.597222222222222,0.02389672217396105,-0.0016206768155452125,0.7704940833682624,154.39076627490658,True,0.9769538155452139
51,CTX,770.325439453125,1.7019668068734244,phase_reversing_1,353,1.3333333333333335,0.14285714285714288,1.6666666666666667,1.25,0.011441930690709734,-0.0027096193874725995,0.9548986062973454,162.80340054694457,True,0.9930091819394169
59,CTX,851.4287719726562,1.57892829526542,phase_reversing_1,331,1.5862068965517242,0.22666666666666668,1.5972222222222223,1.0069444444444444,0.03580050607930243,-0.0017447429273884539,0.6546003595064963,202.08816382749686,True,0.9769538155452139
7,CTX,186.6515655517578,1.428591850213839,phase_reversing_1,350,1.6774193548387095,0.25301204819277107,1.8055555555555554,1.0763888888888888,0.032085759067507776,-0.0018328837328700429,0.6977447347794259,318.7782093351473,True,0.9769538155452139
16,CTX,424.6138000488281,1.240275671675543,phase_reversing_1,278,1.7727272727272727,0.2786885245901639,1.3541666666666667,0.763888888888889,0.05275978017617284,-0.0008164648217393991,0.4616324310164867,328.0688809732153,True,0.9722844876267847
68,CTX,932.6470336914062,1.1904272714742292,phase_reversing_1,256,1.8500000000000003,0.29824561403508776,1.2847222222222223,0.6944444444444444,0.041974892793301,-0.0021527676235202635,0.6373969168056415,308.76791361701623,True,0.9769538155452139
17,CTX,462.4216613769531,1.0749055821188038,phase_reversing_1,263,1.52,0.20634920634920634,1.3194444444444444,0.8680555555555556,0.025831954433103203,-0.0031469571153957213,0.8392947323544335,196.45603873834395,True,0.9783083583503205
26,CTX,548.7279663085938,0.7591990475104838,phase_reversing_1,183,1.6470588235294121,0.24444444444444458,0.9722222222222223,0.5902777777777777,0.05228506736685173,-0.0027457567399517095,0.6069865111741114,352.3022552886027,False,0.9769538155452139
29,CTX,588.9581298828125,0.6401167581406789,phase_reversing_1,164,1.9230769230769231,0.31578947368421056,0.8680555555555556,0.4513888888888889,0.06528487434260317,-0.001846706563555609,0.4977776252996074,174.42989583260953,False,0.9769538155452139
22,CTX,503.4034729003906,0.5598054467052291,phase_reversing_1,121,2.875,0.48387096774193555,0.7986111111111112,0.2777777777777778,0.048568406687102675,-0.005954785787475169,0.7524523840712719,0.5157750740826567,False,0.9769538155452139
62,CTX,877.8511352539062,0.22748277869647118,phase_reversing_1,45,3.0,0.49999999999999994,0.3125,0.10416666666666667,0.074365528515789,-0.017071353808762086,0.7815630524361711,149.69762965218519,False,0.9769538155452139
206,HPC,2538.06640625,37.26286601715344,phase_reversing_1,9623,1.068811438784629,0.03326133909287253,41.52777777777777,38.854166666666664,0.005875659917016264,-6.940152977055362e-05,0.7173409081869062,193.38459719497118,True,0.9769538155452139
205,HPC,2536.6416015625,37.20945701693775,phase_reversing_1,9682,1.0937223695844385,0.044763513513513445,42.951388888888886,39.270833333333336,0.008932785082490917,-2.349222241371848e-05,0.4618351316227227,148.57267229454158,True,0.9722844876267847
196,HPC,2384.36865234375,30.691976501727893,phase_reversing_1,8202,1.53416149068323,0.21078431372549022,42.88194444444444,27.951388888888886,0.006539090934013228,-7.917142501944918e-05,0.7041967317326365,300.28082923593513,True,0.9769538155452139
179,HPC,2093.244873046875,28.42189618144902,phase_reversing_1,6586,1.143250688705234,0.06683804627249357,28.819444444444443,25.208333333333332,0.006189867104069813,-0.00011354001532434679,0.7769943036351956,116.76577861369984,True,0.9769538155452139
115,HPC,1410.151611328125,27.26034933231365,phase_reversing_1,7845,1.0947603121516167,0.04523682810005333,34.09722222222223,31.145833333333332,0.013275596148031739,4.8777944856808724e-05,0.2509285613363035,115.04558858527346,True,0.9336876700885711
93,HPC,1309.1307373046875,26.173970705704065,phase_reversing_1,6352,1.1364275668073136,0.06385780118499015,28.055555555555557,24.6875,0.006916910465740145,-0.00010960433517807458,0.7379475100345186,110.7886246265847,True,0.9769538155452139
195,HPC,2384.6845703125,23.959277496759984,phase_reversing_1,6483,1.5624012638230647,0.21948212083847102,34.34027777777778,21.979166666666668,0.00493329953718994,-0.00012993217347267075,0.8540475192897726,150.63640657637708,True,0.9783083583503205
107,HPC,1366.1378173828125,23.43151745018417,phase_reversing_1,5243,1.1522842639593907,0.07075471698113199,23.645833333333332,20.520833333333336,0.013074978113533647,-1.9779217637241553e-05,0.40808892635244437,255.32757811372213,True,0.9722844876267847
160,HPC,1973.4671630859375,19.27313225561268,phase_reversing_1,4492,1.1942148760330575,0.08851224105461385,20.069444444444443,16.805555555555557,0.005524578252330076,-0.0001921397964420833,0.8718952737738108,223.47905229284547,True,0.9783083583503205
162,HPC,1953.154052734375,18.08270498413845,phase_reversing_1,4086,1.177777777777778,0.08163265306122457,18.40277777777778,15.624999999999998,0.017397569129517527,5.7951464348683116e-05,0.2903483196351646,191.3862641537234,True,0.9722844876267847
130,HPC,1537.6485595703125,16.922345001674536,phase_reversing_1,3885,1.162100456621005,0.0749736008447731,17.673611111111114,15.208333333333332,0.008213789774246931,-0.00018998281657062082,0.7694514420847568,124.9425573589649,True,0.9769538155452139
157,HPC,1935.87744140625,14.61151559234221,phase_reversing_1,3555,1.264102564102564,0.11664779161947905,17.118055555555557,13.541666666666668,0.017138141643394302,1.2425442010708578e-05,0.35201206298720517,268.5454112583394,True,0.9722844876267847
99,HPC,1343.5479736328125,13.857855255965205,phase_reversing_1,3516,1.1152882205513786,0.054502369668246474,15.45138888888889,13.854166666666666,0.007024254814354288,-0.00023514082861149943,0.8407529161284565,243.63886157847844,True,0.9783083583503205
183,HPC,2115.36962890625,12.54043325064477,phase_reversing_1,2966,1.2334384858044165,0.10451977401129943,13.57638888888889,11.006944444444445,0.030783648232850014,0.0006106844767695575,0.06015254124924479,192.5016445574458,True,0.878256761634575
154,HPC,1891.9034423828125,12.459330694761682,phase_reversing_1,3066,1.1818181818181819,0.08333333333333337,13.993055555555555,11.840277777777777,0.016294176506910413,-6.067746279752535e-05,0.44310662045249194,116.21934350226077,True,0.9722844876267847
126,HPC,1491.674072265625,11.910602670323412,phase_reversing_1,2778,1.2312925170068025,0.10365853658536575,12.569444444444443,10.208333333333334,0.00968481798069509,-0.00026627135300370054,0.770647914736792,81.23204435025261,True,0.9769538155452139
172,HPC,2055.85498046875,11.730594558485334,phase_reversing_1,2734,1.210344827586207,0.09516380655226209,12.1875,10.069444444444445,0.015021804306597946,-0.00014016110902058867,0.5396353361169381,117.15009710254411,True,0.9769538155452139
169,HPC,1997.716796875,10.65727146526181,phase_reversing_1,2478,1.2172284644194755,0.0979729729729729,11.284722222222221,9.270833333333334,0.00893870137735771,-0.0003237815311372455,0.8204050002270632,290.83315535712137,True,0.9783083583503205
168,HPC,1994.9326171875,10.583290109407478,phase_reversing_1,2572,1.2222222222222223,0.10000000000000002,11.458333333333334,9.375,0.01282526168579527,-0.0002244023992380095,0.6550808654762053,195.3509727884862,True,0.9769538155452139
114,HPC,1418.731201171875,10.58289448718366,phase_reversing_1,2603,1.2490842490842493,0.11074918566775252,11.840277777777779,9.479166666666666,0.0005002701102605687,-0.00038406938766836205,0.9993488838512605,310.6431248316342,True,0.999595805176083
113,HPC,1419.045654296875,10.331278752834171,phase_reversing_1,2537,1.1921708185053381,0.08766233766233766,11.631944444444445,9.756944444444445,0.007831906794155085,-0.00033295881531938975,0.8559116112954792,322.47669505481724,True,0.9783083583503205
92,HPC,1271.423828125,9.851388995340573,phase_reversing_1,2421,1.2713178294573646,0.11945392491467585,11.38888888888889,8.958333333333332,0.0410753558495947,0.0012746589015006562,0.016813814983008782,282.61440274457135,True,0.878256761634575
155,HPC,1893.3917236328125,9.824486684120815,phase_reversing_1,2350,1.316872427983539,0.13676731793960922,11.11111111111111,8.4375,0.0188822177625936,-6.902313880804075e-05,0.4326781784654781,297.68936864903094,True,0.9722844876267847
153,HPC,1856.607421875,9.578805283128627,phase_reversing_1,2312,1.3076923076923077,0.13333333333333333,11.215277777777779,8.57638888888889,0.029501517685280983,0.0004380030418603187,0.13369052161716477,185.84620713563996,True,0.8802151935137466
185,HPC,2179.346923828125,8.918511791573131,phase_reversing_1,2212,1.1959183673469387,0.08921933085501854,10.17361111111111,8.506944444444445,0.02282224364519572,6.880634493961832e-05,0.3159976757377137,4.6631844212738995,True,0.9722844876267847
184,HPC,2179.62841796875,8.91257745821583,phase_reversing_1,2255,1.3080168776371306,0.1334552102376599,10.76388888888889,8.229166666666668,0.011691085437865645,-0.0003069136049230727,0.7347985238845354,181.0142362686616,True,0.9769538155452139
88,HPC,1212.61376953125,8.199666210892282,phase_reversing_1,1978,1.2706422018348624,0.11919191919191922,9.618055555555555,7.569444444444444,0.015621065801237326,-0.00026167576924415384,0.6171924123196982,167.8330671648634,True,0.9769538155452139
192,HPC,2349.681640625,8.056450965869459,phase_reversing_1,2019,1.3463414634146342,0.14760914760914765,9.583333333333334,7.118055555555555,0.03299342354915882,0.0005935652868883869,0.11103957623956213,146.74204811474243,True,0.878256761634575
118,HPC,1436.7525634765625,8.014515010144544,phase_reversing_1,2112,1.3100436681222707,0.1342155009451795,10.416666666666666,7.951388888888889,0.01574112892169489,-0.00022580862571836398,0.592605402543978,303.21789696076615,True,0.9769538155452139
132,HPC,1567.6287841796875,7.793362187029193,phase_reversing_1,1936,1.2311320754716981,0.1035940803382664,9.0625,7.361111111111111,0.022971882887718183,1.1184254778309274e-05,0.3600499667897414,321.39214950502316,True,0.9722844876267847
129,HPC,1544.405517578125,7.7035559422220645,phase_reversing_1,2074,1.1973684210526316,0.08982035928143713,9.479166666666666,7.916666666666666,0.008046685837878384,-0.0004176122801413097,0.874363095275599,335.1583235116654,True,0.9783083583503205
204,HPC,2524.290771484375,7.50297547474535,phase_reversing_1,1690,1.25,0.11111111111111112,7.986111111111112,6.388888888888889,0.012371093777115833,-0.00043893173801106685,0.7721490457749939,335.5045955549596,True,0.9769538155452139
122,HPC,1446.6519775390625,7.386266918718464,phase_reversing_1,1757,1.2395833333333335,0.10697674418604658,8.26388888888889,6.666666666666666,0.02977668743537578,0.0003176799592223712,0.21060983430826968,108.06450843535103,True,0.9336876700885711
148,HPC,1756.7283935546875,7.349474051903209,phase_reversing_1,1776,1.2774869109947644,0.12183908045977015,8.472222222222223,6.631944444444445,0.012373055356946005,-0.0004102015335289548,0.7619867198549716,117.08551914065241,True,0.9769538155452139
145,HPC,1745.724365234375,7.191620784599049,phase_reversing_1,1707,1.1956521739130435,0.0891089108910891,7.638888888888889,6.388888888888889,0.024833219411999653,3.088379737645336e-05,0.349049439321932,271.5185881314641,True,0.9722844876267847
150,HPC,1812.88720703125,7.116848184297078,phase_reversing_1,1716,1.2762430939226521,0.12135922330097089,8.020833333333334,6.284722222222222,0.03286144707284848,0.0004974139892631507,0.15676219336615194,191.33830086197383,True,0.8957839620922968
190,HPC,2294.13427734375,6.9265538946396825,phase_reversing_1,1726,1.2896174863387977,0.12649164677804295,8.194444444444445,6.354166666666667,0.027069399472366265,0.00015346702685993107,0.2823533668900682,206.9253131015913,True,0.9722844876267847
203,HPC,2514.4150390625,6.854155027680632,phase_reversing_1,1409,1.3265306122448979,0.1403508771929824,6.770833333333333,5.104166666666667,0.03162453589067436,0.00029059430387320733,0.24438534145480514,205.23875599998573,True,0.9336876700885711
164,HPC,2031.1707763671875,6.851781294337712,phase_reversing_1,1466,1.3112582781456952,0.13467048710601714,6.874999999999999,5.243055555555555,0.02784494735011972,9.327647934249612e-05,0.3209459061348206,123.13256870265703,True,0.9722844876267847
124,HPC,1490.3388671875,6.540822226415232,phase_reversing_1,1588,1.3459119496855345,0.1474530831099195,7.430555555555555,5.520833333333334,0.037980216095432645,0.0008132860376013538,0.10118651193168628,326.9121275544164,True,0.878256761634575
120,HPC,1439.46923828125,6.3972113591685895,phase_reversing_1,1489,1.1437125748502994,0.06703910614525138,6.631944444444444,5.798611111111111,0.021054876621303665,-0.00022843725928591534,0.516883961001423,212.7969001080204,True,0.9769538155452139
123,HPC,1458.62841796875,6.303844514347081,phase_reversing_1,1468,1.2662337662337662,0.11747851002865327,6.770833333333333,5.347222222222222,0.019518594681443797,-0.0003004280229850732,0.5717034361305463,146.56598848369734,True,0.9769538155452139
102,HPC,1346.02197265625,6.199400247258614,phase_reversing_1,1518,1.3267973856209152,0.14044943820224723,7.048611111111112,5.3125,0.011561735484895638,-0.0005254339365671385,0.816395240206284,189.28307754818485,True,0.9783083583503205
194,HPC,2334.79296875,6.192279047229856,phase_reversing_1,1568,1.3483870967741935,0.14835164835164835,7.256944444444445,5.381944444444445,0.02059531897040228,-0.00021372424227414434,0.5142979194225478,191.79295862473748,True,0.9769538155452139
188,HPC,2233.57275390625,6.1859490916487365,phase_reversing_1,1493,1.270440251572327,0.11911357340720219,7.013888888888889,5.520833333333334,0.028425100252439578,0.0001382865832917776,0.2993435850988767,261.53142370481834,True,0.9722844876267847
141,HPC,1694.698974609375,6.066075557831292,phase_reversing_1,1478,1.4925373134328357,0.19760479041916165,6.944444444444444,4.652777777777778,0.03860895333376654,0.0008146124496870726,0.1104427118105178,268.17620144475586,True,0.878256761634575
159,HPC,1928.7998046875,6.060141224473992,phase_reversing_1,1451,1.3133333333333332,0.13544668587896252,6.840277777777779,5.208333333333334,0.02688449223727347,3.361921659591827e-05,0.35043642396636326,161.96940128380783,True,0.9722844876267847
173,HPC,2037.5264892578125,5.936707090642168,phase_reversing_1,1374,1.2569444444444444,0.11384615384615386,6.284722222222222,5.0,0.005618937471535879,-0.0006967366659019613,0.9575617020025997,101.55048421071365,True,0.9930091819394169
134,HPC,1609.666259765625,5.927607779494309,phase_reversing_1,1492,1.3783783783783783,0.15909090909090903,7.083333333333333,5.138888888888889,0.033190025120311356,0.0004316257740378625,0.19331083439945757,11.256002966005418,True,0.9336876700885711
121,HPC,1463.572265625,5.902287957169833,phase_reversing_1,1392,1.3357142857142856,0.14373088685015284,6.493055555555555,4.861111111111112,0.016293226039083973,-0.000453247198456598,0.6911316435154564,255.59605754089174,True,0.9769538155452139
202,HPC,2495.99462890625,5.84136213470156,phase_reversing_1,1437,1.3288590604026846,0.1412103746397695,6.875,5.173611111111111,0.015833445874550003,-0.00044550624103556296,0.6975714798807018,277.5257561890796,True,0.9769538155452139
163,HPC,1993.0799560546875,5.831075956882241,phase_reversing_1,1293,1.4031007751937987,0.16774193548387104,6.284722222222222,4.479166666666666,0.03461284908205725,0.0004249827962843746,0.21247250497251416,223.13032257924814,True,0.9336876700885711
151,HPC,1814.18701171875,5.795074334514626,phase_reversing_1,1380,1.2727272727272727,0.12000000000000004,6.319444444444445,4.965277777777778,0.023750907682646705,-0.00016064847734992274,0.45918895131854426,319.60313217199746,True,0.9722844876267847
182,HPC,2136.575927734375,5.68430011184504,phase_reversing_1,1415,1.4545454545454544,0.18518518518518512,7.222222222222221,4.965277777777778,0.05250226108312607,0.002051223265671597,0.02020670762202216,173.42879193195373,True,0.878256761634575
193,HPC,2349.2587890625,5.6645190006540425,phase_reversing_1,1470,1.290322580645161,0.1267605633802816,6.944444444444444,5.381944444444445,0.008643294927726758,-0.000605977791425956,0.8960282541543896,104.20011792167759,True,0.9930091819394169
191,HPC,2294.20751953125,5.542667355717498,phase_reversing_1,1390,1.4148148148148147,0.17177914110429449,6.631944444444445,4.6875,0.032811903704183645,0.00035745372521435757,0.22394211374281775,132.2539173356533,True,0.9336876700885711
133,HPC,1582.4456787109375,5.329031354854725,phase_reversing_1,1370,1.3724137931034481,0.15697674418604646,6.909722222222221,5.034722222222222,0.021350577120485752,-0.0002742800683509136,0.5356073969466285,195.66698386193823,True,0.9769538155452139
152,HPC,1855.1988525390625,5.168408731983825,phase_reversing_1,1198,1.3599999999999999,0.1525423728813559,5.902777777777777,4.340277777777778,0.029389617939218463,2.9049349917002043e-05,0.3553814213273785,72.38345933687685,True,0.9722844876267847
187,HPC,2219.548583984375,4.806810019412391,phase_reversing_1,1134,1.2580645161290325,0.11428571428571435,5.416666666666667,4.305555555555555,0.019099013641008505,-0.0005175182584153641,0.6613267816507411,180.8031156980771,True,0.9769538155452139
181,HPC,2092.29345703125,4.804040663845652,phase_reversing_1,1113,1.415929203539823,0.17216117216117213,5.555555555555555,3.923611111111111,0.035745447124541065,0.0003796054586496681,0.24124635667148298,161.04527945755893,True,0.9336876700885711
112,HPC,1395.1429443359375,4.780698952640274,phase_reversing_1,1100,1.324561403508772,0.13962264150943396,5.243055555555555,3.958333333333333,0.017103173079455587,-0.0006171334100778928,0.7249535523988878,167.4885414692397,True,0.9769538155452139
149,HPC,1772.805419921875,4.721355619067282,phase_reversing_1,1172,1.3931623931623929,0.16428571428571423,5.659722222222221,4.0625,0.0170968904827686,-0.0005614176819652381,0.7100223639727764,255.154924258423,True,0.9769538155452139
189,HPC,2232.44677734375,4.65884730770373,phase_reversing_1,1122,1.2941176470588236,0.12820512820512817,5.347222222222222,4.131944444444445,0.01610610666580153,-0.0006324225817077092,0.7475579191314682,212.91950959802705,True,0.9769538155452139
180,HPC,2091.478271484375,4.554007418391443,phase_reversing_1,1129,1.3508771929824561,0.14925373134328357,5.347222222222221,3.958333333333333,0.007570732340319838,-0.0008291580224800219,0.9373654688234069,302.3451766773797,True,0.9930091819394169
139,HPC,1667.00732421875,4.516818929352368,phase_reversing_1,1120,1.3445378151260503,0.14695340501792112,5.555555555555555,4.131944444444445,0.04667911651499802,0.0012872320901298057,0.08710397391294558,150.02648940120918,True,0.878256761634575
186,HPC,2220.048583984375,4.302391684041955,phase_reversing_1,1018,1.323809523809524,0.13934426229508207,4.826388888888889,3.645833333333333,0.013281883489067425,-0.0008067022804921624,0.835685001899507,125.75437437160622,True,0.9783083583503205
166,HPC,2027.255126953125,4.067392083092905,phase_reversing_1,978,1.4062500000000002,0.1688311688311689,4.6875,3.333333333333333,0.044009550841492974,0.0009152815484483277,0.1504418219660313,175.29146650096698,True,0.8957839620922968
135,HPC,1611.0538330078125,3.8767021712116887,phase_reversing_1,1022,1.361904761904762,0.15322580645161293,4.965277777777778,3.645833333333333,0.007349161884873882,-0.0009253688497756074,0.9463222181805346,335.37244467314474,True,0.9930091819394169
131,HPC,1566.087158203125,3.873537193421129,phase_reversing_1,959,1.31,0.1341991341991342,4.548611111111111,3.472222222222222,0.026688637714615247,-0.0003308144422166576,0.5051775648153465,230.2978755618005,True,0.9769538155452139
80,HPC,1105.8084716796875,3.7702797930041223,phase_reversing_1,952,1.7692307692307696,0.27777777777777785,4.791666666666667,2.708333333333333,0.022269653053335742,-0.0005550657732340898,0.6237890239138454,170.96850894878816,True,0.9769538155452139
119,HPC,1459.12548828125,3.6448675480531985,phase_reversing_1,1024,1.3428571428571432,0.14634146341463422,4.895833333333334,3.645833333333333,0.029927939176478957,-8.09600191676945e-05,0.3997421981552752,249.71043118093598,True,0.9722844876267847
83,HPC,1176.2711181640625,3.6278557924289405,phase_reversing_1,910,1.4777777777777779,0.19282511210762335,4.618055555555555,3.1249999999999996,0.061731720891702084,0.0027148876583810966,0.031140900752071075,211.40428763077603,True,0.878256761634575
147,HPC,1748.5361328125,3.5582262810366294,phase_reversing_1,808,1.3846153846153846,0.16129032258064513,3.75,2.7083333333333335,0.03393237445817404,-8.632456333735858e-05,0.3945425895133503,242.56690395946666,True,0.9722844876267847
106,HPC,1364.9876708984375,3.545961992098211,phase_reversing_1,819,1.56,0.21875000000000006,4.0625,2.6041666666666665,0.02322255934785015,-0.0006825473494839095,0.643092798704417,24.285885055534706,True,0.9769538155452139
95,HPC,1286.162841796875,3.543983880979111,phase_reversing_1,828,1.5526315789473686,0.21649484536082478,4.097222222222222,2.638888888888889,0.05391291092901325,0.0017009267556073583,0.09008855188882524,28.023051870298485,True,0.878256761634575
199,HPC,2478.93896484375,3.5036304141494763,phase_reversing_1,865,1.5657894736842108,0.22051282051282062,4.131944444444445,2.6388888888888884,0.04663047733216871,0.00101951067712431,0.15246923728749626,152.81425416438609,True,0.8957839620922968
125,HPC,1475.7177734375,3.31531423561118,phase_reversing_1,785,1.5394736842105263,0.21243523316062177,4.0625,2.638888888888889,0.03779192823042415,0.00015454135702579156,0.32600368190412254,282.77092083383474,True,0.9722844876267847
171,HPC,2033.68896484375,3.294346257748723,phase_reversing_1,734,1.5774647887323945,0.2240437158469946,3.8888888888888893,2.4652777777777777,0.07927890329098382,0.004929462575925696,0.009878323758233144,201.24840501867027,True,0.878256761634575
146,HPC,1746.5018310546875,3.210474346298893,phase_reversing_1,678,1.5303030303030303,0.20958083832335328,3.506944444444444,2.2916666666666665,0.02209463615040554,-0.0009882108451882549,0.7183648683498605,175.45149900291705,True,0.9769538155452139
94,HPC,1306.9345703125,3.0122676121650986,phase_reversing_1,780,1.329268292682927,0.1413612565445026,3.7847222222222223,2.8472222222222223,0.034541334044705,-8.906170613792132e-05,0.39443458296703765,305.9314229534578,True,0.9722844876267847
161,HPC,1969.720458984375,2.792697277945026,phase_reversing_1,631,1.4833333333333332,0.19463087248322145,3.0902777777777777,2.0833333333333335,0.03644354480804702,-0.00025706148316009754,0.43271952468324293,132.78675204183082,True,0.9722844876267847
127,HPC,1473.04736328125,2.76223436671089,phase_reversing_1,629,1.5000000000000002,0.20000000000000007,3.125,2.083333333333333,0.011650205302715693,-0.0014564132780549009,0.918229846927562,67.76554839318813,True,0.9930091819394169
81,HPC,1149.5631103515625,2.717924677643056,phase_reversing_1,673,1.3432835820895523,0.1464968152866242,3.125,2.326388888888889,0.040600698382922615,0.00016277447214114627,0.32988294845022453,79.55947247800486,True,0.9722844876267847
176,HPC,2078.0791015625,2.6949785886614985,phase_reversing_1,663,1.3529411764705883,0.15000000000000002,3.1944444444444446,2.361111111111111,0.025055968381741886,-0.0008818241258677328,0.6596908484437068,37.58703516790536,True,0.9769538155452139
110,HPC,1414.1494140625,2.6475039218031045,phase_reversing_1,657,1.5645161290322582,0.22012578616352205,3.368055555555556,2.1527777777777777,0.02917881278869178,-0.0006716892575416272,0.5717432162399306,92.0611416106815,True,0.9769538155452139
198,HPC,2449.637939453125,2.3895582318724973,phase_reversing_1,604,1.526315789473684,0.20833333333333326,3.020833333333333,1.9791666666666667,0.026621874628999027,-0.0009484752535782192,0.6519476330999551,141.7443838583462,True,0.9769538155452139
111,HPC,1396.742431640625,2.2692890758312325,phase_reversing_1,347,1.71875,0.26436781609195403,1.9097222222222223,1.1111111111111112,0.024832586606542164,-0.002271733806135024,0.807586528127464,280.2787227984681,True,0.9783083583503205
144,HPC,1693.172119140625,2.234869942358897,phase_reversing_1,534,1.557692307692308,0.21804511278195493,2.8125,1.8055555555555554,0.03423955719473052,-0.0007016258051408764,0.5349238410461202,165.88864621236488,True,0.9769538155452139
140,HPC,1646.671142578125,2.181460942143204,phase_reversing_1,592,1.6181818181818182,0.2361111111111111,3.0902777777777777,1.909722222222222,0.06398006600824083,0.0024083277784770914,0.08858830303465264,96.75517761597277,True,0.878256761634575
201,HPC,2508.2275390625,2.116183275212912,phase_reversing_1,492,1.8571428571428568,0.29999999999999993,2.708333333333333,1.4583333333333335,0.07202843245749802,0.0031620015895802486,0.07782748952631087,353.6394590590529,True,0.878256761634575
91,HPC,1268.5537109375,2.0916546973360752,phase_reversing_1,486,1.4565217391304348,0.1858407079646018,2.326388888888889,1.597222222222222,0.027146386881723366,-0.0013234099136580405,0.6991822016918265,51.153345813612894,True,0.9769538155452139
96,HPC,1344.404052734375,2.0236076748390435,phase_reversing_1,539,1.5660377358490565,0.22058823529411764,2.881944444444444,1.8402777777777777,0.039817868975368334,-0.00027032641306757563,0.4256616744197033,181.31804949327986,True,0.9722844876267847
104,HPC,1370.7872314453125,1.6635914511628893,phase_reversing_1,394,1.685714285714286,0.25531914893617025,2.048611111111111,1.2152777777777777,0.05591945413573763,0.0005904127944796753,0.2918744030940055,2.2075826377213734,True,0.9722844876267847
197,HPC,2423.4501953125,1.6394584955098723,phase_reversing_1,415,1.6756756756756754,0.2525252525252525,2.1527777777777777,1.2847222222222223,0.05828934418001742,0.000990395586107875,0.24425991572009847,15.787657651778296,True,0.9336876700885711
82,HPC,1147.5198974609375,1.555190961836223,phase_reversing_1,392,1.5945945945945945,0.22916666666666663,2.048611111111111,1.2847222222222223,0.026004158621347525,-0.0018795990380643286,0.7673718723471824,252.94456682728017,True,0.9769538155452139
84,HPC,1173.6036376953125,1.4697365614911138,phase_reversing_1,368,1.7575757575757573,0.27472527472527464,2.013888888888889,1.1458333333333335,0.06622001143116965,0.0016722427474972206,0.1992312120049491,256.64737461190333,True,0.9336876700885711
116,HPC,1466.636474609375,1.435713050242598,phase_reversing_1,397,1.5833333333333335,0.2258064516129033,1.979166666666667,1.25,0.034334833161712125,-0.0013433947853729424,0.6265263410781315,82.21311869991086,True,0.9769538155452139
177,HPC,2073.6142578125,1.4024807834417223,phase_reversing_1,324,1.6666666666666665,0.25,1.7361111111111112,1.0416666666666667,0.02611505452630908,-0.0024118677163358537,0.8019862880236994,192.17943075984948,True,0.9783083583503205
167,HPC,2027.8082275390625,1.2687604717905794,phase_reversing_1,276,2.157894736842105,0.36666666666666664,1.4236111111111112,0.6597222222222223,0.09563846112063476,0.005543612391870524,0.0800026053047716,207.72054351528908,True,0.878256761634575
78,HPC,1107.63916015625,1.1338532934679764,phase_reversing_1,266,2.388888888888889,0.40983606557377056,1.4930555555555556,0.625,0.11927643695011055,0.010506969801745824,0.02257918434918605,136.23479516187547,True,0.878256761634575
100,HPC,1348.2078857421875,0.773837069791822,phase_reversing_1,195,1.7058823529411764,0.26086956521739124,1.0069444444444444,0.5902777777777778,0.011029902963425918,-0.0050323533088680135,0.9766142848500381,289.78550211446526,False,0.9952757043057714
178,HPC,2103.47509765625,0.21126226751985325,phase_reversing_1,28,inf,1.0,0.2777777777777778,0.0,0.32876367004010393,0.07505168224706199,0.04711428662930666,130.02122694808696,False,0.878256761634575
200,HPC,2553.99560546875,0.08901500035948873,phase_reversing_1,14,inf,1.0,0.10416666666666667,0.0,0.25517884009993963,-0.0067978949164224645,0.40902828208490066,324.38480180093575,False,0.9722844876267847
39,CTX,654.4733276367188,26.821999908321143,phase_reversing_2,6651,1.1501377410468319,0.06982703395259447,28.993055555555557,25.208333333333336,0.00942060162303808,-6.161485938558522e-05,0.5541998549576227,302.46501199646644,True,0.9828123382368719
37,CTX,626.8199462890625,25.036556812221708,phase_reversing_2,6473,1.2558479532163742,0.1134154244977317,29.82638888888889,23.75,0.022215670815642484,0.0003391005440086722,0.04097446760522318,64.40705347983764,True,0.8266445182489788
33,CTX,553.48486328125,22.320214623473934,phase_reversing_2,5842,1.1638330757341577,0.07571428571428575,26.145833333333336,22.46527777777778,0.003380465548547039,-0.00015977405727236015,0.935425092278227,54.09387856979262,True,0.9959858206119422
36,CTX,626.8485717773438,21.47200057560396,phase_reversing_2,5821,1.2438625204582652,0.10867979576951128,26.38888888888889,21.21527777777778,0.014044396804783959,2.5457666675794645e-05,0.3172320942820232,233.87904948450557,True,0.9828123382368719
19,CTX,464.17071533203125,20.402238082394817,phase_reversing_2,5503,1.1804635761589404,0.08276385725132876,24.756944444444443,20.97222222222222,0.017965145003509785,0.0001410530046872447,0.1693046434865255,260.519586616908,True,0.8593740535742387
34,CTX,612.848876953125,18.62272931965268,phase_reversing_2,5015,1.184981684981685,0.08466051969823978,22.46527777777778,18.958333333333332,0.013003552523555995,-3.0315461340667972e-05,0.4282922116335807,35.534769728525504,True,0.9828123382368719
3,CTX,79.40536499023438,15.250445483811427,phase_reversing_2,3664,1.1597051597051597,0.07394766780432309,16.38888888888889,14.131944444444445,0.016392538022227444,-4.211610839073991e-06,0.37362425422289897,285.4471042691236,True,0.9828123382368719
14,CTX,424.4336242675781,14.317172657820166,phase_reversing_2,3883,1.2469437652811737,0.10990206746463553,17.708333333333336,14.20138888888889,0.02307456205355527,0.0002749733932044763,0.12650724605242594,181.5519333292448,True,0.8593740535742387
48,CTX,727.296875,13.284203031426276,phase_reversing_2,3836,1.2487437185929648,0.11061452513966481,17.256944444444443,13.819444444444443,0.0203699424233401,0.00015428655812532247,0.203590105840799,163.76373301293398,True,0.9528828963137459
52,CTX,765.3553466796875,12.685230984562873,phase_reversing_2,3188,1.2316715542521992,0.10381077529566353,14.583333333333332,11.840277777777779,0.0021159567570755624,-0.00030929603190554437,0.9858300286249968,39.90170061971747,True,0.9983088897468322
53,CTX,810.2553100585938,12.138085449019883,phase_reversing_2,3192,1.1849710982658959,0.08465608465608462,14.23611111111111,12.01388888888889,0.009991270737476242,-0.00021352461074554668,0.727165622506933,35.012655152822205,True,0.9828123382368719
24,CTX,505.1506652832031,10.605444953941397,phase_reversing_2,2810,1.2175324675324675,0.09809663250366026,13.020833333333332,10.694444444444445,0.02362329864625456,0.00020226033157482102,0.2084431335686319,182.12866762363217,True,0.9528828963137459
69,CTX,933.3778076171875,10.307937041628794,phase_reversing_2,3026,1.1750741839762613,0.08049113233287865,13.75,11.701388888888888,0.007254454523402334,-0.00027793400457270324,0.8528040971870828,251.40880022803674,True,0.9954579865729282
31,CTX,584.6793823242188,10.041683284997967,phase_reversing_2,2837,1.1518987341772153,0.0705882352941177,12.63888888888889,10.972222222222221,0.003859113813679774,-0.00033771129813321157,0.9586363523389944,226.07067584693942,True,0.9959858206119422
61,CTX,847.1752319335938,7.789801587014813,phase_reversing_2,1516,1.2452830188679243,0.10924369747899149,6.874999999999999,5.520833333333334,0.019628363922881763,-0.00027453903091864364,0.5576983760792389,246.49856697081088,True,0.9828123382368719
1,CTX,72.90603637695312,7.531064652636566,phase_reversing_2,1910,1.276381909547739,0.1214128035320089,8.819444444444445,6.909722222222221,0.03166810999089418,0.00047956005953649045,0.14727422439097823,245.09171816209994,True,0.8593740535742387
43,CTX,749.934326171875,7.295273807239876,phase_reversing_2,1611,1.3488372093023255,0.14851485148514848,8.055555555555555,5.972222222222222,0.013373859454032933,-0.0004421468024859502,0.7497112705298032,225.58935905296116,True,0.9828123382368719
63,CTX,891.9421997070312,7.175400273422431,phase_reversing_2,1252,1.2740740740740741,0.1205211726384365,5.972222222222222,4.6875,0.02257048903949706,-0.000289526320300931,0.5285440577552644,161.28630007397769,True,0.9828123382368719
28,CTX,512.4619750976562,7.116848184297078,phase_reversing_2,2047,1.346153846153846,0.14754098360655735,9.722222222222221,7.222222222222222,0.022931920916239582,3.737146855915938e-05,0.34084051587438774,60.92366244373191,True,0.9828123382368719
47,CTX,742.1814575195312,6.9206195612823835,phase_reversing_2,2207,1.271966527196653,0.11970534069981593,10.555555555555557,8.29861111111111,0.030463528621397902,0.00047513810216648746,0.12897124219000658,41.78977315529033,True,0.8593740535742387
42,CTX,702.7573852539062,6.617177315612482,phase_reversing_2,1433,1.4,0.16666666666666663,7.048611111111111,5.034722222222222,0.02498855864915027,-7.345990586747304e-05,0.40875762908909213,255.97786179032002,True,0.9828123382368719
21,CTX,488.3040771484375,6.508776826285816,phase_reversing_2,1848,1.2663316582914572,0.11751662971175167,8.75,6.909722222222222,0.00310944351078722,-0.0005317446427863327,0.9822957401530029,216.0954628101505,True,0.9983088897468322
70,CTX,967.37646484375,6.150343091504941,phase_reversing_2,1397,1.3496503496503496,0.14880952380952378,6.701388888888888,4.965277777777778,0.001057706392848848,-0.0007152128340183222,0.9984388948183233,59.684692066001475,True,0.9984388948183233
5,CTX,125.89278411865234,5.509039466692802,phase_reversing_2,1267,1.4274193548387097,0.1760797342192691,6.145833333333333,4.305555555555555,0.03946406319030958,0.0007687530514851844,0.1390070065037597,244.80504109822684,True,0.8593740535742387
2,CTX,81.89913940429688,4.824613019484289,phase_reversing_2,1163,1.1937984496124032,0.08833922261484106,5.347222222222222,4.479166666666666,0.005384171465776189,-0.0008315709477971965,0.9668612157370229,146.33842246600014,True,0.9980502872124106
76,CTX,1066.022705078125,4.6683422410754085,phase_reversing_2,1098,1.2869565217391306,0.12547528517110274,5.138888888888889,3.9930555555555554,0.009311704034160803,-0.0008247901553712419,0.9092238764483289,304.7949539456731,True,0.9954579865729282
41,CTX,707.9666137695312,4.056314660825946,phase_reversing_2,774,1.426666666666667,0.17582417582417592,3.7152777777777777,2.604166666666666,0.010972302498635346,-0.0011731138929856571,0.9110790586463886,109.31851175961333,True,0.9954579865729282
18,CTX,463.1156005859375,3.9332761492179418,phase_reversing_2,968,1.2500000000000002,0.1111111111111112,4.513888888888889,3.6111111111111107,0.007493061150637896,-0.0009779221359729384,0.9471270846171538,287.9337581468774,True,0.9959858206119422
73,CTX,983.28515625,3.9127037935793045,phase_reversing_2,856,1.4137931034482758,0.17142857142857143,4.270833333333333,3.020833333333333,0.016298611935516433,-0.0009036351966350617,0.7967022655162547,190.85995139674262,True,0.9828123382368719
38,CTX,649.0108642578125,3.854151704453952,phase_reversing_2,852,1.5874999999999997,0.22705314009661828,4.409722222222221,2.7777777777777777,0.04613104803526845,0.0009554861352445039,0.16316077259581815,8.609701380473217,True,0.8593740535742387
6,CTX,125.71984100341797,3.673747970392055,phase_reversing_2,840,1.3295454545454546,0.14146341463414638,4.0625,3.0555555555555554,0.013130709324933338,-0.00101927408462962,0.8652393383294298,73.8532568871267,True,0.9954579865729282
40,CTX,700.1046752929688,3.5578306588128092,phase_reversing_2,760,1.563380281690141,0.21978021978021983,3.854166666666667,2.4652777777777777,0.056950687987264374,0.0019301310346367343,0.084979363245712,267.83426568854026,True,0.8266445182489788
10,CTX,305.61083984375,3.4233191027140264,phase_reversing_2,735,1.4929577464788732,0.19774011299435026,3.6805555555555554,2.4652777777777777,0.06446378159762658,0.0027988428696619576,0.047101635287806795,166.58965244948536,True,0.8266445182489788
74,CTX,1005.5782470703125,3.369514480274513,phase_reversing_2,843,1.689189189189189,0.2562814070351758,4.340277777777778,2.5694444444444446,0.03838593893888535,0.0002875818287759156,0.28884510938134217,0.4202441296782979,True,0.9828123382368719
12,CTX,388.285888671875,3.331139124563978,phase_reversing_2,735,1.3733333333333333,0.15730337078651688,3.576388888888889,2.6041666666666665,0.031554562893132965,-0.0003653508543026393,0.48117855815724286,356.27186617088825,True,0.9828123382368719
0,CTX,73.41268920898438,3.241728501980669,phase_reversing_2,813,1.5374999999999999,0.21182266009852216,4.270833333333333,2.7777777777777777,0.014877799864918606,-0.001009905567572506,0.835390487501341,246.45964760353695,True,0.9828123382368719
71,CTX,967.621337890625,3.0834796124526895,phase_reversing_2,764,1.4864864864864864,0.19565217391304346,3.8194444444444446,2.5694444444444446,0.052642478526154,0.001464246574924916,0.12035598246499789,212.03684512864703,True,0.8593740535742387
60,CTX,855.4642944335938,2.9335387896249285,phase_reversing_2,583,1.6727272727272726,0.25170068027210885,3.194444444444444,1.909722222222222,0.03721538049082312,-0.00033084881481144646,0.4461798572782263,284.0720748643644,True,0.9828123382368719
46,CTX,730.2316284179688,2.675593099694321,phase_reversing_2,567,1.2881355932203389,0.1259259259259259,2.638888888888889,2.048611111111111,0.01393699454118209,-0.001572201455567469,0.8957962635415991,334.701763550928,True,0.9954579865729282
13,CTX,385.3935546875,2.588556210453932,phase_reversing_2,596,1.8653846153846152,0.3020134228187919,3.3680555555555554,1.8055555555555556,0.06561868264063367,0.0026323759005871432,0.0767751684064484,160.53616434708272,True,0.8266445182489788
44,CTX,743.8521728515625,2.5394990547002583,phase_reversing_2,589,1.4561403508771933,0.1857142857142858,2.8819444444444446,1.9791666666666665,0.01140096494646776,-0.0015704772125722185,0.9263557444842008,89.7403839488424,True,0.9959858206119422
4,CTX,130.6201171875,2.44929718766931,phase_reversing_2,595,1.2903225806451613,0.1267605633802817,2.7777777777777777,2.1527777777777777,0.02286130012056363,-0.0011599827765901057,0.7328973189408183,61.66558595461706,True,0.9828123382368719
11,CTX,331.4168395996094,2.361073431757461,phase_reversing_2,541,1.3703703703703705,0.15625000000000003,2.5694444444444446,1.875,0.02968158871729792,-0.0009692236676823897,0.6210871564414147,348.3619789290759,True,0.9828123382368719
8,CTX,218.69528198242188,2.2700803202788724,phase_reversing_2,630,1.4032258064516128,0.16778523489932884,3.020833333333333,2.1527777777777777,0.037907992747669164,-0.00015052460108247538,0.4045715037530388,273.47954697252555,True,0.9828123382368719
54,CTX,809.6605224609375,2.1735484976668045,phase_reversing_2,434,1.4634146341463414,0.18811881188118815,2.0833333333333335,1.4236111111111112,0.021008638223058696,-0.0018670866283729435,0.8258417332053157,182.8202733379604,True,0.9828123382368719
75,CTX,1006.634033203125,2.170383519876245,phase_reversing_2,501,1.7906976744186043,0.28333333333333327,2.6736111111111107,1.4930555555555556,0.06806043205726488,0.0026414868566452115,0.09816403654206624,133.83757492927884,True,0.8266445182489788
9,CTX,250.51275634765625,2.1213263641225715,phase_reversing_2,456,1.3829787234042552,0.1607142857142857,2.2569444444444446,1.6319444444444446,0.02518139865315634,-0.001562305727061741,0.7491021732467752,339.3097648203262,True,0.9828123382368719
51,CTX,770.325439453125,1.7019668068734244,phase_reversing_2,355,1.2307692307692308,0.10344827586206898,1.6666666666666665,1.3541666666666665,0.013909238217079145,-0.0026308453325940492,0.9337117912544963,320.65774616173076,True,0.9959858206119422
59,CTX,851.4287719726562,1.57892829526542,phase_reversing_2,334,1.3636363636363638,0.15384615384615388,1.5625,1.1458333333333333,0.033710217281302156,-0.0018632117050541464,0.6844836172208149,15.454506970257647,True,0.9828123382368719
7,CTX,186.6515655517578,1.428591850213839,phase_reversing_2,351,1.6774193548387095,0.25301204819277107,1.8055555555555554,1.0763888888888888,0.028533348898578482,-0.0020406647092052243,0.751699380440074,132.56790733622375,True,0.9828123382368719
16,CTX,424.6138000488281,1.240275671675543,phase_reversing_2,279,1.6666666666666665,0.24999999999999994,1.3888888888888888,0.8333333333333334,0.05449393457988788,-0.000616851421679169,0.4370770141512565,150.09327619612174,True,0.9828123382368719
68,CTX,932.6470336914062,1.1904272714742292,phase_reversing_2,258,1.9000000000000004,0.31034482758620696,1.3194444444444446,0.6944444444444444,0.04078852058632706,-0.0022208736179055396,0.6514315970797401,137.73450901492063,True,0.9828123382368719
17,CTX,462.4216613769531,1.0749055821188038,phase_reversing_2,264,1.4,0.16666666666666663,1.2152777777777777,0.8680555555555556,0.03274620732248143,-0.002725890034913189,0.7537976779136862,20.265501588521065,True,0.9828123382368719
26,CTX,548.7279663085938,0.7591990475104838,phase_reversing_2,183,1.8000000000000003,0.28571428571428575,0.9375,0.5208333333333333,0.05955306576057914,-0.001928451217628863,0.5231823604762186,171.6048596441893,False,0.9828123382368719
29,CTX,588.9581298828125,0.6401167581406789,phase_reversing_2,163,2.272727272727273,0.38888888888888895,0.8680555555555556,0.3819444444444444,0.07847155391483478,2.2956284758257998e-05,0.36707643490261527,0.055699069079669934,False,0.9828123382368719
22,CTX,503.4034729003906,0.5598054467052291,phase_reversing_2,122,3.0,0.5,0.8333333333333334,0.2777777777777778,0.051039911578260384,-0.005637860710596447,0.7285300829019821,189.83097577495303,False,0.9828123382368719
62,CTX,877.8511352539062,0.22748277869647118,phase_reversing_2,45,4.5,0.6363636363636364,0.3125,0.06944444444444445,0.07466892691168363,-0.017025109339172593,0.7799875388385249,328.78328328351773,False,0.9828123382368719
206,HPC,2538.06640625,37.26286601715344,phase_reversing_2,9611,1.0928116469517744,0.04434782608695649,41.701388888888886,38.15972222222222,0.0062974408289656995,-6.439638492024456e-05,0.6830858775973947,21.81511361383825,True,0.9828123382368719
205,HPC,2536.6416015625,37.20945701693775,phase_reversing_2,9660,1.093525179856115,0.04467353951890029,42.22222222222222,38.611111111111114,0.008375269289352614,-3.33779883461837e-05,0.5078450889076624,334.82418631918614,True,0.9828123382368719
196,HPC,2384.36865234375,30.691976501727893,phase_reversing_2,8196,1.5182038834951457,0.20578313253012048,43.4375,28.61111111111111,0.0066309106797555915,-7.80512835965855e-05,0.6974309905840672,117.46054409100265,True,0.9828123382368719
179,HPC,2093.244873046875,28.42189618144902,phase_reversing_2,6580,1.1579670329670333,0.07320178230426488,29.270833333333336,25.277777777777775,0.006383742594948042,-0.00011124042021096139,0.7648071012008809,295.4786045207934,True,0.9828123382368719
115,HPC,1410.151611328125,27.26034933231365,phase_reversing_2,7843,1.102017937219731,0.04853333333333333,34.13194444444444,30.97222222222222,0.013032171274352744,4.2340655363050284e-05,0.2639469725931077,292.5023523873155,True,0.9828123382368719
93,HPC,1309.1307373046875,26.173970705704065,phase_reversing_2,6361,1.1489361702127658,0.0693069306930693,28.124999999999996,24.479166666666664,0.007657074968990388,-9.85926886429903e-05,0.6887157464990521,284.4328863303606,True,0.9828123382368719
195,HPC,2384.6845703125,23.959277496759984,phase_reversing_2,6481,1.554531490015361,0.21707757065544198,35.138888888888886,22.604166666666664,0.00567171466116746,-0.0001221476762055083,0.8118264838188793,331.16605439883705,True,0.9828123382368719
107,HPC,1366.1378173828125,23.43151745018417,phase_reversing_2,5252,1.1440536013400338,0.06718750000000007,23.71527777777778,20.729166666666664,0.012455291179438796,-3.52760940828585e-05,0.4427636099781594,76.4227782167654,True,0.9828123382368719
160,HPC,1973.4671630859375,19.27313225561268,phase_reversing_2,4494,1.1991701244813278,0.09056603773584902,20.069444444444443,16.73611111111111,0.004457760003322641,-0.00020269239275160907,0.9145770251638778,43.18550905814937,True,0.9954579865729282
162,HPC,1953.154052734375,18.08270498413845,phase_reversing_2,4094,1.1359649122807016,0.06365503080082133,17.98611111111111,15.833333333333334,0.014435607379170589,-3.588189662829696e-05,0.42610237259698985,10.689339868796115,True,0.9828123382368719
130,HPC,1537.6485595703125,16.922345001674536,phase_reversing_2,3881,1.215456674473068,0.0972515856236787,18.020833333333336,14.82638888888889,0.007665043720512361,-0.00019896392102674814,0.7961290670348552,301.6978146822628,True,0.9828123382368719
157,HPC,1935.87744140625,14.61151559234221,phase_reversing_2,3560,1.2544529262086517,0.11286681715575629,17.118055555555557,13.645833333333332,0.01576645999241136,-3.2326696244839365e-05,0.4127637044252171,88.16708220363786,True,0.9828123382368719
99,HPC,1343.5479736328125,13.857855255965205,phase_reversing_2,3518,1.1329923273657287,0.06235011990407667,15.381944444444443,13.57638888888889,0.007399290239895601,-0.00022956817539985047,0.8248250369876027,72.81690948065962,True,0.9828123382368719
183,HPC,2115.36962890625,12.54043325064477,phase_reversing_2,2968,1.2429906542056075,0.10833333333333335,13.854166666666668,11.145833333333334,0.028992442136823848,0.0005038042226954533,0.08250543329365535,12.545285263455044,True,0.8266445182489788
154,HPC,1891.9034423828125,12.459330694761682,phase_reversing_2,3063,1.1378299120234603,0.06447187928669404,13.472222222222221,11.840277777777779,0.01569688992819601,-8.011111086902939e-05,0.47018780758915046,293.9271340709379,True,0.9828123382368719
126,HPC,1491.674072265625,11.910602670323412,phase_reversing_2,2779,1.2534246575342465,0.11246200607902729,12.708333333333332,10.13888888888889,0.009765769964551816,-0.000264566608755037,0.7672116270861563,261.60096497884746,True,0.9828123382368719
172,HPC,2055.85498046875,11.730594558485334,phase_reversing_2,2741,1.1770491803278689,0.08132530120481928,12.465277777777779,10.590277777777779,0.016114245879060022,-0.00010519981371990845,0.4908243839417308,295.45056124919944,True,0.9828123382368719
169,HPC,1997.716796875,10.65727146526181,phase_reversing_2,2477,1.2406015037593987,0.10738255033557052,11.458333333333334,9.23611111111111,0.009073645046540879,-0.0003215129352646868,0.8155463597932507,117.17168310579619,True,0.9828123382368719
168,HPC,1994.9326171875,10.583290109407478,phase_reversing_2,2570,1.2153284671532847,0.09719934102141678,11.5625,9.51388888888889,0.01057842618379359,-0.0002773098605092478,0.7501042598191449,17.98056606989976,True,0.9828123382368719
114,HPC,1418.731201171875,10.58289448718366,phase_reversing_2,2603,1.2730627306273066,0.12012987012987023,11.979166666666668,9.409722222222221,0.0012105764832417638,-0.0003828536953947394,0.9961933105098989,33.510717916418095,True,0.9984388948183233
113,HPC,1419.045654296875,10.331278752834171,phase_reversing_2,2537,1.1363636363636362,0.06382978723404252,11.284722222222221,9.930555555555555,0.00842507304879064,-0.0003233119209932524,0.8352295528909092,143.6892306609118,True,0.9828123382368719
92,HPC,1271.423828125,9.851388995340573,phase_reversing_2,2426,1.305019305019305,0.1323283082077052,11.73611111111111,8.993055555555555,0.03922004199239902,0.0011264748739654958,0.023936090998686002,102.30425730279516,True,0.8266445182489788
155,HPC,1893.3917236328125,9.824486684120815,phase_reversing_2,2347,1.3432203389830508,0.14647377938517178,11.006944444444445,8.194444444444445,0.02008263695743024,-2.2773237462159362e-05,0.3881094966912589,118.42735622673389,True,0.9828123382368719
153,HPC,1856.607421875,9.578805283128627,phase_reversing_2,2307,1.2362204724409447,0.10563380281690135,10.902777777777777,8.819444444444445,0.028605839878803274,0.0003849975851783109,0.15140733750881236,8.598659597807476,True,0.8593740535742387
185,HPC,2179.346923828125,8.918511791573131,phase_reversing_2,2211,1.1910569105691058,0.08719851576994435,10.17361111111111,8.541666666666666,0.022418950443729175,5.0348076255849955e-05,0.32917769270074826,183.53987624380272,True,0.9828123382368719
184,HPC,2179.62841796875,8.91257745821583,phase_reversing_2,2253,1.3549783549783554,0.1507352941176472,10.868055555555557,8.020833333333332,0.011339072924566894,-0.00031541806527583507,0.7485453046503542,0.2384748235768124,True,0.9828123382368719
88,HPC,1212.61376953125,8.199666210892282,phase_reversing_2,1979,1.216589861751152,0.09771309771309766,9.166666666666666,7.534722222222222,0.016338984453662015,-0.00023846379409428676,0.5896533800975271,343.42436745331565,True,0.9828123382368719
192,HPC,2349.681640625,8.056450965869459,phase_reversing_2,2018,1.3014354066985645,0.13097713097713098,9.444444444444445,7.256944444444445,0.031775807198095904,0.0005144166984614561,0.13034272271055292,325.26334536368785,True,0.8593740535742387
118,HPC,1436.7525634765625,8.014515010144544,phase_reversing_2,2112,1.3127753303964755,0.1352380952380952,10.347222222222221,7.881944444444445,0.015158897641272519,-0.00024380811023240367,0.6155530945803189,118.17561511966692,True,0.9828123382368719
132,HPC,1567.6287841796875,7.793362187029193,phase_reversing_2,1938,1.2822966507177034,0.12368972746331235,9.305555555555555,7.256944444444445,0.021010826465097346,-7.45795260141502e-05,0.42510751911017935,140.72910752509839,True,0.9828123382368719
129,HPC,1544.405517578125,7.7035559422220645,phase_reversing_2,2070,1.1869565217391307,0.08548707753479134,9.479166666666668,7.986111111111111,0.007101313039612513,-0.00043287225758569295,0.9008978463082168,141.34468599169438,True,0.9954579865729282
204,HPC,2524.290771484375,7.50297547474535,phase_reversing_2,1691,1.2888888888888892,0.1262135922330098,8.055555555555557,6.25,0.012375663413618862,-0.0004384683059338054,0.7718832927858083,161.70047994520672,True,0.9828123382368719
122,HPC,1446.6519775390625,7.386266918718464,phase_reversing_2,1761,1.2198952879581153,0.09905660377358494,8.090277777777779,6.631944444444445,0.03255042166997015,0.0004919501383649606,0.15477285382460185,288.124198769376,True,0.8593740535742387
148,HPC,1756.7283935546875,7.349474051903209,phase_reversing_2,1767,1.2819148936170215,0.1235431235431236,8.368055555555555,6.527777777777777,0.008061881269723051,-0.0005012206831167804,0.8915322651387959,306.61367300308035,True,0.9954579865729282
145,HPC,1745.724365234375,7.191620784599049,phase_reversing_2,1710,1.2162162162162162,0.09756097560975613,7.8125,6.423611111111111,0.023658478462376502,-2.5086388885551098e-05,0.38405041992743744,96.13906141673303,True,0.9828123382368719
150,HPC,1812.88720703125,7.116848184297078,phase_reversing_2,1713,1.3146067415730338,0.1359223300970874,8.125,6.180555555555555,0.0337644158746408,0.0005565895385726091,0.14186663440284608,13.471746592725315,True,0.8593740535742387
190,HPC,2294.13427734375,6.9265538946396825,phase_reversing_2,1723,1.2960893854748603,0.12895377128953772,8.055555555555555,6.215277777777778,0.027944068977622482,0.0002006043655853718,0.2604581917110111,29.91442897010758,True,0.9828123382368719
203,HPC,2514.4150390625,6.854155027680632,phase_reversing_2,1404,1.2781456953642383,0.12209302325581395,6.701388888888888,5.243055555555555,0.03265251530588616,0.00035418831442964076,0.2238470912080973,30.397843235439925,True,0.9694026698741548
164,HPC,2031.1707763671875,6.851781294337712,phase_reversing_2,1465,1.3051948051948052,0.13239436619718312,6.979166666666667,5.347222222222222,0.024724233231315514,-7.135485416389854e-05,0.4084573758196567,297.42933003713284,True,0.9828123382368719
124,HPC,1490.3388671875,6.540822226415232,phase_reversing_2,1589,1.2797619047619047,0.12271540469973885,7.465277777777778,5.833333333333334,0.038233702799348346,0.0008330136468960946,0.09798472318439704,147.75272651800233,True,0.8266445182489788
120,HPC,1439.46923828125,6.3972113591685895,phase_reversing_2,1486,1.2564102564102566,0.11363636363636374,6.805555555555556,5.416666666666666,0.02459392140252956,-6.813238966239116e-05,0.40711609344311545,34.28255171905797,True,0.9828123382368719
123,HPC,1458.62841796875,6.303844514347081,phase_reversing_2,1469,1.2564102564102566,0.11363636363636367,6.805555555555555,5.416666666666666,0.021896157947325814,-0.00020143058204163654,0.4945314066418157,325.76388023363484,True,0.9828123382368719
102,HPC,1346.02197265625,6.199400247258614,phase_reversing_2,1516,1.378378378378378,0.15909090909090898,7.083333333333332,5.138888888888889,0.011548254396861328,-0.0005266157991447032,0.8169992193192459,14.217872106185814,True,0.9828123382368719
194,HPC,2334.79296875,6.192279047229856,phase_reversing_2,1572,1.375,0.1578947368421053,7.256944444444445,5.277777777777778,0.0175548595256745,-0.0003281679808129784,0.6161090153044728,3.3327735855056715,True,0.9828123382368719
188,HPC,2233.57275390625,6.1859490916487365,phase_reversing_2,1491,1.262820512820513,0.11614730878186971,6.840277777777779,5.416666666666667,0.029384610341807334,0.00019289388556061556,0.2760265968076351,80.45098430315208,True,0.9828123382368719
141,HPC,1694.698974609375,6.066075557831292,phase_reversing_2,1475,1.4705882352941175,0.1904761904761904,6.944444444444444,4.722222222222222,0.04045701924631408,0.0009594547824203025,0.08942044487774135,88.2172117499215,True,0.8266445182489788
159,HPC,1928.7998046875,6.060141224473992,phase_reversing_2,1445,1.295302013422819,0.128654970760234,6.701388888888889,5.173611111111111,0.024858955231500206,-7.412516498164685e-05,0.4095107027531834,348.03763837222584,True,0.9828123382368719
173,HPC,2037.5264892578125,5.936707090642168,phase_reversing_2,1375,1.2080536912751678,0.0942249240121581,6.25,5.173611111111111,0.006477758122872637,-0.0006858101479910056,0.9439552786933155,278.7348512253394,True,0.9959858206119422
134,HPC,1609.666259765625,5.927607779494309,phase_reversing_2,1491,1.435374149659864,0.17877094972067037,7.326388888888889,5.104166666666667,0.031193066975174544,0.00030251951283941434,0.23442479437011204,190.44558552411917,True,0.9828123382368719
121,HPC,1463.572265625,5.902287957169833,phase_reversing_2,1394,1.2448979591836733,0.10909090909090903,6.354166666666666,5.104166666666667,0.015387389727200202,-0.0004809333545673049,0.7189517632563706,78.73675058587992,True,0.9828123382368719
202,HPC,2495.99462890625,5.84136213470156,phase_reversing_2,1435,1.321917808219178,0.13864306784660768,6.701388888888889,5.069444444444445,0.01600336164043974,-0.00044106388929888996,0.6925257324835042,101.37935290930935,True,0.9828123382368719
163,HPC,1993.0799560546875,5.831075956882241,phase_reversing_2,1293,1.3043478260869565,0.13207547169811318,6.25,4.791666666666667,0.032700779145673445,0.00029617481196378154,0.2509522002270468,41.787164610579964,True,0.9828123382368719
151,HPC,1814.18701171875,5.795074334514626,phase_reversing_2,1379,1.3357142857142859,0.14373088685015292,6.493055555555555,4.861111111111111,0.02227702974851846,-0.00022906321550059282,0.5044998786489787,136.82061772814126,True,0.9828123382368719
182,HPC,2136.575927734375,5.68430011184504,phase_reversing_2,1414,1.4166666666666667,0.17241379310344832,7.083333333333334,5.0,0.05327079772097584,0.002132072141697369,0.0180601522657336,354.1948782533884,True,0.8266445182489788
193,HPC,2349.2587890625,5.6645190006540425,phase_reversing_2,1467,1.3087248322147653,0.1337209302325582,6.770833333333334,5.173611111111111,0.00785381828334835,-0.0006204037031322879,0.9135120296668444,285.6515301798657,True,0.9954579865729282
191,HPC,2294.20751953125,5.542667355717498,phase_reversing_2,1387,1.3333333333333333,0.14285714285714285,6.388888888888889,4.791666666666667,0.03136238811794002,0.0002628083346280254,0.2556116442407722,311.6541844534801,True,0.9828123382368719
133,HPC,1582.4456787109375,5.329031354854725,phase_reversing_2,1369,1.4895104895104896,0.19662921348314613,7.395833333333334,4.965277777777778,0.021258163956162014,-0.00027875427403253433,0.5387475877059135,15.461008974978961,True,0.9828123382368719
152,HPC,1855.1988525390625,5.168408731983825,phase_reversing_2,1195,1.365079365079365,0.1543624161073825,5.972222222222221,4.375,0.02736691281143059,-8.794576163317409e-05,0.408695102544745,249.02758568265438,True,0.9828123382368719
187,HPC,2219.548583984375,4.806810019412391,phase_reversing_2,1134,1.352941176470588,0.15,5.590277777777778,4.131944444444445,0.020877680702586825,-0.00044635027058893687,0.6101068927316943,1.254223516396086,True,0.9828123382368719
181,HPC,2092.29345703125,4.804040663845652,phase_reversing_2,1118,1.4310344827586206,0.17730496453900707,5.763888888888888,4.027777777777778,0.03416905750237752,0.0002733145751939779,0.2711482442887266,337.0936877885805,True,0.9828123382368719
112,HPC,1395.1429443359375,4.780698952640274,phase_reversing_2,1101,1.310344827586207,0.1343283582089553,5.277777777777779,4.027777777777778,0.01790767856134561,-0.0005881144258603805,0.7026178497087738,344.0244423621924,True,0.9828123382368719
149,HPC,1772.805419921875,4.721355619067282,phase_reversing_2,1171,1.403361344537815,0.16783216783216778,5.798611111111111,4.131944444444445,0.01757318402224646,-0.0005456201120410483,0.6966319796456968,77.00504815628935,True,0.9828123382368719
189,HPC,2232.44677734375,4.65884730770373,phase_reversing_2,1121,1.2644628099173552,0.11678832116788317,5.3125,4.201388888888889,0.01435096946548244,-0.0006867229340395413,0.7939146978800911,34.99654217042935,True,0.9828123382368719
180,HPC,2091.478271484375,4.554007418391443,phase_reversing_2,1127,1.2966101694915253,0.12915129151291513,5.3125,4.097222222222222,0.01027142024958779,-0.0007825036968610262,0.8879398793145099,132.6780361828844,True,0.9954579865729282
139,HPC,1667.00732421875,4.516818929352368,phase_reversing_2,1123,1.4210526315789476,0.17391304347826092,5.625,3.958333333333333,0.04766114971225121,0.0013823441804781988,0.07797996907339545,327.3637975724223,True,0.8266445182489788
186,HPC,2220.048583984375,4.302391684041955,phase_reversing_2,1018,1.4466019417475726,0.1825396825396825,5.173611111111111,3.576388888888889,0.014109607947393445,-0.0007840073794642352,0.816625171140178,301.7720759613067,True,0.9828123382368719
166,HPC,2027.255126953125,4.067392083092905,phase_reversing_2,981,1.4020618556701032,0.16738197424892706,4.722222222222222,3.3680555555555554,0.042369860397881605,0.0007766287487789717,0.17187481071484773,352.7037843045043,True,0.8593740535742387
135,HPC,1611.0538330078125,3.8767021712116887,phase_reversing_2,1021,1.425742574257426,0.17551020408163268,5.0,3.506944444444444,0.010118969718951933,-0.0008778982228581367,0.9007790190490962,146.85370795875642,True,0.9954579865729282
131,HPC,1566.087158203125,3.873537193421129,phase_reversing_2,955,1.2959183673469388,0.12888888888888891,4.409722222222222,3.4027777777777777,0.028580717181482973,-0.00023050439009375293,0.4584749060954317,52.226007088748545,True,0.9828123382368719
80,HPC,1105.8084716796875,3.7702797930041223,phase_reversing_2,953,1.8157894736842106,0.28971962616822433,4.791666666666667,2.638888888888889,0.023116446090259323,-0.0005154887751142816,0.6010629637604543,350.9088618356971,True,0.9828123382368719
119,HPC,1459.12548828125,3.6448675480531985,phase_reversing_2,1025,1.3084112149532712,0.13360323886639683,4.861111111111112,3.7152777777777777,0.02922861491862383,-0.00012141628094460015,0.4166829697586594,68.45373969719377,True,0.9828123382368719
83,HPC,1176.2711181640625,3.6278557924289405,phase_reversing_2,908,1.5168539325842698,0.20535714285714288,4.6875,3.0902777777777777,0.06246444179149456,0.0028035725373729828,0.02888746923543649,32.05955009363896,True,0.8266445182489788
147,HPC,1748.5361328125,3.5582262810366294,phase_reversing_2,812,1.475,0.19191919191919196,4.097222222222222,2.7777777777777777,0.03182291567685313,-0.00021909895772256822,0.43954612565994083,59.4164729196653,True,0.9828123382368719
106,HPC,1364.9876708984375,3.545961992098211,phase_reversing_2,816,1.5194805194805197,0.20618556701030935,4.0625,2.6736111111111107,0.021801449070781763,-0.0007511074893569485,0.6786458232888094,198.8725682747082,True,0.9828123382368719
95,HPC,1286.162841796875,3.543983880979111,phase_reversing_2,830,1.4935064935064934,0.19791666666666666,3.9930555555555554,2.673611111111111,0.05572373852515712,0.0019026080569754717,0.07594767788562203,209.28636500154494,True,0.8266445182489788
199,HPC,2478.93896484375,3.5036304141494763,phase_reversing_2,865,1.5125000000000002,0.20398009950248763,4.201388888888889,2.7777777777777777,0.045206335589290096,0.0008885706625705573,0.1707411981949014,334.0658767295869,True,0.8593740535742387
125,HPC,1475.7177734375,3.31531423561118,phase_reversing_2,785,1.6388888888888888,0.24210526315789474,4.097222222222222,2.5,0.03631399937321042,4.487837005721757e-05,0.35527378622584727,102.21230800594687,True,0.9828123382368719
171,HPC,2033.68896484375,3.294346257748723,phase_reversing_2,732,1.5735294117647058,0.2228571428571428,3.7152777777777777,2.361111111111111,0.08073448037763492,0.005158983895474415,0.008431803137381727,23.01621519807394,True,0.8266445182489788
146,HPC,1746.5018310546875,3.210474346298893,phase_reversing_2,682,1.537313432835821,0.21176470588235294,3.576388888888889,2.326388888888889,0.024749980103730886,-0.0008549677631099546,0.6586751874854206,351.30338164149873,True,0.9828123382368719
94,HPC,1306.9345703125,3.0122676121650986,phase_reversing_2,784,1.382716049382716,0.16062176165803108,3.888888888888889,2.8125,0.031445788647356615,-0.0002870387012197826,0.4607286733475018,124.3296567892973,True,0.9828123382368719
161,HPC,1969.720458984375,2.792697277945026,phase_reversing_2,631,1.5081967213114758,0.2026143790849674,3.1944444444444446,2.1180555555555554,0.037281057415802996,-0.00019521819090874241,0.4161862618351237,310.5396659122759,True,0.9828123382368719
127,HPC,1473.04736328125,2.76223436671089,phase_reversing_2,627,1.586206896551724,0.22666666666666666,3.194444444444444,2.013888888888889,0.008661805345470203,-0.001522297366381077,0.9540823930556009,280.609283668017,True,0.9959858206119422
81,HPC,1149.5631103515625,2.717924677643056,phase_reversing_2,674,1.2816901408450703,0.12345679012345674,3.159722222222222,2.4652777777777777,0.04047653753060192,0.00015490038777746872,0.33158170014132426,259.96729013991785,True,0.9828123382368719
176,HPC,2078.0791015625,2.6949785886614985,phase_reversing_2,662,1.357142857142857,0.1515151515151515,3.2986111111111107,2.4305555555555554,0.027906254908594212,-0.0007329220881671461,0.5973514794679063,212.30971882042004,True,0.9828123382368719
110,HPC,1414.1494140625,2.6475039218031045,phase_reversing_2,660,1.540983606557377,0.21290322580645157,3.2638888888888884,2.1180555555555554,0.03182313463976396,-0.0005032020441906529,0.5127059457945704,272.22426399498625,True,0.9828123382368719
198,HPC,2449.637939453125,2.3895582318724973,phase_reversing_2,605,1.6603773584905663,0.24822695035460998,3.055555555555556,1.8402777777777777,0.0268783958090634,-0.0009319848715769048,0.6461012931830117,319.63634773923224,True,0.9828123382368719
111,HPC,1396.742431640625,2.2692890758312325,phase_reversing_2,347,1.793103448275862,0.28395061728395066,1.8055555555555556,1.0069444444444444,0.02535773781384886,-0.0022453001188975216,0.8002422063193574,99.5074150893482,True,0.9828123382368719
144,HPC,1693.172119140625,2.234869942358897,phase_reversing_2,532,1.54,0.21259842519685038,2.673611111111111,1.7361111111111112,0.03548904271533939,-0.0006213951312300755,0.5119027808779967,351.59263022438967,True,0.9828123382368719
140,HPC,1646.671142578125,2.181460942143204,phase_reversing_2,592,1.5454545454545456,0.21428571428571433,2.951388888888889,1.909722222222222,0.06433185945080533,0.0024535434502804014,0.08624955460813588,277.08507973171487,True,0.8266445182489788
201,HPC,2508.2275390625,2.116183275212912,phase_reversing_2,496,1.8333333333333337,0.2941176470588236,3.055555555555556,1.6666666666666665,0.07786103890595131,0.0040543865136140915,0.04936811570243127,178.52484114454217,True,0.8266445182489788
91,HPC,1268.5537109375,2.0916546973360752,phase_reversing_2,487,1.7209302325581397,0.264957264957265,2.5694444444444446,1.4930555555555556,0.025737829033716835,-0.001393814288640692,0.724460052050451,235.301864889938,True,0.9828123382368719
96,HPC,1344.404052734375,2.0236076748390435,phase_reversing_2,540,1.6470588235294115,0.24444444444444438,2.9166666666666665,1.7708333333333335,0.03806851644819749,-0.0004033869201001695,0.45742906200145605,359.71575372094077,True,0.9828123382368719
104,HPC,1370.7872314453125,1.6635914511628893,phase_reversing_2,394,1.6666666666666665,0.24999999999999994,2.083333333333333,1.25,0.05597652080024743,0.0005968145727094409,0.29114078323232984,182.37876605355828,True,0.9828123382368719
197,HPC,2423.4501953125,1.6394584955098723,phase_reversing_2,414,1.5789473684210529,0.2244897959183674,2.0833333333333335,1.3194444444444444,0.060108332329350464,0.0012004523215062323,0.2241743674083983,191.0090348588359,True,0.9694026698741548
82,HPC,1147.5198974609375,1.555190961836223,phase_reversing_2,392,1.487179487179487,0.19587628865979378,2.013888888888889,1.3541666666666667,0.025928092890242876,-0.0018835594057221873,0.7685599548830676,71.9909394855963,True,0.9828123382368719
84,HPC,1173.6036376953125,1.4697365614911138,phase_reversing_2,368,1.5999999999999996,0.23076923076923064,1.9444444444444442,1.215277777777778,0.06605365626422374,0.0016501783819100233,0.20085240810900118,74.06981098217726,True,0.9528828963137459
116,HPC,1466.636474609375,1.435713050242598,phase_reversing_2,392,1.6000000000000003,0.23076923076923087,1.9444444444444446,1.2152777777777777,0.02689660496824556,-0.0018322672003667573,0.7533138169180176,254.67870199512956,True,0.9828123382368719
177,HPC,2073.6142578125,1.4024807834417223,phase_reversing_2,324,1.5161290322580647,0.2051282051282052,1.6319444444444446,1.0763888888888888,0.026688853723040598,-0.0023814750717394617,0.7941611532986316,11.669211260795294,True,0.9828123382368719
167,HPC,2027.8082275390625,1.2687604717905794,phase_reversing_2,278,2.1999999999999997,0.37499999999999994,1.5277777777777777,0.6944444444444444,0.09258403222613279,0.004992639857268547,0.09220103208316939,26.215778857016307,True,0.8266445182489788
78,HPC,1107.63916015625,1.1338532934679764,phase_reversing_2,266,2.388888888888889,0.40983606557377056,1.4930555555555556,0.625,0.1184345216909587,0.010306082101480001,0.0238203843762088,315.7429574506692,True,0.8266445182489788
100,HPC,1348.2078857421875,0.773837069791822,phase_reversing_2,195,1.7058823529411766,0.26086956521739135,1.0069444444444444,0.5902777777777777,0.010822632770182104,-0.005036906035488387,0.9774750830409342,109.75991246336194,False,0.9983088897468322
178,HPC,2103.47509765625,0.21126226751985325,phase_reversing_2,28,inf,1.0,0.2777777777777778,0.0,0.32868641718634634,0.074999011244382,0.04718389170446667,310.2292083434319,False,0.8266445182489788
200,HPC,2553.99560546875,0.08901500035948873,phase_reversing_2,14,inf,1.0,0.1388888888888889,0.0,0.2555135934838332,-0.006613788433053704,0.40805413381974287,144.43078881223994,False,0.9828123382368719
